2025-08-30 12:51:41 [background-preinit] INFO  o.h.validator.internal.util.Version - HV000001: Hibernate Validator 8.0.2.Final
2025-08-30 12:51:41 [restartedMain] INFO  c.e.backend.PublicidadWebApplication - Starting PublicidadWebApplication using Java 21.0.6 with PID 22884 (C:\Users\jonii\OneDrive\Escritorio\Proyectos\MONOLITOS\SISTEMA DE PUBLICIDAD\Publicidad-Web\BackendPublicacionWeb\publicacionWeb\target\classes started by jonii in C:\Users\jonii\OneDrive\Escritorio\Proyectos\MONOLITOS\SISTEMA DE PUBLICIDAD\Publicidad-Web\BackendPublicacionWeb)
2025-08-30 12:51:41 [restartedMain] INFO  c.e.backend.PublicidadWebApplication - The following 1 profile is active: "dev"
2025-08-30 12:51:41 [restartedMain] INFO  o.s.b.d.e.DevToolsPropertyDefaultsPostProcessor - Devtools property defaults active! Set 'spring.devtools.add-properties' to 'false' to disable
2025-08-30 12:51:41 [restartedMain] INFO  o.s.b.d.e.DevToolsPropertyDefaultsPostProcessor - For additional web related logging consider setting the 'logging.level.web' property to 'DEBUG'
2025-08-30 12:51:42 [restartedMain] WARN  o.s.b.w.s.c.AnnotationConfigServletWebServerApplicationContext - Exception encountered during context initialization - cancelling refresh attempt: org.springframework.beans.factory.BeanDefinitionStoreException: Failed to process import candidates for configuration class [com.example.backend.PublicidadWebApplication]: Error processing condition on org.springframework.boot.autoconfigure.mail.MailSenderAutoConfiguration
2025-08-30 12:51:42 [restartedMain] INFO  o.s.b.a.l.ConditionEvaluationReportLogger - 

Error starting ApplicationContext. To display the condition evaluation report re-run your application with 'debug' enabled.
2025-08-30 12:51:43 [restartedMain] ERROR o.s.boot.SpringApplication - Application run failed
org.springframework.beans.factory.BeanDefinitionStoreException: Failed to process import candidates for configuration class [com.example.backend.PublicidadWebApplication]: Error processing condition on org.springframework.boot.autoconfigure.mail.MailSenderAutoConfiguration
	at org.springframework.context.annotation.ConfigurationClassParser.processImports(ConfigurationClassParser.java:627)
	at org.springframework.context.annotation.ConfigurationClassParser$DeferredImportSelectorGroupingHandler.lambda$processGroupImports$1(ConfigurationClassParser.java:850)
	at java.base/java.lang.Iterable.forEach(Iterable.java:75)
	at org.springframework.context.annotation.ConfigurationClassParser$DeferredImportSelectorGroupingHandler.processGroupImports(ConfigurationClassParser.java:847)
	at org.springframework.context.annotation.ConfigurationClassParser$DeferredImportSelectorHandler.process(ConfigurationClassParser.java:817)
	at org.springframework.context.annotation.ConfigurationClassParser.parse(ConfigurationClassParser.java:198)
	at org.springframework.context.annotation.ConfigurationClassPostProcessor.processConfigBeanDefinitions(ConfigurationClassPostProcessor.java:418)
	at org.springframework.context.annotation.ConfigurationClassPostProcessor.postProcessBeanDefinitionRegistry(ConfigurationClassPostProcessor.java:290)
	at org.springframework.context.support.PostProcessorRegistrationDelegate.invokeBeanDefinitionRegistryPostProcessors(PostProcessorRegistrationDelegate.java:349)
	at org.springframework.context.support.PostProcessorRegistrationDelegate.invokeBeanFactoryPostProcessors(PostProcessorRegistrationDelegate.java:118)
	at org.springframework.context.support.AbstractApplicationContext.invokeBeanFactoryPostProcessors(AbstractApplicationContext.java:791)
	at org.springframework.context.support.AbstractApplicationContext.refresh(AbstractApplicationContext.java:609)
	at org.springframework.boot.web.servlet.context.ServletWebServerApplicationContext.refresh(ServletWebServerApplicationContext.java:146)
	at org.springframework.boot.SpringApplication.refresh(SpringApplication.java:752)
	at org.springframework.boot.SpringApplication.refreshContext(SpringApplication.java:439)
	at org.springframework.boot.SpringApplication.run(SpringApplication.java:318)
	at org.springframework.boot.SpringApplication.run(SpringApplication.java:1361)
	at org.springframework.boot.SpringApplication.run(SpringApplication.java:1350)
	at com.example.backend.PublicidadWebApplication.main(PublicidadWebApplication.java:17)
	at java.base/jdk.internal.reflect.DirectMethodHandleAccessor.invoke(DirectMethodHandleAccessor.java:103)
	at java.base/java.lang.reflect.Method.invoke(Method.java:580)
	at org.springframework.boot.devtools.restart.RestartLauncher.run(RestartLauncher.java:50)
Caused by: java.lang.IllegalStateException: Error processing condition on org.springframework.boot.autoconfigure.mail.MailSenderAutoConfiguration
	at org.springframework.boot.autoconfigure.condition.SpringBootCondition.matches(SpringBootCondition.java:60)
	at org.springframework.context.annotation.ConditionEvaluator.shouldSkip(ConditionEvaluator.java:99)
	at org.springframework.context.annotation.ConfigurationClassParser.processConfigurationClass(ConfigurationClassParser.java:247)
	at org.springframework.context.annotation.ConfigurationClassParser.processImports(ConfigurationClassParser.java:617)
	... 21 common frames omitted
Caused by: org.springframework.util.PlaceholderResolutionException: Could not resolve placeholder 'MAIL_HOST' in value "${MAIL_HOST}"
	at org.springframework.util.PlaceholderResolutionException.withValue(PlaceholderResolutionException.java:81)
	at org.springframework.util.PlaceholderParser$ParsedValue.resolve(PlaceholderParser.java:423)
	at org.springframework.util.PlaceholderParser.replacePlaceholders(PlaceholderParser.java:128)
	at org.springframework.util.PropertyPlaceholderHelper.parseStringValue(PropertyPlaceholderHelper.java:118)
	at org.springframework.util.PropertyPlaceholderHelper.replacePlaceholders(PropertyPlaceholderHelper.java:114)
	at org.springframework.core.env.AbstractPropertyResolver.doResolvePlaceholders(AbstractPropertyResolver.java:293)
	at org.springframework.core.env.AbstractPropertyResolver.resolveRequiredPlaceholders(AbstractPropertyResolver.java:264)
	at org.springframework.core.env.AbstractPropertyResolver.resolveNestedPlaceholders(AbstractPropertyResolver.java:284)
	at org.springframework.boot.context.properties.source.ConfigurationPropertySourcesPropertyResolver.getProperty(ConfigurationPropertySourcesPropertyResolver.java:81)
	at org.springframework.boot.context.properties.source.ConfigurationPropertySourcesPropertyResolver.getProperty(ConfigurationPropertySourcesPropertyResolver.java:62)
	at org.springframework.core.env.AbstractEnvironment.getProperty(AbstractEnvironment.java:555)
	at org.springframework.boot.autoconfigure.condition.OnPropertyCondition$Spec.collectProperties(OnPropertyCondition.java:160)
	at org.springframework.boot.autoconfigure.condition.OnPropertyCondition.determineOutcome(OnPropertyCondition.java:102)
	at org.springframework.boot.autoconfigure.condition.OnPropertyCondition.getMatchOutcome(OnPropertyCondition.java:60)
	at org.springframework.boot.autoconfigure.condition.AbstractNestedCondition$MemberOutcomes.getConditionOutcome(AbstractNestedCondition.java:195)
	at org.springframework.boot.autoconfigure.condition.AbstractNestedCondition$MemberOutcomes.<init>(AbstractNestedCondition.java:189)
	at org.springframework.boot.autoconfigure.condition.AbstractNestedCondition$MemberConditions.lambda$getMatchOutcomes$0(AbstractNestedCondition.java:169)
	at java.base/java.util.LinkedHashMap.forEach(LinkedHashMap.java:986)
	at org.springframework.util.MultiValueMapAdapter.forEach(MultiValueMapAdapter.java:179)
	at java.base/java.util.Collections$UnmodifiableMap.forEach(Collections.java:1707)
	at org.springframework.boot.autoconfigure.condition.AbstractNestedCondition$MemberConditions.getMatchOutcomes(AbstractNestedCondition.java:169)
	at org.springframework.boot.autoconfigure.condition.AbstractNestedCondition$MemberMatchOutcomes.<init>(AbstractNestedCondition.java:78)
	at org.springframework.boot.autoconfigure.condition.AbstractNestedCondition.getMatchOutcome(AbstractNestedCondition.java:63)
	at org.springframework.boot.autoconfigure.condition.SpringBootCondition.matches(SpringBootCondition.java:47)
	... 24 common frames omitted
2025-08-30 12:52:22 [background-preinit] INFO  o.h.validator.internal.util.Version - HV000001: Hibernate Validator 8.0.2.Final
2025-08-30 12:52:22 [restartedMain] INFO  c.e.backend.PublicidadWebApplication - Starting PublicidadWebApplication using Java 21.0.6 with PID 21472 (C:\Users\jonii\OneDrive\Escritorio\Proyectos\MONOLITOS\SISTEMA DE PUBLICIDAD\Publicidad-Web\BackendPublicacionWeb\publicacionWeb\target\classes started by jonii in C:\Users\jonii\OneDrive\Escritorio\Proyectos\MONOLITOS\SISTEMA DE PUBLICIDAD\Publicidad-Web\BackendPublicacionWeb)
2025-08-30 12:52:22 [restartedMain] INFO  c.e.backend.PublicidadWebApplication - The following 1 profile is active: "dev"
2025-08-30 12:52:22 [restartedMain] INFO  o.s.b.d.e.DevToolsPropertyDefaultsPostProcessor - Devtools property defaults active! Set 'spring.devtools.add-properties' to 'false' to disable
2025-08-30 12:52:22 [restartedMain] INFO  o.s.b.d.e.DevToolsPropertyDefaultsPostProcessor - For additional web related logging consider setting the 'logging.level.web' property to 'DEBUG'
2025-08-30 12:52:24 [restartedMain] WARN  o.s.b.w.s.c.AnnotationConfigServletWebServerApplicationContext - Exception encountered during context initialization - cancelling refresh attempt: org.springframework.beans.factory.BeanDefinitionStoreException: Failed to process import candidates for configuration class [com.example.backend.PublicidadWebApplication]: Error processing condition on org.springframework.boot.autoconfigure.mail.MailSenderAutoConfiguration
2025-08-30 12:52:24 [restartedMain] INFO  o.s.b.a.l.ConditionEvaluationReportLogger - 

Error starting ApplicationContext. To display the condition evaluation report re-run your application with 'debug' enabled.
2025-08-30 12:52:24 [restartedMain] ERROR o.s.boot.SpringApplication - Application run failed
org.springframework.beans.factory.BeanDefinitionStoreException: Failed to process import candidates for configuration class [com.example.backend.PublicidadWebApplication]: Error processing condition on org.springframework.boot.autoconfigure.mail.MailSenderAutoConfiguration
	at org.springframework.context.annotation.ConfigurationClassParser.processImports(ConfigurationClassParser.java:627)
	at org.springframework.context.annotation.ConfigurationClassParser$DeferredImportSelectorGroupingHandler.lambda$processGroupImports$1(ConfigurationClassParser.java:850)
	at java.base/java.lang.Iterable.forEach(Iterable.java:75)
	at org.springframework.context.annotation.ConfigurationClassParser$DeferredImportSelectorGroupingHandler.processGroupImports(ConfigurationClassParser.java:847)
	at org.springframework.context.annotation.ConfigurationClassParser$DeferredImportSelectorHandler.process(ConfigurationClassParser.java:817)
	at org.springframework.context.annotation.ConfigurationClassParser.parse(ConfigurationClassParser.java:198)
	at org.springframework.context.annotation.ConfigurationClassPostProcessor.processConfigBeanDefinitions(ConfigurationClassPostProcessor.java:418)
	at org.springframework.context.annotation.ConfigurationClassPostProcessor.postProcessBeanDefinitionRegistry(ConfigurationClassPostProcessor.java:290)
	at org.springframework.context.support.PostProcessorRegistrationDelegate.invokeBeanDefinitionRegistryPostProcessors(PostProcessorRegistrationDelegate.java:349)
	at org.springframework.context.support.PostProcessorRegistrationDelegate.invokeBeanFactoryPostProcessors(PostProcessorRegistrationDelegate.java:118)
	at org.springframework.context.support.AbstractApplicationContext.invokeBeanFactoryPostProcessors(AbstractApplicationContext.java:791)
	at org.springframework.context.support.AbstractApplicationContext.refresh(AbstractApplicationContext.java:609)
	at org.springframework.boot.web.servlet.context.ServletWebServerApplicationContext.refresh(ServletWebServerApplicationContext.java:146)
	at org.springframework.boot.SpringApplication.refresh(SpringApplication.java:752)
	at org.springframework.boot.SpringApplication.refreshContext(SpringApplication.java:439)
	at org.springframework.boot.SpringApplication.run(SpringApplication.java:318)
	at org.springframework.boot.SpringApplication.run(SpringApplication.java:1361)
	at org.springframework.boot.SpringApplication.run(SpringApplication.java:1350)
	at com.example.backend.PublicidadWebApplication.main(PublicidadWebApplication.java:17)
	at java.base/jdk.internal.reflect.DirectMethodHandleAccessor.invoke(DirectMethodHandleAccessor.java:103)
	at java.base/java.lang.reflect.Method.invoke(Method.java:580)
	at org.springframework.boot.devtools.restart.RestartLauncher.run(RestartLauncher.java:50)
Caused by: java.lang.IllegalStateException: Error processing condition on org.springframework.boot.autoconfigure.mail.MailSenderAutoConfiguration
	at org.springframework.boot.autoconfigure.condition.SpringBootCondition.matches(SpringBootCondition.java:60)
	at org.springframework.context.annotation.ConditionEvaluator.shouldSkip(ConditionEvaluator.java:99)
	at org.springframework.context.annotation.ConfigurationClassParser.processConfigurationClass(ConfigurationClassParser.java:247)
	at org.springframework.context.annotation.ConfigurationClassParser.processImports(ConfigurationClassParser.java:617)
	... 21 common frames omitted
Caused by: org.springframework.util.PlaceholderResolutionException: Could not resolve placeholder 'MAIL_HOST' in value "${MAIL_HOST}"
	at org.springframework.util.PlaceholderResolutionException.withValue(PlaceholderResolutionException.java:81)
	at org.springframework.util.PlaceholderParser$ParsedValue.resolve(PlaceholderParser.java:423)
	at org.springframework.util.PlaceholderParser.replacePlaceholders(PlaceholderParser.java:128)
	at org.springframework.util.PropertyPlaceholderHelper.parseStringValue(PropertyPlaceholderHelper.java:118)
	at org.springframework.util.PropertyPlaceholderHelper.replacePlaceholders(PropertyPlaceholderHelper.java:114)
	at org.springframework.core.env.AbstractPropertyResolver.doResolvePlaceholders(AbstractPropertyResolver.java:293)
	at org.springframework.core.env.AbstractPropertyResolver.resolveRequiredPlaceholders(AbstractPropertyResolver.java:264)
	at org.springframework.core.env.AbstractPropertyResolver.resolveNestedPlaceholders(AbstractPropertyResolver.java:284)
	at org.springframework.boot.context.properties.source.ConfigurationPropertySourcesPropertyResolver.getProperty(ConfigurationPropertySourcesPropertyResolver.java:81)
	at org.springframework.boot.context.properties.source.ConfigurationPropertySourcesPropertyResolver.getProperty(ConfigurationPropertySourcesPropertyResolver.java:62)
	at org.springframework.core.env.AbstractEnvironment.getProperty(AbstractEnvironment.java:555)
	at org.springframework.boot.autoconfigure.condition.OnPropertyCondition$Spec.collectProperties(OnPropertyCondition.java:160)
	at org.springframework.boot.autoconfigure.condition.OnPropertyCondition.determineOutcome(OnPropertyCondition.java:102)
	at org.springframework.boot.autoconfigure.condition.OnPropertyCondition.getMatchOutcome(OnPropertyCondition.java:60)
	at org.springframework.boot.autoconfigure.condition.AbstractNestedCondition$MemberOutcomes.getConditionOutcome(AbstractNestedCondition.java:195)
	at org.springframework.boot.autoconfigure.condition.AbstractNestedCondition$MemberOutcomes.<init>(AbstractNestedCondition.java:189)
	at org.springframework.boot.autoconfigure.condition.AbstractNestedCondition$MemberConditions.lambda$getMatchOutcomes$0(AbstractNestedCondition.java:169)
	at java.base/java.util.LinkedHashMap.forEach(LinkedHashMap.java:986)
	at org.springframework.util.MultiValueMapAdapter.forEach(MultiValueMapAdapter.java:179)
	at java.base/java.util.Collections$UnmodifiableMap.forEach(Collections.java:1707)
	at org.springframework.boot.autoconfigure.condition.AbstractNestedCondition$MemberConditions.getMatchOutcomes(AbstractNestedCondition.java:169)
	at org.springframework.boot.autoconfigure.condition.AbstractNestedCondition$MemberMatchOutcomes.<init>(AbstractNestedCondition.java:78)
	at org.springframework.boot.autoconfigure.condition.AbstractNestedCondition.getMatchOutcome(AbstractNestedCondition.java:63)
	at org.springframework.boot.autoconfigure.condition.SpringBootCondition.matches(SpringBootCondition.java:47)
	... 24 common frames omitted
2025-08-30 12:53:34 [background-preinit] INFO  o.h.validator.internal.util.Version - HV000001: Hibernate Validator 8.0.2.Final
2025-08-30 12:53:35 [restartedMain] INFO  c.e.backend.PublicidadWebApplication - Starting PublicidadWebApplication using Java 21.0.6 with PID 2780 (C:\Users\jonii\OneDrive\Escritorio\Proyectos\MONOLITOS\SISTEMA DE PUBLICIDAD\Publicidad-Web\BackendPublicacionWeb\publicacionWeb\target\classes started by jonii in C:\Users\jonii\OneDrive\Escritorio\Proyectos\MONOLITOS\SISTEMA DE PUBLICIDAD\Publicidad-Web\BackendPublicacionWeb)
2025-08-30 12:53:35 [restartedMain] INFO  c.e.backend.PublicidadWebApplication - The following 1 profile is active: "dev"
2025-08-30 12:53:35 [restartedMain] INFO  o.s.b.d.e.DevToolsPropertyDefaultsPostProcessor - Devtools property defaults active! Set 'spring.devtools.add-properties' to 'false' to disable
2025-08-30 12:53:35 [restartedMain] INFO  o.s.b.d.e.DevToolsPropertyDefaultsPostProcessor - For additional web related logging consider setting the 'logging.level.web' property to 'DEBUG'
2025-08-30 12:53:37 [restartedMain] INFO  o.s.d.r.c.RepositoryConfigurationDelegate - Bootstrapping Spring Data JPA repositories in DEFAULT mode.
2025-08-30 12:53:37 [restartedMain] INFO  o.s.d.r.c.RepositoryConfigurationDelegate - Finished Spring Data repository scanning in 206 ms. Found 7 JPA repository interfaces.
2025-08-30 12:53:38 [restartedMain] INFO  o.s.b.w.e.tomcat.TomcatWebServer - Tomcat initialized with port 8080 (http)
2025-08-30 12:53:38 [restartedMain] INFO  o.a.coyote.http11.Http11NioProtocol - Initializing ProtocolHandler ["http-nio-8080"]
2025-08-30 12:53:38 [restartedMain] INFO  o.a.catalina.core.StandardService - Starting service [Tomcat]
2025-08-30 12:53:38 [restartedMain] INFO  o.a.catalina.core.StandardEngine - Starting Servlet engine: [Apache Tomcat/10.1.43]
2025-08-30 12:53:38 [restartedMain] INFO  o.a.c.c.C.[Tomcat].[localhost].[/] - Initializing Spring embedded WebApplicationContext
2025-08-30 12:53:38 [restartedMain] INFO  o.s.b.w.s.c.ServletWebServerApplicationContext - Root WebApplicationContext: initialization completed in 3624 ms
2025-08-30 12:53:39 [restartedMain] INFO  o.h.jpa.internal.util.LogHelper - HHH000204: Processing PersistenceUnitInfo [name: default]
2025-08-30 12:53:39 [restartedMain] INFO  org.hibernate.Version - HHH000412: Hibernate ORM core version 6.6.22.Final
2025-08-30 12:53:39 [restartedMain] INFO  o.h.c.i.RegionFactoryInitiator - HHH000026: Second-level cache disabled
2025-08-30 12:53:39 [restartedMain] INFO  o.s.o.j.p.SpringPersistenceUnitInfo - No LoadTimeWeaver setup: ignoring JPA class transformer
2025-08-30 12:53:39 [restartedMain] INFO  com.zaxxer.hikari.HikariDataSource - HikariPool-1 - Starting...
2025-08-30 12:53:40 [restartedMain] INFO  com.zaxxer.hikari.pool.HikariPool - HikariPool-1 - Added connection com.mysql.cj.jdbc.ConnectionImpl@58ebe5d7
2025-08-30 12:53:40 [restartedMain] INFO  com.zaxxer.hikari.HikariDataSource - HikariPool-1 - Start completed.
2025-08-30 12:53:40 [restartedMain] WARN  org.hibernate.orm.deprecation - HHH90000025: MySQL8Dialect does not need to be specified explicitly using 'hibernate.dialect' (remove the property setting and it will be selected by default)
2025-08-30 12:53:40 [restartedMain] WARN  org.hibernate.orm.deprecation - HHH90000026: MySQL8Dialect has been deprecated; use org.hibernate.dialect.MySQLDialect instead
2025-08-30 12:53:40 [restartedMain] INFO  o.hibernate.orm.connections.pooling - HHH10001005: Database info:
	Database JDBC URL [Connecting through datasource 'HikariDataSource (HikariPool-1)']
	Database driver: undefined/unknown
	Database version: 8.0
	Autocommit mode: undefined/unknown
	Isolation level: undefined/unknown
	Minimum pool size: undefined/unknown
	Maximum pool size: undefined/unknown
2025-08-30 12:53:41 [restartedMain] INFO  o.h.e.t.j.p.i.JtaPlatformInitiator - HHH000489: No JTA platform available (set 'hibernate.transaction.jta.platform' to enable JTA platform integration)
2025-08-30 12:53:41 [restartedMain] INFO  o.s.o.j.LocalContainerEntityManagerFactoryBean - Initialized JPA EntityManagerFactory for persistence unit 'default'
2025-08-30 12:53:42 [restartedMain] INFO  c.e.b.users.service.UserService - Ejecutando inserción de usuario ADMIN inicial...
2025-08-30 12:53:42 [restartedMain] INFO  c.e.b.users.service.UserService - Usuario ADMIN insertado correctamente (si no existía).
2025-08-30 12:53:42 [restartedMain] INFO  o.s.d.j.r.query.QueryEnhancerFactory - Hibernate is in classpath; If applicable, HQL parser will be used.
2025-08-30 12:53:44 [restartedMain] INFO  o.s.s.c.a.a.c.InitializeAuthenticationProviderBeanManagerConfigurer$InitializeAuthenticationProviderManagerConfigurer - Global AuthenticationManager configured with AuthenticationProvider bean with name authenticationProvider
2025-08-30 12:53:44 [restartedMain] WARN  o.s.s.c.a.a.c.InitializeUserDetailsBeanManagerConfigurer$InitializeUserDetailsManagerConfigurer - Global AuthenticationManager configured with an AuthenticationProvider bean. UserDetailsService beans will not be used by Spring Security for automatically configuring username/password login. Consider removing the AuthenticationProvider bean. Alternatively, consider using the UserDetailsService in a manually instantiated DaoAuthenticationProvider. If the current configuration is intentional, to turn off this warning, increase the logging level of 'org.springframework.security.config.annotation.authentication.configuration.InitializeUserDetailsBeanManagerConfigurer' to ERROR
2025-08-30 12:53:44 [restartedMain] WARN  o.s.b.a.o.j.JpaBaseConfiguration$JpaWebConfiguration - spring.jpa.open-in-view is enabled by default. Therefore, database queries may be performed during view rendering. Explicitly configure spring.jpa.open-in-view to disable this warning
2025-08-30 12:53:44 [restartedMain] WARN  o.s.w.s.r.ResourceHandlerUtils - Appended trailing slash to static resource location: file:///C:/Users/jonii/OneDrive/Escritorio/Proyectos/MONOLITOS/SISTEMA%20DE%20PUBLICIDAD/Publicidad-Web/BackendPublicacionWeb/uploads/
2025-08-30 12:53:45 [restartedMain] WARN  o.s.b.d.a.OptionalLiveReloadServer - Unable to start LiveReload server
2025-08-30 12:53:45 [restartedMain] INFO  o.a.coyote.http11.Http11NioProtocol - Starting ProtocolHandler ["http-nio-8080"]
2025-08-30 12:53:45 [restartedMain] INFO  o.s.b.w.e.tomcat.TomcatWebServer - Tomcat started on port 8080 (http) with context path '/'
2025-08-30 12:53:45 [restartedMain] INFO  c.e.backend.PublicidadWebApplication - Started PublicidadWebApplication in 11.199 seconds (process running for 11.996)
2025-08-30 12:54:00 [http-nio-8080-exec-2] INFO  o.a.c.c.C.[Tomcat].[localhost].[/] - Initializing Spring DispatcherServlet 'dispatcherServlet'
2025-08-30 12:54:00 [http-nio-8080-exec-2] INFO  o.s.web.servlet.DispatcherServlet - Initializing Servlet 'dispatcherServlet'
2025-08-30 12:54:00 [http-nio-8080-exec-2] INFO  o.s.web.servlet.DispatcherServlet - Completed initialization in 1 ms
2025-08-30 12:54:00 [http-nio-8080-exec-1] INFO  c.e.b.c.c.c.CategoryController - Petición recibida para listar todas las categorías
2025-08-30 12:54:00 [http-nio-8080-exec-1] INFO  c.e.b.c.service.CategoryService - Recuperando todas las categorías...
2025-08-30 12:54:00 [http-nio-8080-exec-1] INFO  c.e.b.c.s.i.GetAllCategories - → [GetAllCategories] Solicitud para obtener todas las categorías ordenadas por nombre
2025-08-30 12:54:00 [http-nio-8080-exec-1] INFO  c.e.b.c.s.i.GetAllCategories - ✓ [GetAllCategories] Se recuperaron 6 categorías
2025-08-30 12:54:00 [http-nio-8080-exec-1] INFO  c.e.b.c.service.CategoryService - Se recuperaron 6 categorías
2025-08-30 12:54:00 [http-nio-8080-exec-1] INFO  c.e.b.c.c.c.CategoryController - Se recuperaron 6 categorías
2025-08-30 12:54:00 [http-nio-8080-exec-2] INFO  c.e.b.p.c.c.ProviderController - → [ProviderController] Solicitud para listar proveedores paginados | page=0 | size=5
2025-08-30 12:54:00 [http-nio-8080-exec-2] INFO  c.e.b.p.service.ProviderService - → [ProviderService] Iniciando recuperación de prestadores | página=0 | size=5
2025-08-30 12:54:00 [http-nio-8080-exec-1] INFO  c.e.b.s.logging.RequestLoggingFilter - [GET] /api/categories/getAll -> 200 (163 ms)
2025-08-30 12:54:00 [http-nio-8080-exec-5] INFO  c.e.b.c.c.c.CategoryController - Petición recibida para listar todas las categorías
2025-08-30 12:54:00 [http-nio-8080-exec-5] INFO  c.e.b.c.service.CategoryService - Recuperando todas las categorías...
2025-08-30 12:54:00 [http-nio-8080-exec-5] INFO  c.e.b.c.s.i.GetAllCategories - → [GetAllCategories] Solicitud para obtener todas las categorías ordenadas por nombre
2025-08-30 12:54:00 [http-nio-8080-exec-5] INFO  c.e.b.c.s.i.GetAllCategories - ✓ [GetAllCategories] Se recuperaron 6 categorías
2025-08-30 12:54:00 [http-nio-8080-exec-5] INFO  c.e.b.c.service.CategoryService - Se recuperaron 6 categorías
2025-08-30 12:54:00 [http-nio-8080-exec-5] INFO  c.e.b.c.c.c.CategoryController - Se recuperaron 6 categorías
2025-08-30 12:54:00 [http-nio-8080-exec-5] INFO  c.e.b.s.logging.RequestLoggingFilter - [GET] /api/categories/getAll -> 200 (8 ms)
2025-08-30 12:54:00 [http-nio-8080-exec-2] INFO  c.e.b.p.service.ProviderService - ✓ [ProviderService] Recuperados 5 prestadores | página=0 de 3 | totalElements=13
2025-08-30 12:54:00 [http-nio-8080-exec-2] INFO  c.e.b.p.c.c.ProviderController - ✓ [ProviderController] Se recuperaron 5 proveedores en la página 0 de 3 (total elementos=13)
2025-08-30 12:54:00 [http-nio-8080-exec-2] WARN  o.s.d.w.c.SpringDataJacksonConfiguration$PageModule$WarningLoggingModifier - Serializing PageImpl instances as-is is not supported, meaning that there is no guarantee about the stability of the resulting JSON structure!
	For a stable JSON structure, please use Spring Data's PagedModel (globally via @EnableSpringDataWebSupport(pageSerializationMode = VIA_DTO))
	or Spring HATEOAS and Spring Data's PagedResourcesAssembler as documented in https://docs.spring.io/spring-data/commons/reference/repositories/core-extensions.html#core.web.pageables.

2025-08-30 12:54:00 [http-nio-8080-exec-2] INFO  c.e.b.s.logging.RequestLoggingFilter - [GET] /api/providers/paged -> 200 (203 ms)
2025-08-30 12:54:00 [http-nio-8080-exec-10] INFO  c.e.b.p.c.c.ProviderController - → [ProviderController] Solicitud para listar proveedores paginados | page=0 | size=5
2025-08-30 12:54:00 [http-nio-8080-exec-10] INFO  c.e.b.p.service.ProviderService - → [ProviderService] Iniciando recuperación de prestadores | página=0 | size=5
2025-08-30 12:54:00 [http-nio-8080-exec-10] INFO  c.e.b.p.service.ProviderService - ✓ [ProviderService] Recuperados 5 prestadores | página=0 de 3 | totalElements=13
2025-08-30 12:54:00 [http-nio-8080-exec-10] INFO  c.e.b.p.c.c.ProviderController - ✓ [ProviderController] Se recuperaron 5 proveedores en la página 0 de 3 (total elementos=13)
2025-08-30 12:54:00 [http-nio-8080-exec-10] INFO  c.e.b.s.logging.RequestLoggingFilter - [GET] /api/providers/paged -> 200 (35 ms)
2025-08-30 12:54:00 [http-nio-8080-exec-8] INFO  c.e.b.p.c.c.ProviderController - → [ProviderController] Solicitud para listar proveedores paginados | page=0 | size=5
2025-08-30 12:54:00 [http-nio-8080-exec-8] INFO  c.e.b.p.service.ProviderService - → [ProviderService] Iniciando recuperación de prestadores | página=0 | size=5
2025-08-30 12:54:00 [http-nio-8080-exec-8] INFO  c.e.b.p.service.ProviderService - ✓ [ProviderService] Recuperados 5 prestadores | página=0 de 3 | totalElements=13
2025-08-30 12:54:00 [http-nio-8080-exec-8] INFO  c.e.b.p.c.c.ProviderController - ✓ [ProviderController] Se recuperaron 5 proveedores en la página 0 de 3 (total elementos=13)
2025-08-30 12:54:00 [http-nio-8080-exec-8] INFO  c.e.b.s.logging.RequestLoggingFilter - [GET] /api/providers/paged -> 200 (34 ms)
2025-08-30 12:54:41 [http-nio-8080-exec-6] INFO  c.e.b.c.c.c.CategoryController - Petición recibida para listar todas las categorías
2025-08-30 12:54:41 [http-nio-8080-exec-6] INFO  c.e.b.c.service.CategoryService - Recuperando todas las categorías...
2025-08-30 12:54:41 [http-nio-8080-exec-6] INFO  c.e.b.c.s.i.GetAllCategories - → [GetAllCategories] Solicitud para obtener todas las categorías ordenadas por nombre
2025-08-30 12:54:41 [http-nio-8080-exec-9] INFO  c.e.b.p.c.c.ProviderController - → [ProviderController] Solicitud para listar proveedores paginados | page=0 | size=5
2025-08-30 12:54:41 [http-nio-8080-exec-9] INFO  c.e.b.p.service.ProviderService - → [ProviderService] Iniciando recuperación de prestadores | página=0 | size=5
2025-08-30 12:54:41 [http-nio-8080-exec-6] INFO  c.e.b.c.s.i.GetAllCategories - ✓ [GetAllCategories] Se recuperaron 6 categorías
2025-08-30 12:54:41 [http-nio-8080-exec-6] INFO  c.e.b.c.service.CategoryService - Se recuperaron 6 categorías
2025-08-30 12:54:41 [http-nio-8080-exec-6] INFO  c.e.b.c.c.c.CategoryController - Se recuperaron 6 categorías
2025-08-30 12:54:41 [http-nio-8080-exec-6] INFO  c.e.b.s.logging.RequestLoggingFilter - [GET] /api/categories/getAll -> 200 (12 ms)
2025-08-30 12:54:41 [http-nio-8080-exec-4] INFO  c.e.b.c.c.c.CategoryController - Petición recibida para listar todas las categorías
2025-08-30 12:54:41 [http-nio-8080-exec-4] INFO  c.e.b.c.service.CategoryService - Recuperando todas las categorías...
2025-08-30 12:54:41 [http-nio-8080-exec-4] INFO  c.e.b.c.s.i.GetAllCategories - → [GetAllCategories] Solicitud para obtener todas las categorías ordenadas por nombre
2025-08-30 12:54:41 [http-nio-8080-exec-4] INFO  c.e.b.c.s.i.GetAllCategories - ✓ [GetAllCategories] Se recuperaron 6 categorías
2025-08-30 12:54:41 [http-nio-8080-exec-4] INFO  c.e.b.c.service.CategoryService - Se recuperaron 6 categorías
2025-08-30 12:54:41 [http-nio-8080-exec-4] INFO  c.e.b.c.c.c.CategoryController - Se recuperaron 6 categorías
2025-08-30 12:54:41 [http-nio-8080-exec-4] INFO  c.e.b.s.logging.RequestLoggingFilter - [GET] /api/categories/getAll -> 200 (9 ms)
2025-08-30 12:54:41 [http-nio-8080-exec-9] INFO  c.e.b.p.service.ProviderService - ✓ [ProviderService] Recuperados 5 prestadores | página=0 de 3 | totalElements=13
2025-08-30 12:54:41 [http-nio-8080-exec-9] INFO  c.e.b.p.c.c.ProviderController - ✓ [ProviderController] Se recuperaron 5 proveedores en la página 0 de 3 (total elementos=13)
2025-08-30 12:54:41 [http-nio-8080-exec-9] INFO  c.e.b.s.logging.RequestLoggingFilter - [GET] /api/providers/paged -> 200 (41 ms)
2025-08-30 12:54:41 [http-nio-8080-exec-1] INFO  c.e.b.p.c.c.ProviderController - → [ProviderController] Solicitud para listar proveedores paginados | page=0 | size=5
2025-08-30 12:54:41 [http-nio-8080-exec-1] INFO  c.e.b.p.service.ProviderService - → [ProviderService] Iniciando recuperación de prestadores | página=0 | size=5
2025-08-30 12:54:41 [http-nio-8080-exec-1] INFO  c.e.b.p.service.ProviderService - ✓ [ProviderService] Recuperados 5 prestadores | página=0 de 3 | totalElements=13
2025-08-30 12:54:41 [http-nio-8080-exec-1] INFO  c.e.b.p.c.c.ProviderController - ✓ [ProviderController] Se recuperaron 5 proveedores en la página 0 de 3 (total elementos=13)
2025-08-30 12:54:41 [http-nio-8080-exec-1] INFO  c.e.b.s.logging.RequestLoggingFilter - [GET] /api/providers/paged -> 200 (30 ms)
2025-08-30 12:54:41 [http-nio-8080-exec-5] INFO  c.e.b.p.c.c.ProviderController - → [ProviderController] Solicitud para listar proveedores paginados | page=0 | size=5
2025-08-30 12:54:41 [http-nio-8080-exec-5] INFO  c.e.b.p.service.ProviderService - → [ProviderService] Iniciando recuperación de prestadores | página=0 | size=5
2025-08-30 12:54:41 [http-nio-8080-exec-5] INFO  c.e.b.p.service.ProviderService - ✓ [ProviderService] Recuperados 5 prestadores | página=0 de 3 | totalElements=13
2025-08-30 12:54:41 [http-nio-8080-exec-5] INFO  c.e.b.p.c.c.ProviderController - ✓ [ProviderController] Se recuperaron 5 proveedores en la página 0 de 3 (total elementos=13)
2025-08-30 12:54:41 [http-nio-8080-exec-5] INFO  c.e.b.s.logging.RequestLoggingFilter - [GET] /api/providers/paged -> 200 (32 ms)
2025-08-30 12:55:01 [http-nio-8080-exec-3] INFO  c.e.b.c.c.c.CategoryController - Petición recibida para listar todas las categorías
2025-08-30 12:55:01 [http-nio-8080-exec-3] INFO  c.e.b.c.service.CategoryService - Recuperando todas las categorías...
2025-08-30 12:55:01 [http-nio-8080-exec-3] INFO  c.e.b.c.s.i.GetAllCategories - → [GetAllCategories] Solicitud para obtener todas las categorías ordenadas por nombre
2025-08-30 12:55:01 [http-nio-8080-exec-6] INFO  c.e.b.p.c.c.ProviderController - → [ProviderController] Solicitud para listar proveedores paginados | page=0 | size=5
2025-08-30 12:55:01 [http-nio-8080-exec-6] INFO  c.e.b.p.service.ProviderService - → [ProviderService] Iniciando recuperación de prestadores | página=0 | size=5
2025-08-30 12:55:01 [http-nio-8080-exec-3] INFO  c.e.b.c.s.i.GetAllCategories - ✓ [GetAllCategories] Se recuperaron 6 categorías
2025-08-30 12:55:01 [http-nio-8080-exec-3] INFO  c.e.b.c.service.CategoryService - Se recuperaron 6 categorías
2025-08-30 12:55:01 [http-nio-8080-exec-3] INFO  c.e.b.c.c.c.CategoryController - Se recuperaron 6 categorías
2025-08-30 12:55:01 [http-nio-8080-exec-3] INFO  c.e.b.s.logging.RequestLoggingFilter - [GET] /api/categories/getAll -> 200 (19 ms)
2025-08-30 12:55:01 [http-nio-8080-exec-1] INFO  c.e.b.c.c.c.CategoryController - Petición recibida para listar todas las categorías
2025-08-30 12:55:01 [http-nio-8080-exec-1] INFO  c.e.b.c.service.CategoryService - Recuperando todas las categorías...
2025-08-30 12:55:01 [http-nio-8080-exec-1] INFO  c.e.b.c.s.i.GetAllCategories - → [GetAllCategories] Solicitud para obtener todas las categorías ordenadas por nombre
2025-08-30 12:55:01 [http-nio-8080-exec-1] INFO  c.e.b.c.s.i.GetAllCategories - ✓ [GetAllCategories] Se recuperaron 6 categorías
2025-08-30 12:55:01 [http-nio-8080-exec-1] INFO  c.e.b.c.service.CategoryService - Se recuperaron 6 categorías
2025-08-30 12:55:01 [http-nio-8080-exec-1] INFO  c.e.b.c.c.c.CategoryController - Se recuperaron 6 categorías
2025-08-30 12:55:01 [http-nio-8080-exec-1] INFO  c.e.b.s.logging.RequestLoggingFilter - [GET] /api/categories/getAll -> 200 (13 ms)
2025-08-30 12:55:01 [http-nio-8080-exec-6] INFO  c.e.b.p.service.ProviderService - ✓ [ProviderService] Recuperados 5 prestadores | página=0 de 3 | totalElements=13
2025-08-30 12:55:01 [http-nio-8080-exec-6] INFO  c.e.b.p.c.c.ProviderController - ✓ [ProviderController] Se recuperaron 5 proveedores en la página 0 de 3 (total elementos=13)
2025-08-30 12:55:01 [http-nio-8080-exec-6] INFO  c.e.b.s.logging.RequestLoggingFilter - [GET] /api/providers/paged -> 200 (49 ms)
2025-08-30 12:55:01 [http-nio-8080-exec-5] INFO  c.e.b.p.c.c.ProviderController - → [ProviderController] Solicitud para listar proveedores paginados | page=0 | size=5
2025-08-30 12:55:01 [http-nio-8080-exec-5] INFO  c.e.b.p.service.ProviderService - → [ProviderService] Iniciando recuperación de prestadores | página=0 | size=5
2025-08-30 12:55:01 [http-nio-8080-exec-5] INFO  c.e.b.p.service.ProviderService - ✓ [ProviderService] Recuperados 5 prestadores | página=0 de 3 | totalElements=13
2025-08-30 12:55:01 [http-nio-8080-exec-5] INFO  c.e.b.p.c.c.ProviderController - ✓ [ProviderController] Se recuperaron 5 proveedores en la página 0 de 3 (total elementos=13)
2025-08-30 12:55:01 [http-nio-8080-exec-5] INFO  c.e.b.s.logging.RequestLoggingFilter - [GET] /api/providers/paged -> 200 (35 ms)
2025-08-30 12:55:01 [http-nio-8080-exec-10] INFO  c.e.b.p.c.c.ProviderController - → [ProviderController] Solicitud para listar proveedores paginados | page=0 | size=5
2025-08-30 12:55:01 [http-nio-8080-exec-10] INFO  c.e.b.p.service.ProviderService - → [ProviderService] Iniciando recuperación de prestadores | página=0 | size=5
2025-08-30 12:55:01 [http-nio-8080-exec-10] INFO  c.e.b.p.service.ProviderService - ✓ [ProviderService] Recuperados 5 prestadores | página=0 de 3 | totalElements=13
2025-08-30 12:55:01 [http-nio-8080-exec-10] INFO  c.e.b.p.c.c.ProviderController - ✓ [ProviderController] Se recuperaron 5 proveedores en la página 0 de 3 (total elementos=13)
2025-08-30 12:55:01 [http-nio-8080-exec-10] INFO  c.e.b.s.logging.RequestLoggingFilter - [GET] /api/providers/paged -> 200 (28 ms)
2025-08-30 12:55:14 [http-nio-8080-exec-7] INFO  c.e.b.p.c.c.ProviderController - → [ProviderController] Solicitud para listar proveedores paginados | page=1 | size=5
2025-08-30 12:55:14 [http-nio-8080-exec-7] INFO  c.e.b.p.service.ProviderService - → [ProviderService] Iniciando recuperación de prestadores | página=1 | size=5
2025-08-30 12:55:14 [http-nio-8080-exec-7] INFO  c.e.b.p.service.ProviderService - ✓ [ProviderService] Recuperados 5 prestadores | página=1 de 3 | totalElements=13
2025-08-30 12:55:14 [http-nio-8080-exec-7] INFO  c.e.b.p.c.c.ProviderController - ✓ [ProviderController] Se recuperaron 5 proveedores en la página 1 de 3 (total elementos=13)
2025-08-30 12:55:14 [http-nio-8080-exec-7] INFO  c.e.b.s.logging.RequestLoggingFilter - [GET] /api/providers/paged -> 200 (26 ms)
2025-08-30 12:55:14 [http-nio-8080-exec-8] ERROR c.e.b.s.e.GlobalExceptionHandler - 🔥 Excepción no controlada: No static resource proveedores/ea3e7bb2-75d4-48b5-b219-fd802f035c4b.jpg.
org.springframework.web.servlet.resource.NoResourceFoundException: No static resource proveedores/ea3e7bb2-75d4-48b5-b219-fd802f035c4b.jpg.
	at org.springframework.web.servlet.resource.ResourceHttpRequestHandler.handleRequest(ResourceHttpRequestHandler.java:585)
	at org.springframework.web.servlet.mvc.HttpRequestHandlerAdapter.handle(HttpRequestHandlerAdapter.java:52)
	at org.springframework.web.servlet.DispatcherServlet.doDispatch(DispatcherServlet.java:1089)
	at org.springframework.web.servlet.DispatcherServlet.doService(DispatcherServlet.java:979)
	at org.springframework.web.servlet.FrameworkServlet.processRequest(FrameworkServlet.java:1014)
	at org.springframework.web.servlet.FrameworkServlet.doGet(FrameworkServlet.java:903)
	at jakarta.servlet.http.HttpServlet.service(HttpServlet.java:564)
	at org.springframework.web.servlet.FrameworkServlet.service(FrameworkServlet.java:885)
	at jakarta.servlet.http.HttpServlet.service(HttpServlet.java:658)
	at org.apache.catalina.core.ApplicationFilterChain.internalDoFilter(ApplicationFilterChain.java:195)
	at org.apache.catalina.core.ApplicationFilterChain.doFilter(ApplicationFilterChain.java:140)
	at org.apache.tomcat.websocket.server.WsFilter.doFilter(WsFilter.java:51)
	at org.apache.catalina.core.ApplicationFilterChain.internalDoFilter(ApplicationFilterChain.java:164)
	at org.apache.catalina.core.ApplicationFilterChain.doFilter(ApplicationFilterChain.java:140)
	at com.example.backend.shared.logging.RequestLoggingFilter.doFilterInternal(RequestLoggingFilter.java:29)
	at org.springframework.web.filter.OncePerRequestFilter.doFilter(OncePerRequestFilter.java:116)
	at org.apache.catalina.core.ApplicationFilterChain.internalDoFilter(ApplicationFilterChain.java:164)
	at org.apache.catalina.core.ApplicationFilterChain.doFilter(ApplicationFilterChain.java:140)
	at org.springframework.web.filter.OncePerRequestFilter.doFilter(OncePerRequestFilter.java:110)
	at org.apache.catalina.core.ApplicationFilterChain.internalDoFilter(ApplicationFilterChain.java:164)
	at org.apache.catalina.core.ApplicationFilterChain.doFilter(ApplicationFilterChain.java:140)
	at org.springframework.web.filter.CompositeFilter$VirtualFilterChain.doFilter(CompositeFilter.java:108)
	at org.springframework.web.filter.CompositeFilter$VirtualFilterChain.doFilter(CompositeFilter.java:108)
	at org.springframework.security.web.FilterChainProxy.lambda$doFilterInternal$3(FilterChainProxy.java:231)
	at org.springframework.security.web.FilterChainProxy$VirtualFilterChain.doFilter(FilterChainProxy.java:365)
	at org.springframework.security.web.access.intercept.AuthorizationFilter.doFilter(AuthorizationFilter.java:101)
	at org.springframework.security.web.FilterChainProxy$VirtualFilterChain.doFilter(FilterChainProxy.java:374)
	at org.springframework.security.web.access.ExceptionTranslationFilter.doFilter(ExceptionTranslationFilter.java:125)
	at org.springframework.security.web.access.ExceptionTranslationFilter.doFilter(ExceptionTranslationFilter.java:119)
	at org.springframework.security.web.FilterChainProxy$VirtualFilterChain.doFilter(FilterChainProxy.java:374)
	at org.springframework.security.web.session.SessionManagementFilter.doFilter(SessionManagementFilter.java:131)
	at org.springframework.security.web.session.SessionManagementFilter.doFilter(SessionManagementFilter.java:85)
	at org.springframework.security.web.FilterChainProxy$VirtualFilterChain.doFilter(FilterChainProxy.java:374)
	at org.springframework.security.web.authentication.AnonymousAuthenticationFilter.doFilter(AnonymousAuthenticationFilter.java:100)
	at org.springframework.security.web.FilterChainProxy$VirtualFilterChain.doFilter(FilterChainProxy.java:374)
	at org.springframework.security.web.servletapi.SecurityContextHolderAwareRequestFilter.doFilter(SecurityContextHolderAwareRequestFilter.java:179)
	at org.springframework.security.web.FilterChainProxy$VirtualFilterChain.doFilter(FilterChainProxy.java:374)
	at org.springframework.security.web.savedrequest.RequestCacheAwareFilter.doFilter(RequestCacheAwareFilter.java:63)
	at org.springframework.security.web.FilterChainProxy$VirtualFilterChain.doFilter(FilterChainProxy.java:374)
	at com.example.backend.config.security.JwtCookieAuthenticationFilter.doFilterInternal(JwtCookieAuthenticationFilter.java:62)
	at org.springframework.web.filter.OncePerRequestFilter.doFilter(OncePerRequestFilter.java:116)
	at org.springframework.security.web.FilterChainProxy$VirtualFilterChain.doFilter(FilterChainProxy.java:374)
	at org.springframework.security.web.authentication.AbstractAuthenticationProcessingFilter.doFilter(AbstractAuthenticationProcessingFilter.java:235)
	at org.springframework.security.web.authentication.AbstractAuthenticationProcessingFilter.doFilter(AbstractAuthenticationProcessingFilter.java:229)
	at org.springframework.security.web.FilterChainProxy$VirtualFilterChain.doFilter(FilterChainProxy.java:374)
	at org.springframework.security.oauth2.client.web.OAuth2AuthorizationRequestRedirectFilter.doFilterInternal(OAuth2AuthorizationRequestRedirectFilter.java:198)
	at org.springframework.web.filter.OncePerRequestFilter.doFilter(OncePerRequestFilter.java:116)
	at org.springframework.security.web.FilterChainProxy$VirtualFilterChain.doFilter(FilterChainProxy.java:374)
	at org.springframework.security.web.authentication.logout.LogoutFilter.doFilter(LogoutFilter.java:107)
	at org.springframework.security.web.authentication.logout.LogoutFilter.doFilter(LogoutFilter.java:93)
	at org.springframework.security.web.FilterChainProxy$VirtualFilterChain.doFilter(FilterChainProxy.java:374)
	at org.springframework.web.filter.CorsFilter.doFilterInternal(CorsFilter.java:91)
	at org.springframework.web.filter.OncePerRequestFilter.doFilter(OncePerRequestFilter.java:116)
	at org.springframework.security.web.FilterChainProxy$VirtualFilterChain.doFilter(FilterChainProxy.java:374)
	at org.springframework.security.web.header.HeaderWriterFilter.doHeadersAfter(HeaderWriterFilter.java:90)
	at org.springframework.security.web.header.HeaderWriterFilter.doFilterInternal(HeaderWriterFilter.java:75)
	at org.springframework.web.filter.OncePerRequestFilter.doFilter(OncePerRequestFilter.java:116)
	at org.springframework.security.web.FilterChainProxy$VirtualFilterChain.doFilter(FilterChainProxy.java:374)
	at org.springframework.security.web.context.SecurityContextHolderFilter.doFilter(SecurityContextHolderFilter.java:82)
	at org.springframework.security.web.context.SecurityContextHolderFilter.doFilter(SecurityContextHolderFilter.java:69)
	at org.springframework.security.web.FilterChainProxy$VirtualFilterChain.doFilter(FilterChainProxy.java:374)
	at org.springframework.security.web.context.request.async.WebAsyncManagerIntegrationFilter.doFilterInternal(WebAsyncManagerIntegrationFilter.java:62)
	at org.springframework.web.filter.OncePerRequestFilter.doFilter(OncePerRequestFilter.java:116)
	at org.springframework.security.web.FilterChainProxy$VirtualFilterChain.doFilter(FilterChainProxy.java:374)
	at org.springframework.security.web.session.DisableEncodeUrlFilter.doFilterInternal(DisableEncodeUrlFilter.java:42)
	at org.springframework.web.filter.OncePerRequestFilter.doFilter(OncePerRequestFilter.java:116)
	at org.springframework.security.web.FilterChainProxy$VirtualFilterChain.doFilter(FilterChainProxy.java:374)
	at org.springframework.security.web.FilterChainProxy.doFilterInternal(FilterChainProxy.java:233)
	at org.springframework.security.web.FilterChainProxy.doFilter(FilterChainProxy.java:191)
	at org.springframework.web.filter.CompositeFilter$VirtualFilterChain.doFilter(CompositeFilter.java:113)
	at org.springframework.web.filter.ServletRequestPathFilter.doFilter(ServletRequestPathFilter.java:52)
	at org.springframework.web.filter.CompositeFilter$VirtualFilterChain.doFilter(CompositeFilter.java:113)
	at org.springframework.web.filter.CompositeFilter.doFilter(CompositeFilter.java:74)
	at org.springframework.security.config.annotation.web.configuration.WebSecurityConfiguration$CompositeFilterChainProxy.doFilter(WebSecurityConfiguration.java:319)
	at org.springframework.web.filter.CompositeFilter$VirtualFilterChain.doFilter(CompositeFilter.java:113)
	at org.springframework.web.servlet.handler.HandlerMappingIntrospector.lambda$createCacheFilter$4(HandlerMappingIntrospector.java:267)
	at org.springframework.web.filter.CompositeFilter$VirtualFilterChain.doFilter(CompositeFilter.java:113)
	at org.springframework.web.filter.CompositeFilter.doFilter(CompositeFilter.java:74)
	at org.springframework.security.config.annotation.web.configuration.WebMvcSecurityConfiguration$CompositeFilterChainProxy.doFilter(WebMvcSecurityConfiguration.java:240)
	at org.springframework.web.filter.DelegatingFilterProxy.invokeDelegate(DelegatingFilterProxy.java:362)
	at org.springframework.web.filter.DelegatingFilterProxy.doFilter(DelegatingFilterProxy.java:278)
	at org.apache.catalina.core.ApplicationFilterChain.internalDoFilter(ApplicationFilterChain.java:164)
	at org.apache.catalina.core.ApplicationFilterChain.doFilter(ApplicationFilterChain.java:140)
	at org.springframework.web.filter.RequestContextFilter.doFilterInternal(RequestContextFilter.java:100)
	at org.springframework.web.filter.OncePerRequestFilter.doFilter(OncePerRequestFilter.java:116)
	at org.apache.catalina.core.ApplicationFilterChain.internalDoFilter(ApplicationFilterChain.java:164)
	at org.apache.catalina.core.ApplicationFilterChain.doFilter(ApplicationFilterChain.java:140)
	at org.springframework.web.filter.FormContentFilter.doFilterInternal(FormContentFilter.java:93)
	at org.springframework.web.filter.OncePerRequestFilter.doFilter(OncePerRequestFilter.java:116)
	at org.apache.catalina.core.ApplicationFilterChain.internalDoFilter(ApplicationFilterChain.java:164)
	at org.apache.catalina.core.ApplicationFilterChain.doFilter(ApplicationFilterChain.java:140)
	at org.springframework.web.filter.CharacterEncodingFilter.doFilterInternal(CharacterEncodingFilter.java:201)
	at org.springframework.web.filter.OncePerRequestFilter.doFilter(OncePerRequestFilter.java:116)
	at org.apache.catalina.core.ApplicationFilterChain.internalDoFilter(ApplicationFilterChain.java:164)
	at org.apache.catalina.core.ApplicationFilterChain.doFilter(ApplicationFilterChain.java:140)
	at org.apache.catalina.core.StandardWrapperValve.invoke(StandardWrapperValve.java:167)
	at org.apache.catalina.core.StandardContextValve.invoke(StandardContextValve.java:90)
	at org.apache.catalina.authenticator.AuthenticatorBase.invoke(AuthenticatorBase.java:483)
	at org.apache.catalina.core.StandardHostValve.invoke(StandardHostValve.java:116)
	at org.apache.catalina.valves.ErrorReportValve.invoke(ErrorReportValve.java:93)
	at org.apache.catalina.core.StandardEngineValve.invoke(StandardEngineValve.java:74)
	at org.apache.catalina.connector.CoyoteAdapter.service(CoyoteAdapter.java:344)
	at org.apache.coyote.http11.Http11Processor.service(Http11Processor.java:398)
	at org.apache.coyote.AbstractProcessorLight.process(AbstractProcessorLight.java:63)
	at org.apache.coyote.AbstractProtocol$ConnectionHandler.process(AbstractProtocol.java:903)
	at org.apache.tomcat.util.net.NioEndpoint$SocketProcessor.doRun(NioEndpoint.java:1769)
	at org.apache.tomcat.util.net.SocketProcessorBase.run(SocketProcessorBase.java:52)
	at org.apache.tomcat.util.threads.ThreadPoolExecutor.runWorker(ThreadPoolExecutor.java:1189)
	at org.apache.tomcat.util.threads.ThreadPoolExecutor$Worker.run(ThreadPoolExecutor.java:658)
	at org.apache.tomcat.util.threads.TaskThread$WrappingRunnable.run(TaskThread.java:63)
	at java.base/java.lang.Thread.run(Thread.java:1583)
2025-08-30 12:55:14 [http-nio-8080-exec-2] ERROR c.e.b.s.e.GlobalExceptionHandler - 🔥 Excepción no controlada: No static resource proveedores/c4f2e8ea-6d56-400f-9b1f-92ce2567530e.jpg.
org.springframework.web.servlet.resource.NoResourceFoundException: No static resource proveedores/c4f2e8ea-6d56-400f-9b1f-92ce2567530e.jpg.
	at org.springframework.web.servlet.resource.ResourceHttpRequestHandler.handleRequest(ResourceHttpRequestHandler.java:585)
	at org.springframework.web.servlet.mvc.HttpRequestHandlerAdapter.handle(HttpRequestHandlerAdapter.java:52)
	at org.springframework.web.servlet.DispatcherServlet.doDispatch(DispatcherServlet.java:1089)
	at org.springframework.web.servlet.DispatcherServlet.doService(DispatcherServlet.java:979)
	at org.springframework.web.servlet.FrameworkServlet.processRequest(FrameworkServlet.java:1014)
	at org.springframework.web.servlet.FrameworkServlet.doGet(FrameworkServlet.java:903)
	at jakarta.servlet.http.HttpServlet.service(HttpServlet.java:564)
	at org.springframework.web.servlet.FrameworkServlet.service(FrameworkServlet.java:885)
	at jakarta.servlet.http.HttpServlet.service(HttpServlet.java:658)
	at org.apache.catalina.core.ApplicationFilterChain.internalDoFilter(ApplicationFilterChain.java:195)
	at org.apache.catalina.core.ApplicationFilterChain.doFilter(ApplicationFilterChain.java:140)
	at org.apache.tomcat.websocket.server.WsFilter.doFilter(WsFilter.java:51)
	at org.apache.catalina.core.ApplicationFilterChain.internalDoFilter(ApplicationFilterChain.java:164)
	at org.apache.catalina.core.ApplicationFilterChain.doFilter(ApplicationFilterChain.java:140)
	at com.example.backend.shared.logging.RequestLoggingFilter.doFilterInternal(RequestLoggingFilter.java:29)
	at org.springframework.web.filter.OncePerRequestFilter.doFilter(OncePerRequestFilter.java:116)
	at org.apache.catalina.core.ApplicationFilterChain.internalDoFilter(ApplicationFilterChain.java:164)
	at org.apache.catalina.core.ApplicationFilterChain.doFilter(ApplicationFilterChain.java:140)
	at org.springframework.web.filter.OncePerRequestFilter.doFilter(OncePerRequestFilter.java:110)
	at org.apache.catalina.core.ApplicationFilterChain.internalDoFilter(ApplicationFilterChain.java:164)
	at org.apache.catalina.core.ApplicationFilterChain.doFilter(ApplicationFilterChain.java:140)
	at org.springframework.web.filter.CompositeFilter$VirtualFilterChain.doFilter(CompositeFilter.java:108)
	at org.springframework.web.filter.CompositeFilter$VirtualFilterChain.doFilter(CompositeFilter.java:108)
	at org.springframework.security.web.FilterChainProxy.lambda$doFilterInternal$3(FilterChainProxy.java:231)
	at org.springframework.security.web.FilterChainProxy$VirtualFilterChain.doFilter(FilterChainProxy.java:365)
	at org.springframework.security.web.access.intercept.AuthorizationFilter.doFilter(AuthorizationFilter.java:101)
	at org.springframework.security.web.FilterChainProxy$VirtualFilterChain.doFilter(FilterChainProxy.java:374)
	at org.springframework.security.web.access.ExceptionTranslationFilter.doFilter(ExceptionTranslationFilter.java:125)
	at org.springframework.security.web.access.ExceptionTranslationFilter.doFilter(ExceptionTranslationFilter.java:119)
	at org.springframework.security.web.FilterChainProxy$VirtualFilterChain.doFilter(FilterChainProxy.java:374)
	at org.springframework.security.web.session.SessionManagementFilter.doFilter(SessionManagementFilter.java:131)
	at org.springframework.security.web.session.SessionManagementFilter.doFilter(SessionManagementFilter.java:85)
	at org.springframework.security.web.FilterChainProxy$VirtualFilterChain.doFilter(FilterChainProxy.java:374)
	at org.springframework.security.web.authentication.AnonymousAuthenticationFilter.doFilter(AnonymousAuthenticationFilter.java:100)
	at org.springframework.security.web.FilterChainProxy$VirtualFilterChain.doFilter(FilterChainProxy.java:374)
	at org.springframework.security.web.servletapi.SecurityContextHolderAwareRequestFilter.doFilter(SecurityContextHolderAwareRequestFilter.java:179)
	at org.springframework.security.web.FilterChainProxy$VirtualFilterChain.doFilter(FilterChainProxy.java:374)
	at org.springframework.security.web.savedrequest.RequestCacheAwareFilter.doFilter(RequestCacheAwareFilter.java:63)
	at org.springframework.security.web.FilterChainProxy$VirtualFilterChain.doFilter(FilterChainProxy.java:374)
	at com.example.backend.config.security.JwtCookieAuthenticationFilter.doFilterInternal(JwtCookieAuthenticationFilter.java:62)
	at org.springframework.web.filter.OncePerRequestFilter.doFilter(OncePerRequestFilter.java:116)
	at org.springframework.security.web.FilterChainProxy$VirtualFilterChain.doFilter(FilterChainProxy.java:374)
	at org.springframework.security.web.authentication.AbstractAuthenticationProcessingFilter.doFilter(AbstractAuthenticationProcessingFilter.java:235)
	at org.springframework.security.web.authentication.AbstractAuthenticationProcessingFilter.doFilter(AbstractAuthenticationProcessingFilter.java:229)
	at org.springframework.security.web.FilterChainProxy$VirtualFilterChain.doFilter(FilterChainProxy.java:374)
	at org.springframework.security.oauth2.client.web.OAuth2AuthorizationRequestRedirectFilter.doFilterInternal(OAuth2AuthorizationRequestRedirectFilter.java:198)
	at org.springframework.web.filter.OncePerRequestFilter.doFilter(OncePerRequestFilter.java:116)
	at org.springframework.security.web.FilterChainProxy$VirtualFilterChain.doFilter(FilterChainProxy.java:374)
	at org.springframework.security.web.authentication.logout.LogoutFilter.doFilter(LogoutFilter.java:107)
	at org.springframework.security.web.authentication.logout.LogoutFilter.doFilter(LogoutFilter.java:93)
	at org.springframework.security.web.FilterChainProxy$VirtualFilterChain.doFilter(FilterChainProxy.java:374)
	at org.springframework.web.filter.CorsFilter.doFilterInternal(CorsFilter.java:91)
	at org.springframework.web.filter.OncePerRequestFilter.doFilter(OncePerRequestFilter.java:116)
	at org.springframework.security.web.FilterChainProxy$VirtualFilterChain.doFilter(FilterChainProxy.java:374)
	at org.springframework.security.web.header.HeaderWriterFilter.doHeadersAfter(HeaderWriterFilter.java:90)
	at org.springframework.security.web.header.HeaderWriterFilter.doFilterInternal(HeaderWriterFilter.java:75)
	at org.springframework.web.filter.OncePerRequestFilter.doFilter(OncePerRequestFilter.java:116)
	at org.springframework.security.web.FilterChainProxy$VirtualFilterChain.doFilter(FilterChainProxy.java:374)
	at org.springframework.security.web.context.SecurityContextHolderFilter.doFilter(SecurityContextHolderFilter.java:82)
	at org.springframework.security.web.context.SecurityContextHolderFilter.doFilter(SecurityContextHolderFilter.java:69)
	at org.springframework.security.web.FilterChainProxy$VirtualFilterChain.doFilter(FilterChainProxy.java:374)
	at org.springframework.security.web.context.request.async.WebAsyncManagerIntegrationFilter.doFilterInternal(WebAsyncManagerIntegrationFilter.java:62)
	at org.springframework.web.filter.OncePerRequestFilter.doFilter(OncePerRequestFilter.java:116)
	at org.springframework.security.web.FilterChainProxy$VirtualFilterChain.doFilter(FilterChainProxy.java:374)
	at org.springframework.security.web.session.DisableEncodeUrlFilter.doFilterInternal(DisableEncodeUrlFilter.java:42)
	at org.springframework.web.filter.OncePerRequestFilter.doFilter(OncePerRequestFilter.java:116)
	at org.springframework.security.web.FilterChainProxy$VirtualFilterChain.doFilter(FilterChainProxy.java:374)
	at org.springframework.security.web.FilterChainProxy.doFilterInternal(FilterChainProxy.java:233)
	at org.springframework.security.web.FilterChainProxy.doFilter(FilterChainProxy.java:191)
	at org.springframework.web.filter.CompositeFilter$VirtualFilterChain.doFilter(CompositeFilter.java:113)
	at org.springframework.web.filter.ServletRequestPathFilter.doFilter(ServletRequestPathFilter.java:52)
	at org.springframework.web.filter.CompositeFilter$VirtualFilterChain.doFilter(CompositeFilter.java:113)
	at org.springframework.web.filter.CompositeFilter.doFilter(CompositeFilter.java:74)
	at org.springframework.security.config.annotation.web.configuration.WebSecurityConfiguration$CompositeFilterChainProxy.doFilter(WebSecurityConfiguration.java:319)
	at org.springframework.web.filter.CompositeFilter$VirtualFilterChain.doFilter(CompositeFilter.java:113)
	at org.springframework.web.servlet.handler.HandlerMappingIntrospector.lambda$createCacheFilter$4(HandlerMappingIntrospector.java:267)
	at org.springframework.web.filter.CompositeFilter$VirtualFilterChain.doFilter(CompositeFilter.java:113)
	at org.springframework.web.filter.CompositeFilter.doFilter(CompositeFilter.java:74)
	at org.springframework.security.config.annotation.web.configuration.WebMvcSecurityConfiguration$CompositeFilterChainProxy.doFilter(WebMvcSecurityConfiguration.java:240)
	at org.springframework.web.filter.DelegatingFilterProxy.invokeDelegate(DelegatingFilterProxy.java:362)
	at org.springframework.web.filter.DelegatingFilterProxy.doFilter(DelegatingFilterProxy.java:278)
	at org.apache.catalina.core.ApplicationFilterChain.internalDoFilter(ApplicationFilterChain.java:164)
	at org.apache.catalina.core.ApplicationFilterChain.doFilter(ApplicationFilterChain.java:140)
	at org.springframework.web.filter.RequestContextFilter.doFilterInternal(RequestContextFilter.java:100)
	at org.springframework.web.filter.OncePerRequestFilter.doFilter(OncePerRequestFilter.java:116)
	at org.apache.catalina.core.ApplicationFilterChain.internalDoFilter(ApplicationFilterChain.java:164)
	at org.apache.catalina.core.ApplicationFilterChain.doFilter(ApplicationFilterChain.java:140)
	at org.springframework.web.filter.FormContentFilter.doFilterInternal(FormContentFilter.java:93)
	at org.springframework.web.filter.OncePerRequestFilter.doFilter(OncePerRequestFilter.java:116)
	at org.apache.catalina.core.ApplicationFilterChain.internalDoFilter(ApplicationFilterChain.java:164)
	at org.apache.catalina.core.ApplicationFilterChain.doFilter(ApplicationFilterChain.java:140)
	at org.springframework.web.filter.CharacterEncodingFilter.doFilterInternal(CharacterEncodingFilter.java:201)
	at org.springframework.web.filter.OncePerRequestFilter.doFilter(OncePerRequestFilter.java:116)
	at org.apache.catalina.core.ApplicationFilterChain.internalDoFilter(ApplicationFilterChain.java:164)
	at org.apache.catalina.core.ApplicationFilterChain.doFilter(ApplicationFilterChain.java:140)
	at org.apache.catalina.core.StandardWrapperValve.invoke(StandardWrapperValve.java:167)
	at org.apache.catalina.core.StandardContextValve.invoke(StandardContextValve.java:90)
	at org.apache.catalina.authenticator.AuthenticatorBase.invoke(AuthenticatorBase.java:483)
	at org.apache.catalina.core.StandardHostValve.invoke(StandardHostValve.java:116)
	at org.apache.catalina.valves.ErrorReportValve.invoke(ErrorReportValve.java:93)
	at org.apache.catalina.core.StandardEngineValve.invoke(StandardEngineValve.java:74)
	at org.apache.catalina.connector.CoyoteAdapter.service(CoyoteAdapter.java:344)
	at org.apache.coyote.http11.Http11Processor.service(Http11Processor.java:398)
	at org.apache.coyote.AbstractProcessorLight.process(AbstractProcessorLight.java:63)
	at org.apache.coyote.AbstractProtocol$ConnectionHandler.process(AbstractProtocol.java:903)
	at org.apache.tomcat.util.net.NioEndpoint$SocketProcessor.doRun(NioEndpoint.java:1769)
	at org.apache.tomcat.util.net.SocketProcessorBase.run(SocketProcessorBase.java:52)
	at org.apache.tomcat.util.threads.ThreadPoolExecutor.runWorker(ThreadPoolExecutor.java:1189)
	at org.apache.tomcat.util.threads.ThreadPoolExecutor$Worker.run(ThreadPoolExecutor.java:658)
	at org.apache.tomcat.util.threads.TaskThread$WrappingRunnable.run(TaskThread.java:63)
	at java.base/java.lang.Thread.run(Thread.java:1583)
2025-08-30 12:55:14 [http-nio-8080-exec-8] WARN  o.s.w.s.m.m.a.ExceptionHandlerExceptionResolver - Resolved [org.springframework.web.servlet.resource.NoResourceFoundException: No static resource proveedores/ea3e7bb2-75d4-48b5-b219-fd802f035c4b.jpg.]
2025-08-30 12:55:14 [http-nio-8080-exec-2] WARN  o.s.w.s.m.m.a.ExceptionHandlerExceptionResolver - Resolved [org.springframework.web.servlet.resource.NoResourceFoundException: No static resource proveedores/c4f2e8ea-6d56-400f-9b1f-92ce2567530e.jpg.]
2025-08-30 12:55:14 [http-nio-8080-exec-8] INFO  c.e.b.s.logging.RequestLoggingFilter - [GET] /uploads/proveedores/ea3e7bb2-75d4-48b5-b219-fd802f035c4b.jpg -> 500 (22 ms)
2025-08-30 12:55:14 [http-nio-8080-exec-2] INFO  c.e.b.s.logging.RequestLoggingFilter - [GET] /uploads/proveedores/c4f2e8ea-6d56-400f-9b1f-92ce2567530e.jpg -> 500 (22 ms)
2025-08-30 12:55:18 [http-nio-8080-exec-9] INFO  c.e.b.c.c.c.CategoryController - Petición recibida para listar todas las categorías
2025-08-30 12:55:18 [http-nio-8080-exec-9] INFO  c.e.b.c.service.CategoryService - Recuperando todas las categorías...
2025-08-30 12:55:18 [http-nio-8080-exec-9] INFO  c.e.b.c.s.i.GetAllCategories - → [GetAllCategories] Solicitud para obtener todas las categorías ordenadas por nombre
2025-08-30 12:55:18 [http-nio-8080-exec-4] INFO  c.e.b.p.c.c.ProviderController - → [ProviderController] Solicitud para listar proveedores paginados | page=0 | size=5
2025-08-30 12:55:18 [http-nio-8080-exec-4] INFO  c.e.b.p.service.ProviderService - → [ProviderService] Iniciando recuperación de prestadores | página=0 | size=5
2025-08-30 12:55:18 [http-nio-8080-exec-9] INFO  c.e.b.c.s.i.GetAllCategories - ✓ [GetAllCategories] Se recuperaron 6 categorías
2025-08-30 12:55:18 [http-nio-8080-exec-9] INFO  c.e.b.c.service.CategoryService - Se recuperaron 6 categorías
2025-08-30 12:55:18 [http-nio-8080-exec-9] INFO  c.e.b.c.c.c.CategoryController - Se recuperaron 6 categorías
2025-08-30 12:55:18 [http-nio-8080-exec-9] INFO  c.e.b.s.logging.RequestLoggingFilter - [GET] /api/categories/getAll -> 200 (10 ms)
2025-08-30 12:55:18 [http-nio-8080-exec-6] INFO  c.e.b.c.c.c.CategoryController - Petición recibida para listar todas las categorías
2025-08-30 12:55:18 [http-nio-8080-exec-6] INFO  c.e.b.c.service.CategoryService - Recuperando todas las categorías...
2025-08-30 12:55:18 [http-nio-8080-exec-6] INFO  c.e.b.c.s.i.GetAllCategories - → [GetAllCategories] Solicitud para obtener todas las categorías ordenadas por nombre
2025-08-30 12:55:18 [http-nio-8080-exec-6] INFO  c.e.b.c.s.i.GetAllCategories - ✓ [GetAllCategories] Se recuperaron 6 categorías
2025-08-30 12:55:18 [http-nio-8080-exec-6] INFO  c.e.b.c.service.CategoryService - Se recuperaron 6 categorías
2025-08-30 12:55:18 [http-nio-8080-exec-6] INFO  c.e.b.c.c.c.CategoryController - Se recuperaron 6 categorías
2025-08-30 12:55:18 [http-nio-8080-exec-6] INFO  c.e.b.s.logging.RequestLoggingFilter - [GET] /api/categories/getAll -> 200 (9 ms)
2025-08-30 12:55:18 [http-nio-8080-exec-4] INFO  c.e.b.p.service.ProviderService - ✓ [ProviderService] Recuperados 5 prestadores | página=0 de 3 | totalElements=13
2025-08-30 12:55:18 [http-nio-8080-exec-4] INFO  c.e.b.p.c.c.ProviderController - ✓ [ProviderController] Se recuperaron 5 proveedores en la página 0 de 3 (total elementos=13)
2025-08-30 12:55:18 [http-nio-8080-exec-4] INFO  c.e.b.s.logging.RequestLoggingFilter - [GET] /api/providers/paged -> 200 (36 ms)
2025-08-30 12:55:18 [http-nio-8080-exec-5] INFO  c.e.b.p.c.c.ProviderController - → [ProviderController] Solicitud para listar proveedores paginados | page=0 | size=5
2025-08-30 12:55:18 [http-nio-8080-exec-5] INFO  c.e.b.p.service.ProviderService - → [ProviderService] Iniciando recuperación de prestadores | página=0 | size=5
2025-08-30 12:55:18 [http-nio-8080-exec-5] INFO  c.e.b.p.service.ProviderService - ✓ [ProviderService] Recuperados 5 prestadores | página=0 de 3 | totalElements=13
2025-08-30 12:55:18 [http-nio-8080-exec-5] INFO  c.e.b.p.c.c.ProviderController - ✓ [ProviderController] Se recuperaron 5 proveedores en la página 0 de 3 (total elementos=13)
2025-08-30 12:55:18 [http-nio-8080-exec-5] INFO  c.e.b.s.logging.RequestLoggingFilter - [GET] /api/providers/paged -> 200 (31 ms)
2025-08-30 12:55:18 [http-nio-8080-exec-10] INFO  c.e.b.p.c.c.ProviderController - → [ProviderController] Solicitud para listar proveedores paginados | page=0 | size=5
2025-08-30 12:55:18 [http-nio-8080-exec-10] INFO  c.e.b.p.service.ProviderService - → [ProviderService] Iniciando recuperación de prestadores | página=0 | size=5
2025-08-30 12:55:18 [http-nio-8080-exec-10] INFO  c.e.b.p.service.ProviderService - ✓ [ProviderService] Recuperados 5 prestadores | página=0 de 3 | totalElements=13
2025-08-30 12:55:18 [http-nio-8080-exec-10] INFO  c.e.b.p.c.c.ProviderController - ✓ [ProviderController] Se recuperaron 5 proveedores en la página 0 de 3 (total elementos=13)
2025-08-30 12:55:18 [http-nio-8080-exec-10] INFO  c.e.b.s.logging.RequestLoggingFilter - [GET] /api/providers/paged -> 200 (25 ms)
2025-08-30 12:55:23 [http-nio-8080-exec-7] INFO  c.e.b.p.c.c.ProviderController - → [ProviderController] Solicitud para listar proveedores paginados | page=1 | size=5
2025-08-30 12:55:23 [http-nio-8080-exec-7] INFO  c.e.b.p.service.ProviderService - → [ProviderService] Iniciando recuperación de prestadores | página=1 | size=5
2025-08-30 12:55:23 [http-nio-8080-exec-7] INFO  c.e.b.p.service.ProviderService - ✓ [ProviderService] Recuperados 5 prestadores | página=1 de 3 | totalElements=13
2025-08-30 12:55:23 [http-nio-8080-exec-7] INFO  c.e.b.p.c.c.ProviderController - ✓ [ProviderController] Se recuperaron 5 proveedores en la página 1 de 3 (total elementos=13)
2025-08-30 12:55:23 [http-nio-8080-exec-7] INFO  c.e.b.s.logging.RequestLoggingFilter - [GET] /api/providers/paged -> 200 (22 ms)
2025-08-30 12:55:23 [http-nio-8080-exec-8] ERROR c.e.b.s.e.GlobalExceptionHandler - 🔥 Excepción no controlada: No static resource proveedores/c4f2e8ea-6d56-400f-9b1f-92ce2567530e.jpg.
org.springframework.web.servlet.resource.NoResourceFoundException: No static resource proveedores/c4f2e8ea-6d56-400f-9b1f-92ce2567530e.jpg.
	at org.springframework.web.servlet.resource.ResourceHttpRequestHandler.handleRequest(ResourceHttpRequestHandler.java:585)
	at org.springframework.web.servlet.mvc.HttpRequestHandlerAdapter.handle(HttpRequestHandlerAdapter.java:52)
	at org.springframework.web.servlet.DispatcherServlet.doDispatch(DispatcherServlet.java:1089)
	at org.springframework.web.servlet.DispatcherServlet.doService(DispatcherServlet.java:979)
	at org.springframework.web.servlet.FrameworkServlet.processRequest(FrameworkServlet.java:1014)
	at org.springframework.web.servlet.FrameworkServlet.doGet(FrameworkServlet.java:903)
	at jakarta.servlet.http.HttpServlet.service(HttpServlet.java:564)
	at org.springframework.web.servlet.FrameworkServlet.service(FrameworkServlet.java:885)
	at jakarta.servlet.http.HttpServlet.service(HttpServlet.java:658)
	at org.apache.catalina.core.ApplicationFilterChain.internalDoFilter(ApplicationFilterChain.java:195)
	at org.apache.catalina.core.ApplicationFilterChain.doFilter(ApplicationFilterChain.java:140)
	at org.apache.tomcat.websocket.server.WsFilter.doFilter(WsFilter.java:51)
	at org.apache.catalina.core.ApplicationFilterChain.internalDoFilter(ApplicationFilterChain.java:164)
	at org.apache.catalina.core.ApplicationFilterChain.doFilter(ApplicationFilterChain.java:140)
	at com.example.backend.shared.logging.RequestLoggingFilter.doFilterInternal(RequestLoggingFilter.java:29)
	at org.springframework.web.filter.OncePerRequestFilter.doFilter(OncePerRequestFilter.java:116)
	at org.apache.catalina.core.ApplicationFilterChain.internalDoFilter(ApplicationFilterChain.java:164)
	at org.apache.catalina.core.ApplicationFilterChain.doFilter(ApplicationFilterChain.java:140)
	at org.springframework.web.filter.OncePerRequestFilter.doFilter(OncePerRequestFilter.java:110)
	at org.apache.catalina.core.ApplicationFilterChain.internalDoFilter(ApplicationFilterChain.java:164)
	at org.apache.catalina.core.ApplicationFilterChain.doFilter(ApplicationFilterChain.java:140)
	at org.springframework.web.filter.CompositeFilter$VirtualFilterChain.doFilter(CompositeFilter.java:108)
	at org.springframework.web.filter.CompositeFilter$VirtualFilterChain.doFilter(CompositeFilter.java:108)
	at org.springframework.security.web.FilterChainProxy.lambda$doFilterInternal$3(FilterChainProxy.java:231)
	at org.springframework.security.web.FilterChainProxy$VirtualFilterChain.doFilter(FilterChainProxy.java:365)
	at org.springframework.security.web.access.intercept.AuthorizationFilter.doFilter(AuthorizationFilter.java:101)
	at org.springframework.security.web.FilterChainProxy$VirtualFilterChain.doFilter(FilterChainProxy.java:374)
	at org.springframework.security.web.access.ExceptionTranslationFilter.doFilter(ExceptionTranslationFilter.java:125)
	at org.springframework.security.web.access.ExceptionTranslationFilter.doFilter(ExceptionTranslationFilter.java:119)
	at org.springframework.security.web.FilterChainProxy$VirtualFilterChain.doFilter(FilterChainProxy.java:374)
	at org.springframework.security.web.session.SessionManagementFilter.doFilter(SessionManagementFilter.java:131)
	at org.springframework.security.web.session.SessionManagementFilter.doFilter(SessionManagementFilter.java:85)
	at org.springframework.security.web.FilterChainProxy$VirtualFilterChain.doFilter(FilterChainProxy.java:374)
	at org.springframework.security.web.authentication.AnonymousAuthenticationFilter.doFilter(AnonymousAuthenticationFilter.java:100)
	at org.springframework.security.web.FilterChainProxy$VirtualFilterChain.doFilter(FilterChainProxy.java:374)
	at org.springframework.security.web.servletapi.SecurityContextHolderAwareRequestFilter.doFilter(SecurityContextHolderAwareRequestFilter.java:179)
	at org.springframework.security.web.FilterChainProxy$VirtualFilterChain.doFilter(FilterChainProxy.java:374)
	at org.springframework.security.web.savedrequest.RequestCacheAwareFilter.doFilter(RequestCacheAwareFilter.java:63)
	at org.springframework.security.web.FilterChainProxy$VirtualFilterChain.doFilter(FilterChainProxy.java:374)
	at com.example.backend.config.security.JwtCookieAuthenticationFilter.doFilterInternal(JwtCookieAuthenticationFilter.java:62)
	at org.springframework.web.filter.OncePerRequestFilter.doFilter(OncePerRequestFilter.java:116)
	at org.springframework.security.web.FilterChainProxy$VirtualFilterChain.doFilter(FilterChainProxy.java:374)
	at org.springframework.security.web.authentication.AbstractAuthenticationProcessingFilter.doFilter(AbstractAuthenticationProcessingFilter.java:235)
	at org.springframework.security.web.authentication.AbstractAuthenticationProcessingFilter.doFilter(AbstractAuthenticationProcessingFilter.java:229)
	at org.springframework.security.web.FilterChainProxy$VirtualFilterChain.doFilter(FilterChainProxy.java:374)
	at org.springframework.security.oauth2.client.web.OAuth2AuthorizationRequestRedirectFilter.doFilterInternal(OAuth2AuthorizationRequestRedirectFilter.java:198)
	at org.springframework.web.filter.OncePerRequestFilter.doFilter(OncePerRequestFilter.java:116)
	at org.springframework.security.web.FilterChainProxy$VirtualFilterChain.doFilter(FilterChainProxy.java:374)
	at org.springframework.security.web.authentication.logout.LogoutFilter.doFilter(LogoutFilter.java:107)
	at org.springframework.security.web.authentication.logout.LogoutFilter.doFilter(LogoutFilter.java:93)
	at org.springframework.security.web.FilterChainProxy$VirtualFilterChain.doFilter(FilterChainProxy.java:374)
	at org.springframework.web.filter.CorsFilter.doFilterInternal(CorsFilter.java:91)
	at org.springframework.web.filter.OncePerRequestFilter.doFilter(OncePerRequestFilter.java:116)
	at org.springframework.security.web.FilterChainProxy$VirtualFilterChain.doFilter(FilterChainProxy.java:374)
	at org.springframework.security.web.header.HeaderWriterFilter.doHeadersAfter(HeaderWriterFilter.java:90)
	at org.springframework.security.web.header.HeaderWriterFilter.doFilterInternal(HeaderWriterFilter.java:75)
	at org.springframework.web.filter.OncePerRequestFilter.doFilter(OncePerRequestFilter.java:116)
	at org.springframework.security.web.FilterChainProxy$VirtualFilterChain.doFilter(FilterChainProxy.java:374)
	at org.springframework.security.web.context.SecurityContextHolderFilter.doFilter(SecurityContextHolderFilter.java:82)
	at org.springframework.security.web.context.SecurityContextHolderFilter.doFilter(SecurityContextHolderFilter.java:69)
	at org.springframework.security.web.FilterChainProxy$VirtualFilterChain.doFilter(FilterChainProxy.java:374)
	at org.springframework.security.web.context.request.async.WebAsyncManagerIntegrationFilter.doFilterInternal(WebAsyncManagerIntegrationFilter.java:62)
	at org.springframework.web.filter.OncePerRequestFilter.doFilter(OncePerRequestFilter.java:116)
	at org.springframework.security.web.FilterChainProxy$VirtualFilterChain.doFilter(FilterChainProxy.java:374)
	at org.springframework.security.web.session.DisableEncodeUrlFilter.doFilterInternal(DisableEncodeUrlFilter.java:42)
	at org.springframework.web.filter.OncePerRequestFilter.doFilter(OncePerRequestFilter.java:116)
	at org.springframework.security.web.FilterChainProxy$VirtualFilterChain.doFilter(FilterChainProxy.java:374)
	at org.springframework.security.web.FilterChainProxy.doFilterInternal(FilterChainProxy.java:233)
	at org.springframework.security.web.FilterChainProxy.doFilter(FilterChainProxy.java:191)
	at org.springframework.web.filter.CompositeFilter$VirtualFilterChain.doFilter(CompositeFilter.java:113)
	at org.springframework.web.filter.ServletRequestPathFilter.doFilter(ServletRequestPathFilter.java:52)
	at org.springframework.web.filter.CompositeFilter$VirtualFilterChain.doFilter(CompositeFilter.java:113)
	at org.springframework.web.filter.CompositeFilter.doFilter(CompositeFilter.java:74)
	at org.springframework.security.config.annotation.web.configuration.WebSecurityConfiguration$CompositeFilterChainProxy.doFilter(WebSecurityConfiguration.java:319)
	at org.springframework.web.filter.CompositeFilter$VirtualFilterChain.doFilter(CompositeFilter.java:113)
	at org.springframework.web.servlet.handler.HandlerMappingIntrospector.lambda$createCacheFilter$4(HandlerMappingIntrospector.java:267)
	at org.springframework.web.filter.CompositeFilter$VirtualFilterChain.doFilter(CompositeFilter.java:113)
	at org.springframework.web.filter.CompositeFilter.doFilter(CompositeFilter.java:74)
	at org.springframework.security.config.annotation.web.configuration.WebMvcSecurityConfiguration$CompositeFilterChainProxy.doFilter(WebMvcSecurityConfiguration.java:240)
	at org.springframework.web.filter.DelegatingFilterProxy.invokeDelegate(DelegatingFilterProxy.java:362)
	at org.springframework.web.filter.DelegatingFilterProxy.doFilter(DelegatingFilterProxy.java:278)
	at org.apache.catalina.core.ApplicationFilterChain.internalDoFilter(ApplicationFilterChain.java:164)
	at org.apache.catalina.core.ApplicationFilterChain.doFilter(ApplicationFilterChain.java:140)
	at org.springframework.web.filter.RequestContextFilter.doFilterInternal(RequestContextFilter.java:100)
	at org.springframework.web.filter.OncePerRequestFilter.doFilter(OncePerRequestFilter.java:116)
	at org.apache.catalina.core.ApplicationFilterChain.internalDoFilter(ApplicationFilterChain.java:164)
	at org.apache.catalina.core.ApplicationFilterChain.doFilter(ApplicationFilterChain.java:140)
	at org.springframework.web.filter.FormContentFilter.doFilterInternal(FormContentFilter.java:93)
	at org.springframework.web.filter.OncePerRequestFilter.doFilter(OncePerRequestFilter.java:116)
	at org.apache.catalina.core.ApplicationFilterChain.internalDoFilter(ApplicationFilterChain.java:164)
	at org.apache.catalina.core.ApplicationFilterChain.doFilter(ApplicationFilterChain.java:140)
	at org.springframework.web.filter.CharacterEncodingFilter.doFilterInternal(CharacterEncodingFilter.java:201)
	at org.springframework.web.filter.OncePerRequestFilter.doFilter(OncePerRequestFilter.java:116)
	at org.apache.catalina.core.ApplicationFilterChain.internalDoFilter(ApplicationFilterChain.java:164)
	at org.apache.catalina.core.ApplicationFilterChain.doFilter(ApplicationFilterChain.java:140)
	at org.apache.catalina.core.StandardWrapperValve.invoke(StandardWrapperValve.java:167)
	at org.apache.catalina.core.StandardContextValve.invoke(StandardContextValve.java:90)
	at org.apache.catalina.authenticator.AuthenticatorBase.invoke(AuthenticatorBase.java:483)
	at org.apache.catalina.core.StandardHostValve.invoke(StandardHostValve.java:116)
	at org.apache.catalina.valves.ErrorReportValve.invoke(ErrorReportValve.java:93)
	at org.apache.catalina.core.StandardEngineValve.invoke(StandardEngineValve.java:74)
	at org.apache.catalina.connector.CoyoteAdapter.service(CoyoteAdapter.java:344)
	at org.apache.coyote.http11.Http11Processor.service(Http11Processor.java:398)
	at org.apache.coyote.AbstractProcessorLight.process(AbstractProcessorLight.java:63)
	at org.apache.coyote.AbstractProtocol$ConnectionHandler.process(AbstractProtocol.java:903)
	at org.apache.tomcat.util.net.NioEndpoint$SocketProcessor.doRun(NioEndpoint.java:1769)
	at org.apache.tomcat.util.net.SocketProcessorBase.run(SocketProcessorBase.java:52)
	at org.apache.tomcat.util.threads.ThreadPoolExecutor.runWorker(ThreadPoolExecutor.java:1189)
	at org.apache.tomcat.util.threads.ThreadPoolExecutor$Worker.run(ThreadPoolExecutor.java:658)
	at org.apache.tomcat.util.threads.TaskThread$WrappingRunnable.run(TaskThread.java:63)
	at java.base/java.lang.Thread.run(Thread.java:1583)
2025-08-30 12:55:23 [http-nio-8080-exec-2] ERROR c.e.b.s.e.GlobalExceptionHandler - 🔥 Excepción no controlada: No static resource proveedores/ea3e7bb2-75d4-48b5-b219-fd802f035c4b.jpg.
org.springframework.web.servlet.resource.NoResourceFoundException: No static resource proveedores/ea3e7bb2-75d4-48b5-b219-fd802f035c4b.jpg.
	at org.springframework.web.servlet.resource.ResourceHttpRequestHandler.handleRequest(ResourceHttpRequestHandler.java:585)
	at org.springframework.web.servlet.mvc.HttpRequestHandlerAdapter.handle(HttpRequestHandlerAdapter.java:52)
	at org.springframework.web.servlet.DispatcherServlet.doDispatch(DispatcherServlet.java:1089)
	at org.springframework.web.servlet.DispatcherServlet.doService(DispatcherServlet.java:979)
	at org.springframework.web.servlet.FrameworkServlet.processRequest(FrameworkServlet.java:1014)
	at org.springframework.web.servlet.FrameworkServlet.doGet(FrameworkServlet.java:903)
	at jakarta.servlet.http.HttpServlet.service(HttpServlet.java:564)
	at org.springframework.web.servlet.FrameworkServlet.service(FrameworkServlet.java:885)
	at jakarta.servlet.http.HttpServlet.service(HttpServlet.java:658)
	at org.apache.catalina.core.ApplicationFilterChain.internalDoFilter(ApplicationFilterChain.java:195)
	at org.apache.catalina.core.ApplicationFilterChain.doFilter(ApplicationFilterChain.java:140)
	at org.apache.tomcat.websocket.server.WsFilter.doFilter(WsFilter.java:51)
	at org.apache.catalina.core.ApplicationFilterChain.internalDoFilter(ApplicationFilterChain.java:164)
	at org.apache.catalina.core.ApplicationFilterChain.doFilter(ApplicationFilterChain.java:140)
	at com.example.backend.shared.logging.RequestLoggingFilter.doFilterInternal(RequestLoggingFilter.java:29)
	at org.springframework.web.filter.OncePerRequestFilter.doFilter(OncePerRequestFilter.java:116)
	at org.apache.catalina.core.ApplicationFilterChain.internalDoFilter(ApplicationFilterChain.java:164)
	at org.apache.catalina.core.ApplicationFilterChain.doFilter(ApplicationFilterChain.java:140)
	at org.springframework.web.filter.OncePerRequestFilter.doFilter(OncePerRequestFilter.java:110)
	at org.apache.catalina.core.ApplicationFilterChain.internalDoFilter(ApplicationFilterChain.java:164)
	at org.apache.catalina.core.ApplicationFilterChain.doFilter(ApplicationFilterChain.java:140)
	at org.springframework.web.filter.CompositeFilter$VirtualFilterChain.doFilter(CompositeFilter.java:108)
	at org.springframework.web.filter.CompositeFilter$VirtualFilterChain.doFilter(CompositeFilter.java:108)
	at org.springframework.security.web.FilterChainProxy.lambda$doFilterInternal$3(FilterChainProxy.java:231)
	at org.springframework.security.web.FilterChainProxy$VirtualFilterChain.doFilter(FilterChainProxy.java:365)
	at org.springframework.security.web.access.intercept.AuthorizationFilter.doFilter(AuthorizationFilter.java:101)
	at org.springframework.security.web.FilterChainProxy$VirtualFilterChain.doFilter(FilterChainProxy.java:374)
	at org.springframework.security.web.access.ExceptionTranslationFilter.doFilter(ExceptionTranslationFilter.java:125)
	at org.springframework.security.web.access.ExceptionTranslationFilter.doFilter(ExceptionTranslationFilter.java:119)
	at org.springframework.security.web.FilterChainProxy$VirtualFilterChain.doFilter(FilterChainProxy.java:374)
	at org.springframework.security.web.session.SessionManagementFilter.doFilter(SessionManagementFilter.java:131)
	at org.springframework.security.web.session.SessionManagementFilter.doFilter(SessionManagementFilter.java:85)
	at org.springframework.security.web.FilterChainProxy$VirtualFilterChain.doFilter(FilterChainProxy.java:374)
	at org.springframework.security.web.authentication.AnonymousAuthenticationFilter.doFilter(AnonymousAuthenticationFilter.java:100)
	at org.springframework.security.web.FilterChainProxy$VirtualFilterChain.doFilter(FilterChainProxy.java:374)
	at org.springframework.security.web.servletapi.SecurityContextHolderAwareRequestFilter.doFilter(SecurityContextHolderAwareRequestFilter.java:179)
	at org.springframework.security.web.FilterChainProxy$VirtualFilterChain.doFilter(FilterChainProxy.java:374)
	at org.springframework.security.web.savedrequest.RequestCacheAwareFilter.doFilter(RequestCacheAwareFilter.java:63)
	at org.springframework.security.web.FilterChainProxy$VirtualFilterChain.doFilter(FilterChainProxy.java:374)
	at com.example.backend.config.security.JwtCookieAuthenticationFilter.doFilterInternal(JwtCookieAuthenticationFilter.java:62)
	at org.springframework.web.filter.OncePerRequestFilter.doFilter(OncePerRequestFilter.java:116)
	at org.springframework.security.web.FilterChainProxy$VirtualFilterChain.doFilter(FilterChainProxy.java:374)
	at org.springframework.security.web.authentication.AbstractAuthenticationProcessingFilter.doFilter(AbstractAuthenticationProcessingFilter.java:235)
	at org.springframework.security.web.authentication.AbstractAuthenticationProcessingFilter.doFilter(AbstractAuthenticationProcessingFilter.java:229)
	at org.springframework.security.web.FilterChainProxy$VirtualFilterChain.doFilter(FilterChainProxy.java:374)
	at org.springframework.security.oauth2.client.web.OAuth2AuthorizationRequestRedirectFilter.doFilterInternal(OAuth2AuthorizationRequestRedirectFilter.java:198)
	at org.springframework.web.filter.OncePerRequestFilter.doFilter(OncePerRequestFilter.java:116)
	at org.springframework.security.web.FilterChainProxy$VirtualFilterChain.doFilter(FilterChainProxy.java:374)
	at org.springframework.security.web.authentication.logout.LogoutFilter.doFilter(LogoutFilter.java:107)
	at org.springframework.security.web.authentication.logout.LogoutFilter.doFilter(LogoutFilter.java:93)
	at org.springframework.security.web.FilterChainProxy$VirtualFilterChain.doFilter(FilterChainProxy.java:374)
	at org.springframework.web.filter.CorsFilter.doFilterInternal(CorsFilter.java:91)
	at org.springframework.web.filter.OncePerRequestFilter.doFilter(OncePerRequestFilter.java:116)
	at org.springframework.security.web.FilterChainProxy$VirtualFilterChain.doFilter(FilterChainProxy.java:374)
	at org.springframework.security.web.header.HeaderWriterFilter.doHeadersAfter(HeaderWriterFilter.java:90)
	at org.springframework.security.web.header.HeaderWriterFilter.doFilterInternal(HeaderWriterFilter.java:75)
	at org.springframework.web.filter.OncePerRequestFilter.doFilter(OncePerRequestFilter.java:116)
	at org.springframework.security.web.FilterChainProxy$VirtualFilterChain.doFilter(FilterChainProxy.java:374)
	at org.springframework.security.web.context.SecurityContextHolderFilter.doFilter(SecurityContextHolderFilter.java:82)
	at org.springframework.security.web.context.SecurityContextHolderFilter.doFilter(SecurityContextHolderFilter.java:69)
	at org.springframework.security.web.FilterChainProxy$VirtualFilterChain.doFilter(FilterChainProxy.java:374)
	at org.springframework.security.web.context.request.async.WebAsyncManagerIntegrationFilter.doFilterInternal(WebAsyncManagerIntegrationFilter.java:62)
	at org.springframework.web.filter.OncePerRequestFilter.doFilter(OncePerRequestFilter.java:116)
	at org.springframework.security.web.FilterChainProxy$VirtualFilterChain.doFilter(FilterChainProxy.java:374)
	at org.springframework.security.web.session.DisableEncodeUrlFilter.doFilterInternal(DisableEncodeUrlFilter.java:42)
	at org.springframework.web.filter.OncePerRequestFilter.doFilter(OncePerRequestFilter.java:116)
	at org.springframework.security.web.FilterChainProxy$VirtualFilterChain.doFilter(FilterChainProxy.java:374)
	at org.springframework.security.web.FilterChainProxy.doFilterInternal(FilterChainProxy.java:233)
	at org.springframework.security.web.FilterChainProxy.doFilter(FilterChainProxy.java:191)
	at org.springframework.web.filter.CompositeFilter$VirtualFilterChain.doFilter(CompositeFilter.java:113)
	at org.springframework.web.filter.ServletRequestPathFilter.doFilter(ServletRequestPathFilter.java:52)
	at org.springframework.web.filter.CompositeFilter$VirtualFilterChain.doFilter(CompositeFilter.java:113)
	at org.springframework.web.filter.CompositeFilter.doFilter(CompositeFilter.java:74)
	at org.springframework.security.config.annotation.web.configuration.WebSecurityConfiguration$CompositeFilterChainProxy.doFilter(WebSecurityConfiguration.java:319)
	at org.springframework.web.filter.CompositeFilter$VirtualFilterChain.doFilter(CompositeFilter.java:113)
	at org.springframework.web.servlet.handler.HandlerMappingIntrospector.lambda$createCacheFilter$4(HandlerMappingIntrospector.java:267)
	at org.springframework.web.filter.CompositeFilter$VirtualFilterChain.doFilter(CompositeFilter.java:113)
	at org.springframework.web.filter.CompositeFilter.doFilter(CompositeFilter.java:74)
	at org.springframework.security.config.annotation.web.configuration.WebMvcSecurityConfiguration$CompositeFilterChainProxy.doFilter(WebMvcSecurityConfiguration.java:240)
	at org.springframework.web.filter.DelegatingFilterProxy.invokeDelegate(DelegatingFilterProxy.java:362)
	at org.springframework.web.filter.DelegatingFilterProxy.doFilter(DelegatingFilterProxy.java:278)
	at org.apache.catalina.core.ApplicationFilterChain.internalDoFilter(ApplicationFilterChain.java:164)
	at org.apache.catalina.core.ApplicationFilterChain.doFilter(ApplicationFilterChain.java:140)
	at org.springframework.web.filter.RequestContextFilter.doFilterInternal(RequestContextFilter.java:100)
	at org.springframework.web.filter.OncePerRequestFilter.doFilter(OncePerRequestFilter.java:116)
	at org.apache.catalina.core.ApplicationFilterChain.internalDoFilter(ApplicationFilterChain.java:164)
	at org.apache.catalina.core.ApplicationFilterChain.doFilter(ApplicationFilterChain.java:140)
	at org.springframework.web.filter.FormContentFilter.doFilterInternal(FormContentFilter.java:93)
	at org.springframework.web.filter.OncePerRequestFilter.doFilter(OncePerRequestFilter.java:116)
	at org.apache.catalina.core.ApplicationFilterChain.internalDoFilter(ApplicationFilterChain.java:164)
	at org.apache.catalina.core.ApplicationFilterChain.doFilter(ApplicationFilterChain.java:140)
	at org.springframework.web.filter.CharacterEncodingFilter.doFilterInternal(CharacterEncodingFilter.java:201)
	at org.springframework.web.filter.OncePerRequestFilter.doFilter(OncePerRequestFilter.java:116)
	at org.apache.catalina.core.ApplicationFilterChain.internalDoFilter(ApplicationFilterChain.java:164)
	at org.apache.catalina.core.ApplicationFilterChain.doFilter(ApplicationFilterChain.java:140)
	at org.apache.catalina.core.StandardWrapperValve.invoke(StandardWrapperValve.java:167)
	at org.apache.catalina.core.StandardContextValve.invoke(StandardContextValve.java:90)
	at org.apache.catalina.authenticator.AuthenticatorBase.invoke(AuthenticatorBase.java:483)
	at org.apache.catalina.core.StandardHostValve.invoke(StandardHostValve.java:116)
	at org.apache.catalina.valves.ErrorReportValve.invoke(ErrorReportValve.java:93)
	at org.apache.catalina.core.StandardEngineValve.invoke(StandardEngineValve.java:74)
	at org.apache.catalina.connector.CoyoteAdapter.service(CoyoteAdapter.java:344)
	at org.apache.coyote.http11.Http11Processor.service(Http11Processor.java:398)
	at org.apache.coyote.AbstractProcessorLight.process(AbstractProcessorLight.java:63)
	at org.apache.coyote.AbstractProtocol$ConnectionHandler.process(AbstractProtocol.java:903)
	at org.apache.tomcat.util.net.NioEndpoint$SocketProcessor.doRun(NioEndpoint.java:1769)
	at org.apache.tomcat.util.net.SocketProcessorBase.run(SocketProcessorBase.java:52)
	at org.apache.tomcat.util.threads.ThreadPoolExecutor.runWorker(ThreadPoolExecutor.java:1189)
	at org.apache.tomcat.util.threads.ThreadPoolExecutor$Worker.run(ThreadPoolExecutor.java:658)
	at org.apache.tomcat.util.threads.TaskThread$WrappingRunnable.run(TaskThread.java:63)
	at java.base/java.lang.Thread.run(Thread.java:1583)
2025-08-30 12:55:23 [http-nio-8080-exec-8] WARN  o.s.w.s.m.m.a.ExceptionHandlerExceptionResolver - Resolved [org.springframework.web.servlet.resource.NoResourceFoundException: No static resource proveedores/c4f2e8ea-6d56-400f-9b1f-92ce2567530e.jpg.]
2025-08-30 12:55:23 [http-nio-8080-exec-2] WARN  o.s.w.s.m.m.a.ExceptionHandlerExceptionResolver - Resolved [org.springframework.web.servlet.resource.NoResourceFoundException: No static resource proveedores/ea3e7bb2-75d4-48b5-b219-fd802f035c4b.jpg.]
2025-08-30 12:55:23 [http-nio-8080-exec-8] INFO  c.e.b.s.logging.RequestLoggingFilter - [GET] /uploads/proveedores/c4f2e8ea-6d56-400f-9b1f-92ce2567530e.jpg -> 500 (5 ms)
2025-08-30 12:55:23 [http-nio-8080-exec-2] INFO  c.e.b.s.logging.RequestLoggingFilter - [GET] /uploads/proveedores/ea3e7bb2-75d4-48b5-b219-fd802f035c4b.jpg -> 500 (5 ms)
2025-08-30 12:55:25 [http-nio-8080-exec-3] INFO  c.e.b.p.c.c.ProviderController - → [ProviderController] Solicitud para listar proveedores paginados | page=2 | size=5
2025-08-30 12:55:25 [http-nio-8080-exec-3] INFO  c.e.b.p.service.ProviderService - → [ProviderService] Iniciando recuperación de prestadores | página=2 | size=5
2025-08-30 12:55:26 [http-nio-8080-exec-3] INFO  c.e.b.p.service.ProviderService - ✓ [ProviderService] Recuperados 3 prestadores | página=2 de 3 | totalElements=13
2025-08-30 12:55:26 [http-nio-8080-exec-3] INFO  c.e.b.p.c.c.ProviderController - ✓ [ProviderController] Se recuperaron 3 proveedores en la página 2 de 3 (total elementos=13)
2025-08-30 12:55:26 [http-nio-8080-exec-3] INFO  c.e.b.s.logging.RequestLoggingFilter - [GET] /api/providers/paged -> 200 (13 ms)
2025-08-30 12:55:26 [http-nio-8080-exec-1] ERROR c.e.b.s.e.GlobalExceptionHandler - 🔥 Excepción no controlada: No static resource proveedores/3a75494f-438f-4af7-86e0-9e95938a0cfd.png.
org.springframework.web.servlet.resource.NoResourceFoundException: No static resource proveedores/3a75494f-438f-4af7-86e0-9e95938a0cfd.png.
	at org.springframework.web.servlet.resource.ResourceHttpRequestHandler.handleRequest(ResourceHttpRequestHandler.java:585)
	at org.springframework.web.servlet.mvc.HttpRequestHandlerAdapter.handle(HttpRequestHandlerAdapter.java:52)
	at org.springframework.web.servlet.DispatcherServlet.doDispatch(DispatcherServlet.java:1089)
	at org.springframework.web.servlet.DispatcherServlet.doService(DispatcherServlet.java:979)
	at org.springframework.web.servlet.FrameworkServlet.processRequest(FrameworkServlet.java:1014)
	at org.springframework.web.servlet.FrameworkServlet.doGet(FrameworkServlet.java:903)
	at jakarta.servlet.http.HttpServlet.service(HttpServlet.java:564)
	at org.springframework.web.servlet.FrameworkServlet.service(FrameworkServlet.java:885)
	at jakarta.servlet.http.HttpServlet.service(HttpServlet.java:658)
	at org.apache.catalina.core.ApplicationFilterChain.internalDoFilter(ApplicationFilterChain.java:195)
	at org.apache.catalina.core.ApplicationFilterChain.doFilter(ApplicationFilterChain.java:140)
	at org.apache.tomcat.websocket.server.WsFilter.doFilter(WsFilter.java:51)
	at org.apache.catalina.core.ApplicationFilterChain.internalDoFilter(ApplicationFilterChain.java:164)
	at org.apache.catalina.core.ApplicationFilterChain.doFilter(ApplicationFilterChain.java:140)
	at com.example.backend.shared.logging.RequestLoggingFilter.doFilterInternal(RequestLoggingFilter.java:29)
	at org.springframework.web.filter.OncePerRequestFilter.doFilter(OncePerRequestFilter.java:116)
	at org.apache.catalina.core.ApplicationFilterChain.internalDoFilter(ApplicationFilterChain.java:164)
	at org.apache.catalina.core.ApplicationFilterChain.doFilter(ApplicationFilterChain.java:140)
	at org.springframework.web.filter.OncePerRequestFilter.doFilter(OncePerRequestFilter.java:110)
	at org.apache.catalina.core.ApplicationFilterChain.internalDoFilter(ApplicationFilterChain.java:164)
	at org.apache.catalina.core.ApplicationFilterChain.doFilter(ApplicationFilterChain.java:140)
	at org.springframework.web.filter.CompositeFilter$VirtualFilterChain.doFilter(CompositeFilter.java:108)
	at org.springframework.web.filter.CompositeFilter$VirtualFilterChain.doFilter(CompositeFilter.java:108)
	at org.springframework.security.web.FilterChainProxy.lambda$doFilterInternal$3(FilterChainProxy.java:231)
	at org.springframework.security.web.FilterChainProxy$VirtualFilterChain.doFilter(FilterChainProxy.java:365)
	at org.springframework.security.web.access.intercept.AuthorizationFilter.doFilter(AuthorizationFilter.java:101)
	at org.springframework.security.web.FilterChainProxy$VirtualFilterChain.doFilter(FilterChainProxy.java:374)
	at org.springframework.security.web.access.ExceptionTranslationFilter.doFilter(ExceptionTranslationFilter.java:125)
	at org.springframework.security.web.access.ExceptionTranslationFilter.doFilter(ExceptionTranslationFilter.java:119)
	at org.springframework.security.web.FilterChainProxy$VirtualFilterChain.doFilter(FilterChainProxy.java:374)
	at org.springframework.security.web.session.SessionManagementFilter.doFilter(SessionManagementFilter.java:131)
	at org.springframework.security.web.session.SessionManagementFilter.doFilter(SessionManagementFilter.java:85)
	at org.springframework.security.web.FilterChainProxy$VirtualFilterChain.doFilter(FilterChainProxy.java:374)
	at org.springframework.security.web.authentication.AnonymousAuthenticationFilter.doFilter(AnonymousAuthenticationFilter.java:100)
	at org.springframework.security.web.FilterChainProxy$VirtualFilterChain.doFilter(FilterChainProxy.java:374)
	at org.springframework.security.web.servletapi.SecurityContextHolderAwareRequestFilter.doFilter(SecurityContextHolderAwareRequestFilter.java:179)
	at org.springframework.security.web.FilterChainProxy$VirtualFilterChain.doFilter(FilterChainProxy.java:374)
	at org.springframework.security.web.savedrequest.RequestCacheAwareFilter.doFilter(RequestCacheAwareFilter.java:63)
	at org.springframework.security.web.FilterChainProxy$VirtualFilterChain.doFilter(FilterChainProxy.java:374)
	at com.example.backend.config.security.JwtCookieAuthenticationFilter.doFilterInternal(JwtCookieAuthenticationFilter.java:62)
	at org.springframework.web.filter.OncePerRequestFilter.doFilter(OncePerRequestFilter.java:116)
	at org.springframework.security.web.FilterChainProxy$VirtualFilterChain.doFilter(FilterChainProxy.java:374)
	at org.springframework.security.web.authentication.AbstractAuthenticationProcessingFilter.doFilter(AbstractAuthenticationProcessingFilter.java:235)
	at org.springframework.security.web.authentication.AbstractAuthenticationProcessingFilter.doFilter(AbstractAuthenticationProcessingFilter.java:229)
	at org.springframework.security.web.FilterChainProxy$VirtualFilterChain.doFilter(FilterChainProxy.java:374)
	at org.springframework.security.oauth2.client.web.OAuth2AuthorizationRequestRedirectFilter.doFilterInternal(OAuth2AuthorizationRequestRedirectFilter.java:198)
	at org.springframework.web.filter.OncePerRequestFilter.doFilter(OncePerRequestFilter.java:116)
	at org.springframework.security.web.FilterChainProxy$VirtualFilterChain.doFilter(FilterChainProxy.java:374)
	at org.springframework.security.web.authentication.logout.LogoutFilter.doFilter(LogoutFilter.java:107)
	at org.springframework.security.web.authentication.logout.LogoutFilter.doFilter(LogoutFilter.java:93)
	at org.springframework.security.web.FilterChainProxy$VirtualFilterChain.doFilter(FilterChainProxy.java:374)
	at org.springframework.web.filter.CorsFilter.doFilterInternal(CorsFilter.java:91)
	at org.springframework.web.filter.OncePerRequestFilter.doFilter(OncePerRequestFilter.java:116)
	at org.springframework.security.web.FilterChainProxy$VirtualFilterChain.doFilter(FilterChainProxy.java:374)
	at org.springframework.security.web.header.HeaderWriterFilter.doHeadersAfter(HeaderWriterFilter.java:90)
	at org.springframework.security.web.header.HeaderWriterFilter.doFilterInternal(HeaderWriterFilter.java:75)
	at org.springframework.web.filter.OncePerRequestFilter.doFilter(OncePerRequestFilter.java:116)
	at org.springframework.security.web.FilterChainProxy$VirtualFilterChain.doFilter(FilterChainProxy.java:374)
	at org.springframework.security.web.context.SecurityContextHolderFilter.doFilter(SecurityContextHolderFilter.java:82)
	at org.springframework.security.web.context.SecurityContextHolderFilter.doFilter(SecurityContextHolderFilter.java:69)
	at org.springframework.security.web.FilterChainProxy$VirtualFilterChain.doFilter(FilterChainProxy.java:374)
	at org.springframework.security.web.context.request.async.WebAsyncManagerIntegrationFilter.doFilterInternal(WebAsyncManagerIntegrationFilter.java:62)
	at org.springframework.web.filter.OncePerRequestFilter.doFilter(OncePerRequestFilter.java:116)
	at org.springframework.security.web.FilterChainProxy$VirtualFilterChain.doFilter(FilterChainProxy.java:374)
	at org.springframework.security.web.session.DisableEncodeUrlFilter.doFilterInternal(DisableEncodeUrlFilter.java:42)
	at org.springframework.web.filter.OncePerRequestFilter.doFilter(OncePerRequestFilter.java:116)
	at org.springframework.security.web.FilterChainProxy$VirtualFilterChain.doFilter(FilterChainProxy.java:374)
	at org.springframework.security.web.FilterChainProxy.doFilterInternal(FilterChainProxy.java:233)
	at org.springframework.security.web.FilterChainProxy.doFilter(FilterChainProxy.java:191)
	at org.springframework.web.filter.CompositeFilter$VirtualFilterChain.doFilter(CompositeFilter.java:113)
	at org.springframework.web.filter.ServletRequestPathFilter.doFilter(ServletRequestPathFilter.java:52)
	at org.springframework.web.filter.CompositeFilter$VirtualFilterChain.doFilter(CompositeFilter.java:113)
	at org.springframework.web.filter.CompositeFilter.doFilter(CompositeFilter.java:74)
	at org.springframework.security.config.annotation.web.configuration.WebSecurityConfiguration$CompositeFilterChainProxy.doFilter(WebSecurityConfiguration.java:319)
	at org.springframework.web.filter.CompositeFilter$VirtualFilterChain.doFilter(CompositeFilter.java:113)
	at org.springframework.web.servlet.handler.HandlerMappingIntrospector.lambda$createCacheFilter$4(HandlerMappingIntrospector.java:267)
	at org.springframework.web.filter.CompositeFilter$VirtualFilterChain.doFilter(CompositeFilter.java:113)
	at org.springframework.web.filter.CompositeFilter.doFilter(CompositeFilter.java:74)
	at org.springframework.security.config.annotation.web.configuration.WebMvcSecurityConfiguration$CompositeFilterChainProxy.doFilter(WebMvcSecurityConfiguration.java:240)
	at org.springframework.web.filter.DelegatingFilterProxy.invokeDelegate(DelegatingFilterProxy.java:362)
	at org.springframework.web.filter.DelegatingFilterProxy.doFilter(DelegatingFilterProxy.java:278)
	at org.apache.catalina.core.ApplicationFilterChain.internalDoFilter(ApplicationFilterChain.java:164)
	at org.apache.catalina.core.ApplicationFilterChain.doFilter(ApplicationFilterChain.java:140)
	at org.springframework.web.filter.RequestContextFilter.doFilterInternal(RequestContextFilter.java:100)
	at org.springframework.web.filter.OncePerRequestFilter.doFilter(OncePerRequestFilter.java:116)
	at org.apache.catalina.core.ApplicationFilterChain.internalDoFilter(ApplicationFilterChain.java:164)
	at org.apache.catalina.core.ApplicationFilterChain.doFilter(ApplicationFilterChain.java:140)
	at org.springframework.web.filter.FormContentFilter.doFilterInternal(FormContentFilter.java:93)
	at org.springframework.web.filter.OncePerRequestFilter.doFilter(OncePerRequestFilter.java:116)
	at org.apache.catalina.core.ApplicationFilterChain.internalDoFilter(ApplicationFilterChain.java:164)
	at org.apache.catalina.core.ApplicationFilterChain.doFilter(ApplicationFilterChain.java:140)
	at org.springframework.web.filter.CharacterEncodingFilter.doFilterInternal(CharacterEncodingFilter.java:201)
	at org.springframework.web.filter.OncePerRequestFilter.doFilter(OncePerRequestFilter.java:116)
	at org.apache.catalina.core.ApplicationFilterChain.internalDoFilter(ApplicationFilterChain.java:164)
	at org.apache.catalina.core.ApplicationFilterChain.doFilter(ApplicationFilterChain.java:140)
	at org.apache.catalina.core.StandardWrapperValve.invoke(StandardWrapperValve.java:167)
	at org.apache.catalina.core.StandardContextValve.invoke(StandardContextValve.java:90)
	at org.apache.catalina.authenticator.AuthenticatorBase.invoke(AuthenticatorBase.java:483)
	at org.apache.catalina.core.StandardHostValve.invoke(StandardHostValve.java:116)
	at org.apache.catalina.valves.ErrorReportValve.invoke(ErrorReportValve.java:93)
	at org.apache.catalina.core.StandardEngineValve.invoke(StandardEngineValve.java:74)
	at org.apache.catalina.connector.CoyoteAdapter.service(CoyoteAdapter.java:344)
	at org.apache.coyote.http11.Http11Processor.service(Http11Processor.java:398)
	at org.apache.coyote.AbstractProcessorLight.process(AbstractProcessorLight.java:63)
	at org.apache.coyote.AbstractProtocol$ConnectionHandler.process(AbstractProtocol.java:903)
	at org.apache.tomcat.util.net.NioEndpoint$SocketProcessor.doRun(NioEndpoint.java:1769)
	at org.apache.tomcat.util.net.SocketProcessorBase.run(SocketProcessorBase.java:52)
	at org.apache.tomcat.util.threads.ThreadPoolExecutor.runWorker(ThreadPoolExecutor.java:1189)
	at org.apache.tomcat.util.threads.ThreadPoolExecutor$Worker.run(ThreadPoolExecutor.java:658)
	at org.apache.tomcat.util.threads.TaskThread$WrappingRunnable.run(TaskThread.java:63)
	at java.base/java.lang.Thread.run(Thread.java:1583)
2025-08-30 12:55:26 [http-nio-8080-exec-9] ERROR c.e.b.s.e.GlobalExceptionHandler - 🔥 Excepción no controlada: No static resource proveedores/8fa6f2ac-ea85-49b3-b313-4d15d9a7b5a9.png.
org.springframework.web.servlet.resource.NoResourceFoundException: No static resource proveedores/8fa6f2ac-ea85-49b3-b313-4d15d9a7b5a9.png.
	at org.springframework.web.servlet.resource.ResourceHttpRequestHandler.handleRequest(ResourceHttpRequestHandler.java:585)
	at org.springframework.web.servlet.mvc.HttpRequestHandlerAdapter.handle(HttpRequestHandlerAdapter.java:52)
	at org.springframework.web.servlet.DispatcherServlet.doDispatch(DispatcherServlet.java:1089)
	at org.springframework.web.servlet.DispatcherServlet.doService(DispatcherServlet.java:979)
	at org.springframework.web.servlet.FrameworkServlet.processRequest(FrameworkServlet.java:1014)
	at org.springframework.web.servlet.FrameworkServlet.doGet(FrameworkServlet.java:903)
	at jakarta.servlet.http.HttpServlet.service(HttpServlet.java:564)
	at org.springframework.web.servlet.FrameworkServlet.service(FrameworkServlet.java:885)
	at jakarta.servlet.http.HttpServlet.service(HttpServlet.java:658)
	at org.apache.catalina.core.ApplicationFilterChain.internalDoFilter(ApplicationFilterChain.java:195)
	at org.apache.catalina.core.ApplicationFilterChain.doFilter(ApplicationFilterChain.java:140)
	at org.apache.tomcat.websocket.server.WsFilter.doFilter(WsFilter.java:51)
	at org.apache.catalina.core.ApplicationFilterChain.internalDoFilter(ApplicationFilterChain.java:164)
	at org.apache.catalina.core.ApplicationFilterChain.doFilter(ApplicationFilterChain.java:140)
	at com.example.backend.shared.logging.RequestLoggingFilter.doFilterInternal(RequestLoggingFilter.java:29)
	at org.springframework.web.filter.OncePerRequestFilter.doFilter(OncePerRequestFilter.java:116)
	at org.apache.catalina.core.ApplicationFilterChain.internalDoFilter(ApplicationFilterChain.java:164)
	at org.apache.catalina.core.ApplicationFilterChain.doFilter(ApplicationFilterChain.java:140)
	at org.springframework.web.filter.OncePerRequestFilter.doFilter(OncePerRequestFilter.java:110)
	at org.apache.catalina.core.ApplicationFilterChain.internalDoFilter(ApplicationFilterChain.java:164)
	at org.apache.catalina.core.ApplicationFilterChain.doFilter(ApplicationFilterChain.java:140)
	at org.springframework.web.filter.CompositeFilter$VirtualFilterChain.doFilter(CompositeFilter.java:108)
	at org.springframework.web.filter.CompositeFilter$VirtualFilterChain.doFilter(CompositeFilter.java:108)
	at org.springframework.security.web.FilterChainProxy.lambda$doFilterInternal$3(FilterChainProxy.java:231)
	at org.springframework.security.web.FilterChainProxy$VirtualFilterChain.doFilter(FilterChainProxy.java:365)
	at org.springframework.security.web.access.intercept.AuthorizationFilter.doFilter(AuthorizationFilter.java:101)
	at org.springframework.security.web.FilterChainProxy$VirtualFilterChain.doFilter(FilterChainProxy.java:374)
	at org.springframework.security.web.access.ExceptionTranslationFilter.doFilter(ExceptionTranslationFilter.java:125)
	at org.springframework.security.web.access.ExceptionTranslationFilter.doFilter(ExceptionTranslationFilter.java:119)
	at org.springframework.security.web.FilterChainProxy$VirtualFilterChain.doFilter(FilterChainProxy.java:374)
	at org.springframework.security.web.session.SessionManagementFilter.doFilter(SessionManagementFilter.java:131)
	at org.springframework.security.web.session.SessionManagementFilter.doFilter(SessionManagementFilter.java:85)
	at org.springframework.security.web.FilterChainProxy$VirtualFilterChain.doFilter(FilterChainProxy.java:374)
	at org.springframework.security.web.authentication.AnonymousAuthenticationFilter.doFilter(AnonymousAuthenticationFilter.java:100)
	at org.springframework.security.web.FilterChainProxy$VirtualFilterChain.doFilter(FilterChainProxy.java:374)
	at org.springframework.security.web.servletapi.SecurityContextHolderAwareRequestFilter.doFilter(SecurityContextHolderAwareRequestFilter.java:179)
	at org.springframework.security.web.FilterChainProxy$VirtualFilterChain.doFilter(FilterChainProxy.java:374)
	at org.springframework.security.web.savedrequest.RequestCacheAwareFilter.doFilter(RequestCacheAwareFilter.java:63)
	at org.springframework.security.web.FilterChainProxy$VirtualFilterChain.doFilter(FilterChainProxy.java:374)
	at com.example.backend.config.security.JwtCookieAuthenticationFilter.doFilterInternal(JwtCookieAuthenticationFilter.java:62)
	at org.springframework.web.filter.OncePerRequestFilter.doFilter(OncePerRequestFilter.java:116)
	at org.springframework.security.web.FilterChainProxy$VirtualFilterChain.doFilter(FilterChainProxy.java:374)
	at org.springframework.security.web.authentication.AbstractAuthenticationProcessingFilter.doFilter(AbstractAuthenticationProcessingFilter.java:235)
	at org.springframework.security.web.authentication.AbstractAuthenticationProcessingFilter.doFilter(AbstractAuthenticationProcessingFilter.java:229)
	at org.springframework.security.web.FilterChainProxy$VirtualFilterChain.doFilter(FilterChainProxy.java:374)
	at org.springframework.security.oauth2.client.web.OAuth2AuthorizationRequestRedirectFilter.doFilterInternal(OAuth2AuthorizationRequestRedirectFilter.java:198)
	at org.springframework.web.filter.OncePerRequestFilter.doFilter(OncePerRequestFilter.java:116)
	at org.springframework.security.web.FilterChainProxy$VirtualFilterChain.doFilter(FilterChainProxy.java:374)
	at org.springframework.security.web.authentication.logout.LogoutFilter.doFilter(LogoutFilter.java:107)
	at org.springframework.security.web.authentication.logout.LogoutFilter.doFilter(LogoutFilter.java:93)
	at org.springframework.security.web.FilterChainProxy$VirtualFilterChain.doFilter(FilterChainProxy.java:374)
	at org.springframework.web.filter.CorsFilter.doFilterInternal(CorsFilter.java:91)
	at org.springframework.web.filter.OncePerRequestFilter.doFilter(OncePerRequestFilter.java:116)
	at org.springframework.security.web.FilterChainProxy$VirtualFilterChain.doFilter(FilterChainProxy.java:374)
	at org.springframework.security.web.header.HeaderWriterFilter.doHeadersAfter(HeaderWriterFilter.java:90)
	at org.springframework.security.web.header.HeaderWriterFilter.doFilterInternal(HeaderWriterFilter.java:75)
	at org.springframework.web.filter.OncePerRequestFilter.doFilter(OncePerRequestFilter.java:116)
	at org.springframework.security.web.FilterChainProxy$VirtualFilterChain.doFilter(FilterChainProxy.java:374)
	at org.springframework.security.web.context.SecurityContextHolderFilter.doFilter(SecurityContextHolderFilter.java:82)
	at org.springframework.security.web.context.SecurityContextHolderFilter.doFilter(SecurityContextHolderFilter.java:69)
	at org.springframework.security.web.FilterChainProxy$VirtualFilterChain.doFilter(FilterChainProxy.java:374)
	at org.springframework.security.web.context.request.async.WebAsyncManagerIntegrationFilter.doFilterInternal(WebAsyncManagerIntegrationFilter.java:62)
	at org.springframework.web.filter.OncePerRequestFilter.doFilter(OncePerRequestFilter.java:116)
	at org.springframework.security.web.FilterChainProxy$VirtualFilterChain.doFilter(FilterChainProxy.java:374)
	at org.springframework.security.web.session.DisableEncodeUrlFilter.doFilterInternal(DisableEncodeUrlFilter.java:42)
	at org.springframework.web.filter.OncePerRequestFilter.doFilter(OncePerRequestFilter.java:116)
	at org.springframework.security.web.FilterChainProxy$VirtualFilterChain.doFilter(FilterChainProxy.java:374)
	at org.springframework.security.web.FilterChainProxy.doFilterInternal(FilterChainProxy.java:233)
	at org.springframework.security.web.FilterChainProxy.doFilter(FilterChainProxy.java:191)
	at org.springframework.web.filter.CompositeFilter$VirtualFilterChain.doFilter(CompositeFilter.java:113)
	at org.springframework.web.filter.ServletRequestPathFilter.doFilter(ServletRequestPathFilter.java:52)
	at org.springframework.web.filter.CompositeFilter$VirtualFilterChain.doFilter(CompositeFilter.java:113)
	at org.springframework.web.filter.CompositeFilter.doFilter(CompositeFilter.java:74)
	at org.springframework.security.config.annotation.web.configuration.WebSecurityConfiguration$CompositeFilterChainProxy.doFilter(WebSecurityConfiguration.java:319)
	at org.springframework.web.filter.CompositeFilter$VirtualFilterChain.doFilter(CompositeFilter.java:113)
	at org.springframework.web.servlet.handler.HandlerMappingIntrospector.lambda$createCacheFilter$4(HandlerMappingIntrospector.java:267)
	at org.springframework.web.filter.CompositeFilter$VirtualFilterChain.doFilter(CompositeFilter.java:113)
	at org.springframework.web.filter.CompositeFilter.doFilter(CompositeFilter.java:74)
	at org.springframework.security.config.annotation.web.configuration.WebMvcSecurityConfiguration$CompositeFilterChainProxy.doFilter(WebMvcSecurityConfiguration.java:240)
	at org.springframework.web.filter.DelegatingFilterProxy.invokeDelegate(DelegatingFilterProxy.java:362)
	at org.springframework.web.filter.DelegatingFilterProxy.doFilter(DelegatingFilterProxy.java:278)
	at org.apache.catalina.core.ApplicationFilterChain.internalDoFilter(ApplicationFilterChain.java:164)
	at org.apache.catalina.core.ApplicationFilterChain.doFilter(ApplicationFilterChain.java:140)
	at org.springframework.web.filter.RequestContextFilter.doFilterInternal(RequestContextFilter.java:100)
	at org.springframework.web.filter.OncePerRequestFilter.doFilter(OncePerRequestFilter.java:116)
	at org.apache.catalina.core.ApplicationFilterChain.internalDoFilter(ApplicationFilterChain.java:164)
	at org.apache.catalina.core.ApplicationFilterChain.doFilter(ApplicationFilterChain.java:140)
	at org.springframework.web.filter.FormContentFilter.doFilterInternal(FormContentFilter.java:93)
	at org.springframework.web.filter.OncePerRequestFilter.doFilter(OncePerRequestFilter.java:116)
	at org.apache.catalina.core.ApplicationFilterChain.internalDoFilter(ApplicationFilterChain.java:164)
	at org.apache.catalina.core.ApplicationFilterChain.doFilter(ApplicationFilterChain.java:140)
	at org.springframework.web.filter.CharacterEncodingFilter.doFilterInternal(CharacterEncodingFilter.java:201)
	at org.springframework.web.filter.OncePerRequestFilter.doFilter(OncePerRequestFilter.java:116)
	at org.apache.catalina.core.ApplicationFilterChain.internalDoFilter(ApplicationFilterChain.java:164)
	at org.apache.catalina.core.ApplicationFilterChain.doFilter(ApplicationFilterChain.java:140)
	at org.apache.catalina.core.StandardWrapperValve.invoke(StandardWrapperValve.java:167)
	at org.apache.catalina.core.StandardContextValve.invoke(StandardContextValve.java:90)
	at org.apache.catalina.authenticator.AuthenticatorBase.invoke(AuthenticatorBase.java:483)
	at org.apache.catalina.core.StandardHostValve.invoke(StandardHostValve.java:116)
	at org.apache.catalina.valves.ErrorReportValve.invoke(ErrorReportValve.java:93)
	at org.apache.catalina.core.StandardEngineValve.invoke(StandardEngineValve.java:74)
	at org.apache.catalina.connector.CoyoteAdapter.service(CoyoteAdapter.java:344)
	at org.apache.coyote.http11.Http11Processor.service(Http11Processor.java:398)
	at org.apache.coyote.AbstractProcessorLight.process(AbstractProcessorLight.java:63)
	at org.apache.coyote.AbstractProtocol$ConnectionHandler.process(AbstractProtocol.java:903)
	at org.apache.tomcat.util.net.NioEndpoint$SocketProcessor.doRun(NioEndpoint.java:1769)
	at org.apache.tomcat.util.net.SocketProcessorBase.run(SocketProcessorBase.java:52)
	at org.apache.tomcat.util.threads.ThreadPoolExecutor.runWorker(ThreadPoolExecutor.java:1189)
	at org.apache.tomcat.util.threads.ThreadPoolExecutor$Worker.run(ThreadPoolExecutor.java:658)
	at org.apache.tomcat.util.threads.TaskThread$WrappingRunnable.run(TaskThread.java:63)
	at java.base/java.lang.Thread.run(Thread.java:1583)
2025-08-30 12:55:26 [http-nio-8080-exec-9] WARN  o.s.w.s.m.m.a.ExceptionHandlerExceptionResolver - Resolved [org.springframework.web.servlet.resource.NoResourceFoundException: No static resource proveedores/8fa6f2ac-ea85-49b3-b313-4d15d9a7b5a9.png.]
2025-08-30 12:55:26 [http-nio-8080-exec-1] WARN  o.s.w.s.m.m.a.ExceptionHandlerExceptionResolver - Resolved [org.springframework.web.servlet.resource.NoResourceFoundException: No static resource proveedores/3a75494f-438f-4af7-86e0-9e95938a0cfd.png.]
2025-08-30 12:55:26 [http-nio-8080-exec-9] INFO  c.e.b.s.logging.RequestLoggingFilter - [GET] /uploads/proveedores/8fa6f2ac-ea85-49b3-b313-4d15d9a7b5a9.png -> 500 (4 ms)
2025-08-30 12:55:26 [http-nio-8080-exec-1] INFO  c.e.b.s.logging.RequestLoggingFilter - [GET] /uploads/proveedores/3a75494f-438f-4af7-86e0-9e95938a0cfd.png -> 500 (4 ms)
2025-08-30 12:55:50 [http-nio-8080-exec-6] INFO  c.e.b.c.c.c.CommentController - → [CommentController] Solicitud para obtener comentarios del providerId=2
2025-08-30 12:55:50 [http-nio-8080-exec-6] INFO  c.e.b.c.service.CommentService - → [CommentService] Obteniendo comentarios para providerId=2
2025-08-30 12:55:50 [http-nio-8080-exec-6] INFO  c.e.b.c.s.i.GetCommentsByProviderService - → [GetCommentsByProviderService] Solicitando comentarios para providerId=2
2025-08-30 12:55:50 [http-nio-8080-exec-6] INFO  c.e.b.c.s.i.GetCommentsByProviderService - ✓ [GetCommentsByProviderService] Se recuperaron 2 comentarios para providerId=2
2025-08-30 12:55:50 [http-nio-8080-exec-6] INFO  c.e.b.c.service.CommentService - ✓ [CommentService] Se recuperaron 2 comentarios para providerId=2
2025-08-30 12:55:50 [http-nio-8080-exec-6] INFO  c.e.b.c.c.c.CommentController - ✓ [CommentController] Se recuperaron 2 comentarios para providerId=2
2025-08-30 12:55:50 [http-nio-8080-exec-6] INFO  c.e.b.s.logging.RequestLoggingFilter - [GET] /comments/getAllByProvider -> 200 (21 ms)
2025-08-30 12:56:30 [http-nio-8080-exec-10] INFO  c.e.b.c.c.c.CommentController - → [CommentController] Solicitud para obtener comentarios del providerId=17
2025-08-30 12:56:30 [http-nio-8080-exec-10] INFO  c.e.b.c.service.CommentService - → [CommentService] Obteniendo comentarios para providerId=17
2025-08-30 12:56:30 [http-nio-8080-exec-10] INFO  c.e.b.c.s.i.GetCommentsByProviderService - → [GetCommentsByProviderService] Solicitando comentarios para providerId=17
2025-08-30 12:56:30 [http-nio-8080-exec-10] INFO  c.e.b.c.s.i.GetCommentsByProviderService - ✓ [GetCommentsByProviderService] Se recuperaron 1 comentarios para providerId=17
2025-08-30 12:56:30 [http-nio-8080-exec-10] INFO  c.e.b.c.service.CommentService - ✓ [CommentService] Se recuperaron 1 comentarios para providerId=17
2025-08-30 12:56:30 [http-nio-8080-exec-10] INFO  c.e.b.c.c.c.CommentController - ✓ [CommentController] Se recuperaron 1 comentarios para providerId=17
2025-08-30 12:56:30 [http-nio-8080-exec-10] INFO  c.e.b.s.logging.RequestLoggingFilter - [GET] /comments/getAllByProvider -> 200 (10 ms)
2025-08-30 12:56:43 [http-nio-8080-exec-7] INFO  c.e.b.c.c.c.CommentController - → [CommentController] Solicitud para obtener comentarios del providerId=1
2025-08-30 12:56:43 [http-nio-8080-exec-7] INFO  c.e.b.c.service.CommentService - → [CommentService] Obteniendo comentarios para providerId=1
2025-08-30 12:56:43 [http-nio-8080-exec-7] INFO  c.e.b.c.s.i.GetCommentsByProviderService - → [GetCommentsByProviderService] Solicitando comentarios para providerId=1
2025-08-30 12:56:43 [http-nio-8080-exec-7] INFO  c.e.b.c.s.i.GetCommentsByProviderService - ✓ [GetCommentsByProviderService] Se recuperaron 10 comentarios para providerId=1
2025-08-30 12:56:43 [http-nio-8080-exec-7] INFO  c.e.b.c.service.CommentService - ✓ [CommentService] Se recuperaron 10 comentarios para providerId=1
2025-08-30 12:56:43 [http-nio-8080-exec-7] INFO  c.e.b.c.c.c.CommentController - ✓ [CommentController] Se recuperaron 10 comentarios para providerId=1
2025-08-30 12:56:43 [http-nio-8080-exec-7] INFO  c.e.b.s.logging.RequestLoggingFilter - [GET] /comments/getAllByProvider -> 200 (15 ms)
2025-08-30 12:57:37 [http-nio-8080-exec-6] INFO  c.e.b.u.c.controllers.AuthController - Intento de login para usuario: admin@admin.com
2025-08-30 12:57:37 [http-nio-8080-exec-6] INFO  c.e.b.u.s.implement.LoginService - Intentando autenticar usuario con email: admin@admin.com
2025-08-30 12:57:37 [http-nio-8080-exec-6] INFO  c.e.b.u.s.i.AuthenticationServiceImpl - Último login actualizado para usuario id=3, email=admin@admin.com
2025-08-30 12:57:37 [http-nio-8080-exec-6] INFO  c.e.b.config.security.JwtService - Se generó un nuevo token para el usuario [admin@admin.com], rol: ADMIN
2025-08-30 12:57:37 [http-nio-8080-exec-6] INFO  c.e.b.u.s.i.AuthenticationServiceImpl - JWT generado exitosamente para usuario id=3
2025-08-30 12:57:37 [http-nio-8080-exec-6] INFO  c.e.b.u.s.implement.LoginService - Cookie de autenticación creada y añadida a la respuesta para usuario admin@admin.com
2025-08-30 12:57:37 [http-nio-8080-exec-6] INFO  c.e.b.u.s.implement.GetUserByEmail - Usuario encontrado con email: admin@admin.com
2025-08-30 12:57:37 [http-nio-8080-exec-6] INFO  c.e.b.u.s.implement.LoginService - Usuario admin@admin.com autenticado exitosamente con ID 3
2025-08-30 12:57:37 [http-nio-8080-exec-6] INFO  c.e.b.u.c.controllers.AuthController - Login exitoso para usuario: admin@admin.com
2025-08-30 12:57:37 [http-nio-8080-exec-6] INFO  c.e.b.s.logging.RequestLoggingFilter - [POST] /auth/login -> 200 (415 ms)
2025-08-30 12:57:37 [http-nio-8080-exec-4] INFO  c.e.b.config.security.JwtService - Token válido para el usuario [admin@admin.com]
2025-08-30 12:57:37 [http-nio-8080-exec-4] INFO  c.e.b.a.c.c.DashboardController - Iniciando consulta de métricas para dashboard
2025-08-30 12:57:37 [http-nio-8080-exec-4] INFO  c.e.b.a.c.c.DashboardController - Consulta completada -> Proveedores: 13, Categorías: 6, Usuarios: 8, Promedio: 3.5
2025-08-30 12:57:37 [http-nio-8080-exec-4] INFO  c.e.b.s.logging.RequestLoggingFilter - [GET] /dashboard/metrics -> 200 (48 ms)
2025-08-30 12:57:37 [http-nio-8080-exec-5] INFO  c.e.b.config.security.JwtService - Token válido para el usuario [admin@admin.com]
2025-08-30 12:57:37 [http-nio-8080-exec-5] INFO  c.e.b.a.c.c.DashboardController - Iniciando consulta de métricas para dashboard
2025-08-30 12:57:37 [http-nio-8080-exec-5] INFO  c.e.b.a.c.c.DashboardController - Consulta completada -> Proveedores: 13, Categorías: 6, Usuarios: 8, Promedio: 3.5
2025-08-30 12:57:37 [http-nio-8080-exec-5] INFO  c.e.b.s.logging.RequestLoggingFilter - [GET] /dashboard/metrics -> 200 (17 ms)
2025-08-30 12:58:05 [http-nio-8080-exec-7] INFO  c.e.b.p.c.c.ProviderController - → [ProviderController] Solicitud para listar proveedores paginados | page=0 | size=5
2025-08-30 12:58:05 [http-nio-8080-exec-7] INFO  c.e.b.p.service.ProviderService - → [ProviderService] Iniciando recuperación de prestadores | página=0 | size=5
2025-08-30 12:58:05 [http-nio-8080-exec-10] INFO  c.e.b.config.security.JwtService - Token válido para el usuario [admin@admin.com]
2025-08-30 12:58:05 [http-nio-8080-exec-10] INFO  c.e.b.c.c.c.CategoryController - Petición recibida para listar todas las categorías
2025-08-30 12:58:05 [http-nio-8080-exec-10] INFO  c.e.b.c.service.CategoryService - Recuperando todas las categorías...
2025-08-30 12:58:05 [http-nio-8080-exec-10] INFO  c.e.b.c.s.i.GetAllCategories - → [GetAllCategories] Solicitud para obtener todas las categorías ordenadas por nombre
2025-08-30 12:58:05 [http-nio-8080-exec-10] INFO  c.e.b.c.s.i.GetAllCategories - ✓ [GetAllCategories] Se recuperaron 6 categorías
2025-08-30 12:58:05 [http-nio-8080-exec-10] INFO  c.e.b.c.service.CategoryService - Se recuperaron 6 categorías
2025-08-30 12:58:05 [http-nio-8080-exec-10] INFO  c.e.b.c.c.c.CategoryController - Se recuperaron 6 categorías
2025-08-30 12:58:05 [http-nio-8080-exec-10] INFO  c.e.b.s.logging.RequestLoggingFilter - [GET] /api/categories/getAll -> 200 (6 ms)
2025-08-30 12:58:05 [http-nio-8080-exec-7] INFO  c.e.b.p.service.ProviderService - ✓ [ProviderService] Recuperados 5 prestadores | página=0 de 3 | totalElements=13
2025-08-30 12:58:05 [http-nio-8080-exec-7] INFO  c.e.b.p.c.c.ProviderController - ✓ [ProviderController] Se recuperaron 5 proveedores en la página 0 de 3 (total elementos=13)
2025-08-30 12:58:05 [http-nio-8080-exec-7] INFO  c.e.b.s.logging.RequestLoggingFilter - [GET] /api/providers/paged -> 200 (26 ms)
2025-08-30 12:58:05 [http-nio-8080-exec-2] INFO  c.e.b.p.c.c.ProviderController - → [ProviderController] Solicitud para listar proveedores paginados | page=0 | size=5
2025-08-30 12:58:05 [http-nio-8080-exec-2] INFO  c.e.b.p.service.ProviderService - → [ProviderService] Iniciando recuperación de prestadores | página=0 | size=5
2025-08-30 12:58:05 [http-nio-8080-exec-8] INFO  c.e.b.config.security.JwtService - Token válido para el usuario [admin@admin.com]
2025-08-30 12:58:05 [http-nio-8080-exec-8] INFO  c.e.b.c.c.c.CategoryController - Petición recibida para listar todas las categorías
2025-08-30 12:58:05 [http-nio-8080-exec-8] INFO  c.e.b.c.service.CategoryService - Recuperando todas las categorías...
2025-08-30 12:58:05 [http-nio-8080-exec-8] INFO  c.e.b.c.s.i.GetAllCategories - → [GetAllCategories] Solicitud para obtener todas las categorías ordenadas por nombre
2025-08-30 12:58:05 [http-nio-8080-exec-8] INFO  c.e.b.c.s.i.GetAllCategories - ✓ [GetAllCategories] Se recuperaron 6 categorías
2025-08-30 12:58:05 [http-nio-8080-exec-8] INFO  c.e.b.c.service.CategoryService - Se recuperaron 6 categorías
2025-08-30 12:58:05 [http-nio-8080-exec-8] INFO  c.e.b.c.c.c.CategoryController - Se recuperaron 6 categorías
2025-08-30 12:58:05 [http-nio-8080-exec-8] INFO  c.e.b.s.logging.RequestLoggingFilter - [GET] /api/categories/getAll -> 200 (7 ms)
2025-08-30 12:58:05 [http-nio-8080-exec-2] INFO  c.e.b.p.service.ProviderService - ✓ [ProviderService] Recuperados 5 prestadores | página=0 de 3 | totalElements=13
2025-08-30 12:58:05 [http-nio-8080-exec-2] INFO  c.e.b.p.c.c.ProviderController - ✓ [ProviderController] Se recuperaron 5 proveedores en la página 0 de 3 (total elementos=13)
2025-08-30 12:58:05 [http-nio-8080-exec-2] INFO  c.e.b.s.logging.RequestLoggingFilter - [GET] /api/providers/paged -> 200 (25 ms)
2025-08-30 12:58:05 [http-nio-8080-exec-3] INFO  c.e.b.p.c.c.ProviderController - → [ProviderController] Solicitud para listar proveedores paginados | page=0 | size=5
2025-08-30 12:58:05 [http-nio-8080-exec-3] INFO  c.e.b.p.service.ProviderService - → [ProviderService] Iniciando recuperación de prestadores | página=0 | size=5
2025-08-30 12:58:05 [http-nio-8080-exec-3] INFO  c.e.b.p.service.ProviderService - ✓ [ProviderService] Recuperados 5 prestadores | página=0 de 3 | totalElements=13
2025-08-30 12:58:05 [http-nio-8080-exec-3] INFO  c.e.b.p.c.c.ProviderController - ✓ [ProviderController] Se recuperaron 5 proveedores en la página 0 de 3 (total elementos=13)
2025-08-30 12:58:05 [http-nio-8080-exec-3] INFO  c.e.b.s.logging.RequestLoggingFilter - [GET] /api/providers/paged -> 200 (27 ms)
2025-08-30 13:08:14 [http-nio-8080-exec-10] INFO  c.e.b.p.c.c.ProviderController - → [ProviderController] Solicitud para listar proveedores paginados | page=0 | size=5
2025-08-30 13:08:14 [http-nio-8080-exec-10] INFO  c.e.b.p.service.ProviderService - → [ProviderService] Iniciando recuperación de prestadores | página=0 | size=5
2025-08-30 13:08:14 [http-nio-8080-exec-5] INFO  c.e.b.config.security.JwtService - Token válido para el usuario [admin@admin.com]
2025-08-30 13:08:14 [http-nio-8080-exec-7] INFO  c.e.b.config.security.JwtService - Token válido para el usuario [admin@admin.com]
2025-08-30 13:08:14 [http-nio-8080-exec-5] INFO  c.e.b.c.c.c.CategoryController - Petición recibida para listar todas las categorías
2025-08-30 13:08:14 [http-nio-8080-exec-5] INFO  c.e.b.c.service.CategoryService - Recuperando todas las categorías...
2025-08-30 13:08:14 [http-nio-8080-exec-5] INFO  c.e.b.c.s.i.GetAllCategories - → [GetAllCategories] Solicitud para obtener todas las categorías ordenadas por nombre
2025-08-30 13:08:14 [http-nio-8080-exec-7] INFO  c.e.b.u.c.controllers.AuthController - Obteniendo sesión actual
2025-08-30 13:08:14 [http-nio-8080-exec-5] INFO  c.e.b.c.s.i.GetAllCategories - ✓ [GetAllCategories] Se recuperaron 6 categorías
2025-08-30 13:08:14 [http-nio-8080-exec-5] INFO  c.e.b.c.service.CategoryService - Se recuperaron 6 categorías
2025-08-30 13:08:14 [http-nio-8080-exec-5] INFO  c.e.b.c.c.c.CategoryController - Se recuperaron 6 categorías
2025-08-30 13:08:14 [http-nio-8080-exec-5] INFO  c.e.b.s.logging.RequestLoggingFilter - [GET] /api/categories/getAll -> 200 (6 ms)
2025-08-30 13:08:14 [http-nio-8080-exec-7] INFO  c.e.b.u.s.implement.GetUserSession - Sesión válida encontrada. Usuario autenticado: id=3, email=admin@admin.com
2025-08-30 13:08:14 [http-nio-8080-exec-7] INFO  c.e.b.u.c.controllers.AuthController - Sesión obtenida para usuario: admin@admin.com
2025-08-30 13:08:14 [http-nio-8080-exec-7] INFO  c.e.b.s.logging.RequestLoggingFilter - [GET] /auth/me -> 200 (12 ms)
2025-08-30 13:08:14 [http-nio-8080-exec-10] INFO  c.e.b.p.service.ProviderService - ✓ [ProviderService] Recuperados 5 prestadores | página=0 de 3 | totalElements=13
2025-08-30 13:08:14 [http-nio-8080-exec-10] INFO  c.e.b.p.c.c.ProviderController - ✓ [ProviderController] Se recuperaron 5 proveedores en la página 0 de 3 (total elementos=13)
2025-08-30 13:08:14 [http-nio-8080-exec-10] INFO  c.e.b.s.logging.RequestLoggingFilter - [GET] /api/providers/paged -> 200 (39 ms)
2025-08-30 13:08:14 [http-nio-8080-exec-3] INFO  c.e.b.p.c.c.ProviderController - → [ProviderController] Solicitud para listar proveedores paginados | page=0 | size=5
2025-08-30 13:08:14 [http-nio-8080-exec-3] INFO  c.e.b.p.service.ProviderService - → [ProviderService] Iniciando recuperación de prestadores | página=0 | size=5
2025-08-30 13:08:14 [http-nio-8080-exec-8] INFO  c.e.b.config.security.JwtService - Token válido para el usuario [admin@admin.com]
2025-08-30 13:08:14 [http-nio-8080-exec-8] INFO  c.e.b.c.c.c.CategoryController - Petición recibida para listar todas las categorías
2025-08-30 13:08:14 [http-nio-8080-exec-8] INFO  c.e.b.c.service.CategoryService - Recuperando todas las categorías...
2025-08-30 13:08:14 [http-nio-8080-exec-8] INFO  c.e.b.c.s.i.GetAllCategories - → [GetAllCategories] Solicitud para obtener todas las categorías ordenadas por nombre
2025-08-30 13:08:14 [http-nio-8080-exec-2] INFO  c.e.b.config.security.JwtService - Token válido para el usuario [admin@admin.com]
2025-08-30 13:08:14 [http-nio-8080-exec-8] INFO  c.e.b.c.s.i.GetAllCategories - ✓ [GetAllCategories] Se recuperaron 6 categorías
2025-08-30 13:08:14 [http-nio-8080-exec-8] INFO  c.e.b.c.service.CategoryService - Se recuperaron 6 categorías
2025-08-30 13:08:14 [http-nio-8080-exec-8] INFO  c.e.b.c.c.c.CategoryController - Se recuperaron 6 categorías
2025-08-30 13:08:14 [http-nio-8080-exec-2] INFO  c.e.b.u.c.controllers.AuthController - Obteniendo sesión actual
2025-08-30 13:08:14 [http-nio-8080-exec-8] INFO  c.e.b.s.logging.RequestLoggingFilter - [GET] /api/categories/getAll -> 200 (9 ms)
2025-08-30 13:08:14 [http-nio-8080-exec-2] INFO  c.e.b.u.s.implement.GetUserSession - Sesión válida encontrada. Usuario autenticado: id=3, email=admin@admin.com
2025-08-30 13:08:14 [http-nio-8080-exec-2] INFO  c.e.b.u.c.controllers.AuthController - Sesión obtenida para usuario: admin@admin.com
2025-08-30 13:08:14 [http-nio-8080-exec-2] INFO  c.e.b.s.logging.RequestLoggingFilter - [GET] /auth/me -> 200 (12 ms)
2025-08-30 13:08:14 [http-nio-8080-exec-3] INFO  c.e.b.p.service.ProviderService - ✓ [ProviderService] Recuperados 5 prestadores | página=0 de 3 | totalElements=13
2025-08-30 13:08:14 [http-nio-8080-exec-3] INFO  c.e.b.p.c.c.ProviderController - ✓ [ProviderController] Se recuperaron 5 proveedores en la página 0 de 3 (total elementos=13)
2025-08-30 13:08:14 [http-nio-8080-exec-3] INFO  c.e.b.s.logging.RequestLoggingFilter - [GET] /api/providers/paged -> 200 (33 ms)
2025-08-30 13:08:14 [http-nio-8080-exec-9] INFO  c.e.b.p.c.c.ProviderController - → [ProviderController] Solicitud para listar proveedores paginados | page=0 | size=5
2025-08-30 13:08:14 [http-nio-8080-exec-9] INFO  c.e.b.p.service.ProviderService - → [ProviderService] Iniciando recuperación de prestadores | página=0 | size=5
2025-08-30 13:08:14 [http-nio-8080-exec-9] INFO  c.e.b.p.service.ProviderService - ✓ [ProviderService] Recuperados 5 prestadores | página=0 de 3 | totalElements=13
2025-08-30 13:08:14 [http-nio-8080-exec-9] INFO  c.e.b.p.c.c.ProviderController - ✓ [ProviderController] Se recuperaron 5 proveedores en la página 0 de 3 (total elementos=13)
2025-08-30 13:08:14 [http-nio-8080-exec-9] INFO  c.e.b.s.logging.RequestLoggingFilter - [GET] /api/providers/paged -> 200 (36 ms)
2025-08-30 13:08:45 [http-nio-8080-exec-1] INFO  c.e.b.p.c.c.ProviderController - → [ProviderController] Solicitud para listar proveedores paginados | page=1 | size=5
2025-08-30 13:08:45 [http-nio-8080-exec-1] INFO  c.e.b.p.service.ProviderService - → [ProviderService] Iniciando recuperación de prestadores | página=1 | size=5
2025-08-30 13:08:45 [http-nio-8080-exec-1] INFO  c.e.b.p.service.ProviderService - ✓ [ProviderService] Recuperados 5 prestadores | página=1 de 3 | totalElements=13
2025-08-30 13:08:45 [http-nio-8080-exec-1] INFO  c.e.b.p.c.c.ProviderController - ✓ [ProviderController] Se recuperaron 5 proveedores en la página 1 de 3 (total elementos=13)
2025-08-30 13:08:45 [http-nio-8080-exec-1] INFO  c.e.b.s.logging.RequestLoggingFilter - [GET] /api/providers/paged -> 200 (23 ms)
2025-08-30 13:08:45 [http-nio-8080-exec-4] INFO  c.e.b.config.security.JwtService - Token válido para el usuario [admin@admin.com]
2025-08-30 13:08:45 [http-nio-8080-exec-6] INFO  c.e.b.config.security.JwtService - Token válido para el usuario [admin@admin.com]
2025-08-30 13:08:45 [http-nio-8080-exec-4] ERROR c.e.b.s.e.GlobalExceptionHandler - 🔥 Excepción no controlada: No static resource proveedores/c4f2e8ea-6d56-400f-9b1f-92ce2567530e.jpg.
org.springframework.web.servlet.resource.NoResourceFoundException: No static resource proveedores/c4f2e8ea-6d56-400f-9b1f-92ce2567530e.jpg.
	at org.springframework.web.servlet.resource.ResourceHttpRequestHandler.handleRequest(ResourceHttpRequestHandler.java:585)
	at org.springframework.web.servlet.mvc.HttpRequestHandlerAdapter.handle(HttpRequestHandlerAdapter.java:52)
	at org.springframework.web.servlet.DispatcherServlet.doDispatch(DispatcherServlet.java:1089)
	at org.springframework.web.servlet.DispatcherServlet.doService(DispatcherServlet.java:979)
	at org.springframework.web.servlet.FrameworkServlet.processRequest(FrameworkServlet.java:1014)
	at org.springframework.web.servlet.FrameworkServlet.doGet(FrameworkServlet.java:903)
	at jakarta.servlet.http.HttpServlet.service(HttpServlet.java:564)
	at org.springframework.web.servlet.FrameworkServlet.service(FrameworkServlet.java:885)
	at jakarta.servlet.http.HttpServlet.service(HttpServlet.java:658)
	at org.apache.catalina.core.ApplicationFilterChain.internalDoFilter(ApplicationFilterChain.java:195)
	at org.apache.catalina.core.ApplicationFilterChain.doFilter(ApplicationFilterChain.java:140)
	at org.apache.tomcat.websocket.server.WsFilter.doFilter(WsFilter.java:51)
	at org.apache.catalina.core.ApplicationFilterChain.internalDoFilter(ApplicationFilterChain.java:164)
	at org.apache.catalina.core.ApplicationFilterChain.doFilter(ApplicationFilterChain.java:140)
	at com.example.backend.shared.logging.RequestLoggingFilter.doFilterInternal(RequestLoggingFilter.java:29)
	at org.springframework.web.filter.OncePerRequestFilter.doFilter(OncePerRequestFilter.java:116)
	at org.apache.catalina.core.ApplicationFilterChain.internalDoFilter(ApplicationFilterChain.java:164)
	at org.apache.catalina.core.ApplicationFilterChain.doFilter(ApplicationFilterChain.java:140)
	at org.springframework.web.filter.OncePerRequestFilter.doFilter(OncePerRequestFilter.java:110)
	at org.apache.catalina.core.ApplicationFilterChain.internalDoFilter(ApplicationFilterChain.java:164)
	at org.apache.catalina.core.ApplicationFilterChain.doFilter(ApplicationFilterChain.java:140)
	at org.springframework.web.filter.CompositeFilter$VirtualFilterChain.doFilter(CompositeFilter.java:108)
	at org.springframework.web.filter.CompositeFilter$VirtualFilterChain.doFilter(CompositeFilter.java:108)
	at org.springframework.security.web.FilterChainProxy.lambda$doFilterInternal$3(FilterChainProxy.java:231)
	at org.springframework.security.web.FilterChainProxy$VirtualFilterChain.doFilter(FilterChainProxy.java:365)
	at org.springframework.security.web.access.intercept.AuthorizationFilter.doFilter(AuthorizationFilter.java:101)
	at org.springframework.security.web.FilterChainProxy$VirtualFilterChain.doFilter(FilterChainProxy.java:374)
	at org.springframework.security.web.access.ExceptionTranslationFilter.doFilter(ExceptionTranslationFilter.java:125)
	at org.springframework.security.web.access.ExceptionTranslationFilter.doFilter(ExceptionTranslationFilter.java:119)
	at org.springframework.security.web.FilterChainProxy$VirtualFilterChain.doFilter(FilterChainProxy.java:374)
	at org.springframework.security.web.session.SessionManagementFilter.doFilter(SessionManagementFilter.java:131)
	at org.springframework.security.web.session.SessionManagementFilter.doFilter(SessionManagementFilter.java:85)
	at org.springframework.security.web.FilterChainProxy$VirtualFilterChain.doFilter(FilterChainProxy.java:374)
	at org.springframework.security.web.authentication.AnonymousAuthenticationFilter.doFilter(AnonymousAuthenticationFilter.java:100)
	at org.springframework.security.web.FilterChainProxy$VirtualFilterChain.doFilter(FilterChainProxy.java:374)
	at org.springframework.security.web.servletapi.SecurityContextHolderAwareRequestFilter.doFilter(SecurityContextHolderAwareRequestFilter.java:179)
	at org.springframework.security.web.FilterChainProxy$VirtualFilterChain.doFilter(FilterChainProxy.java:374)
	at org.springframework.security.web.savedrequest.RequestCacheAwareFilter.doFilter(RequestCacheAwareFilter.java:63)
	at org.springframework.security.web.FilterChainProxy$VirtualFilterChain.doFilter(FilterChainProxy.java:374)
	at com.example.backend.config.security.JwtCookieAuthenticationFilter.doFilterInternal(JwtCookieAuthenticationFilter.java:62)
	at org.springframework.web.filter.OncePerRequestFilter.doFilter(OncePerRequestFilter.java:116)
	at org.springframework.security.web.FilterChainProxy$VirtualFilterChain.doFilter(FilterChainProxy.java:374)
	at org.springframework.security.web.authentication.AbstractAuthenticationProcessingFilter.doFilter(AbstractAuthenticationProcessingFilter.java:235)
	at org.springframework.security.web.authentication.AbstractAuthenticationProcessingFilter.doFilter(AbstractAuthenticationProcessingFilter.java:229)
	at org.springframework.security.web.FilterChainProxy$VirtualFilterChain.doFilter(FilterChainProxy.java:374)
	at org.springframework.security.oauth2.client.web.OAuth2AuthorizationRequestRedirectFilter.doFilterInternal(OAuth2AuthorizationRequestRedirectFilter.java:198)
	at org.springframework.web.filter.OncePerRequestFilter.doFilter(OncePerRequestFilter.java:116)
	at org.springframework.security.web.FilterChainProxy$VirtualFilterChain.doFilter(FilterChainProxy.java:374)
	at org.springframework.security.web.authentication.logout.LogoutFilter.doFilter(LogoutFilter.java:107)
	at org.springframework.security.web.authentication.logout.LogoutFilter.doFilter(LogoutFilter.java:93)
	at org.springframework.security.web.FilterChainProxy$VirtualFilterChain.doFilter(FilterChainProxy.java:374)
	at org.springframework.web.filter.CorsFilter.doFilterInternal(CorsFilter.java:91)
	at org.springframework.web.filter.OncePerRequestFilter.doFilter(OncePerRequestFilter.java:116)
	at org.springframework.security.web.FilterChainProxy$VirtualFilterChain.doFilter(FilterChainProxy.java:374)
	at org.springframework.security.web.header.HeaderWriterFilter.doHeadersAfter(HeaderWriterFilter.java:90)
	at org.springframework.security.web.header.HeaderWriterFilter.doFilterInternal(HeaderWriterFilter.java:75)
	at org.springframework.web.filter.OncePerRequestFilter.doFilter(OncePerRequestFilter.java:116)
	at org.springframework.security.web.FilterChainProxy$VirtualFilterChain.doFilter(FilterChainProxy.java:374)
	at org.springframework.security.web.context.SecurityContextHolderFilter.doFilter(SecurityContextHolderFilter.java:82)
	at org.springframework.security.web.context.SecurityContextHolderFilter.doFilter(SecurityContextHolderFilter.java:69)
	at org.springframework.security.web.FilterChainProxy$VirtualFilterChain.doFilter(FilterChainProxy.java:374)
	at org.springframework.security.web.context.request.async.WebAsyncManagerIntegrationFilter.doFilterInternal(WebAsyncManagerIntegrationFilter.java:62)
	at org.springframework.web.filter.OncePerRequestFilter.doFilter(OncePerRequestFilter.java:116)
	at org.springframework.security.web.FilterChainProxy$VirtualFilterChain.doFilter(FilterChainProxy.java:374)
	at org.springframework.security.web.session.DisableEncodeUrlFilter.doFilterInternal(DisableEncodeUrlFilter.java:42)
	at org.springframework.web.filter.OncePerRequestFilter.doFilter(OncePerRequestFilter.java:116)
	at org.springframework.security.web.FilterChainProxy$VirtualFilterChain.doFilter(FilterChainProxy.java:374)
	at org.springframework.security.web.FilterChainProxy.doFilterInternal(FilterChainProxy.java:233)
	at org.springframework.security.web.FilterChainProxy.doFilter(FilterChainProxy.java:191)
	at org.springframework.web.filter.CompositeFilter$VirtualFilterChain.doFilter(CompositeFilter.java:113)
	at org.springframework.web.filter.ServletRequestPathFilter.doFilter(ServletRequestPathFilter.java:52)
	at org.springframework.web.filter.CompositeFilter$VirtualFilterChain.doFilter(CompositeFilter.java:113)
	at org.springframework.web.filter.CompositeFilter.doFilter(CompositeFilter.java:74)
	at org.springframework.security.config.annotation.web.configuration.WebSecurityConfiguration$CompositeFilterChainProxy.doFilter(WebSecurityConfiguration.java:319)
	at org.springframework.web.filter.CompositeFilter$VirtualFilterChain.doFilter(CompositeFilter.java:113)
	at org.springframework.web.servlet.handler.HandlerMappingIntrospector.lambda$createCacheFilter$4(HandlerMappingIntrospector.java:267)
	at org.springframework.web.filter.CompositeFilter$VirtualFilterChain.doFilter(CompositeFilter.java:113)
	at org.springframework.web.filter.CompositeFilter.doFilter(CompositeFilter.java:74)
	at org.springframework.security.config.annotation.web.configuration.WebMvcSecurityConfiguration$CompositeFilterChainProxy.doFilter(WebMvcSecurityConfiguration.java:240)
	at org.springframework.web.filter.DelegatingFilterProxy.invokeDelegate(DelegatingFilterProxy.java:362)
	at org.springframework.web.filter.DelegatingFilterProxy.doFilter(DelegatingFilterProxy.java:278)
	at org.apache.catalina.core.ApplicationFilterChain.internalDoFilter(ApplicationFilterChain.java:164)
	at org.apache.catalina.core.ApplicationFilterChain.doFilter(ApplicationFilterChain.java:140)
	at org.springframework.web.filter.RequestContextFilter.doFilterInternal(RequestContextFilter.java:100)
	at org.springframework.web.filter.OncePerRequestFilter.doFilter(OncePerRequestFilter.java:116)
	at org.apache.catalina.core.ApplicationFilterChain.internalDoFilter(ApplicationFilterChain.java:164)
	at org.apache.catalina.core.ApplicationFilterChain.doFilter(ApplicationFilterChain.java:140)
	at org.springframework.web.filter.FormContentFilter.doFilterInternal(FormContentFilter.java:93)
	at org.springframework.web.filter.OncePerRequestFilter.doFilter(OncePerRequestFilter.java:116)
	at org.apache.catalina.core.ApplicationFilterChain.internalDoFilter(ApplicationFilterChain.java:164)
	at org.apache.catalina.core.ApplicationFilterChain.doFilter(ApplicationFilterChain.java:140)
	at org.springframework.web.filter.CharacterEncodingFilter.doFilterInternal(CharacterEncodingFilter.java:201)
	at org.springframework.web.filter.OncePerRequestFilter.doFilter(OncePerRequestFilter.java:116)
	at org.apache.catalina.core.ApplicationFilterChain.internalDoFilter(ApplicationFilterChain.java:164)
	at org.apache.catalina.core.ApplicationFilterChain.doFilter(ApplicationFilterChain.java:140)
	at org.apache.catalina.core.StandardWrapperValve.invoke(StandardWrapperValve.java:167)
	at org.apache.catalina.core.StandardContextValve.invoke(StandardContextValve.java:90)
	at org.apache.catalina.authenticator.AuthenticatorBase.invoke(AuthenticatorBase.java:483)
	at org.apache.catalina.core.StandardHostValve.invoke(StandardHostValve.java:116)
	at org.apache.catalina.valves.ErrorReportValve.invoke(ErrorReportValve.java:93)
	at org.apache.catalina.core.StandardEngineValve.invoke(StandardEngineValve.java:74)
	at org.apache.catalina.connector.CoyoteAdapter.service(CoyoteAdapter.java:344)
	at org.apache.coyote.http11.Http11Processor.service(Http11Processor.java:398)
	at org.apache.coyote.AbstractProcessorLight.process(AbstractProcessorLight.java:63)
	at org.apache.coyote.AbstractProtocol$ConnectionHandler.process(AbstractProtocol.java:903)
	at org.apache.tomcat.util.net.NioEndpoint$SocketProcessor.doRun(NioEndpoint.java:1769)
	at org.apache.tomcat.util.net.SocketProcessorBase.run(SocketProcessorBase.java:52)
	at org.apache.tomcat.util.threads.ThreadPoolExecutor.runWorker(ThreadPoolExecutor.java:1189)
	at org.apache.tomcat.util.threads.ThreadPoolExecutor$Worker.run(ThreadPoolExecutor.java:658)
	at org.apache.tomcat.util.threads.TaskThread$WrappingRunnable.run(TaskThread.java:63)
	at java.base/java.lang.Thread.run(Thread.java:1583)
2025-08-30 13:08:45 [http-nio-8080-exec-4] WARN  o.s.w.s.m.m.a.ExceptionHandlerExceptionResolver - Resolved [org.springframework.web.servlet.resource.NoResourceFoundException: No static resource proveedores/c4f2e8ea-6d56-400f-9b1f-92ce2567530e.jpg.]
2025-08-30 13:08:45 [http-nio-8080-exec-6] ERROR c.e.b.s.e.GlobalExceptionHandler - 🔥 Excepción no controlada: No static resource proveedores/ea3e7bb2-75d4-48b5-b219-fd802f035c4b.jpg.
org.springframework.web.servlet.resource.NoResourceFoundException: No static resource proveedores/ea3e7bb2-75d4-48b5-b219-fd802f035c4b.jpg.
	at org.springframework.web.servlet.resource.ResourceHttpRequestHandler.handleRequest(ResourceHttpRequestHandler.java:585)
	at org.springframework.web.servlet.mvc.HttpRequestHandlerAdapter.handle(HttpRequestHandlerAdapter.java:52)
	at org.springframework.web.servlet.DispatcherServlet.doDispatch(DispatcherServlet.java:1089)
	at org.springframework.web.servlet.DispatcherServlet.doService(DispatcherServlet.java:979)
	at org.springframework.web.servlet.FrameworkServlet.processRequest(FrameworkServlet.java:1014)
	at org.springframework.web.servlet.FrameworkServlet.doGet(FrameworkServlet.java:903)
	at jakarta.servlet.http.HttpServlet.service(HttpServlet.java:564)
	at org.springframework.web.servlet.FrameworkServlet.service(FrameworkServlet.java:885)
	at jakarta.servlet.http.HttpServlet.service(HttpServlet.java:658)
	at org.apache.catalina.core.ApplicationFilterChain.internalDoFilter(ApplicationFilterChain.java:195)
	at org.apache.catalina.core.ApplicationFilterChain.doFilter(ApplicationFilterChain.java:140)
	at org.apache.tomcat.websocket.server.WsFilter.doFilter(WsFilter.java:51)
	at org.apache.catalina.core.ApplicationFilterChain.internalDoFilter(ApplicationFilterChain.java:164)
	at org.apache.catalina.core.ApplicationFilterChain.doFilter(ApplicationFilterChain.java:140)
	at com.example.backend.shared.logging.RequestLoggingFilter.doFilterInternal(RequestLoggingFilter.java:29)
	at org.springframework.web.filter.OncePerRequestFilter.doFilter(OncePerRequestFilter.java:116)
	at org.apache.catalina.core.ApplicationFilterChain.internalDoFilter(ApplicationFilterChain.java:164)
	at org.apache.catalina.core.ApplicationFilterChain.doFilter(ApplicationFilterChain.java:140)
	at org.springframework.web.filter.OncePerRequestFilter.doFilter(OncePerRequestFilter.java:110)
	at org.apache.catalina.core.ApplicationFilterChain.internalDoFilter(ApplicationFilterChain.java:164)
	at org.apache.catalina.core.ApplicationFilterChain.doFilter(ApplicationFilterChain.java:140)
	at org.springframework.web.filter.CompositeFilter$VirtualFilterChain.doFilter(CompositeFilter.java:108)
	at org.springframework.web.filter.CompositeFilter$VirtualFilterChain.doFilter(CompositeFilter.java:108)
	at org.springframework.security.web.FilterChainProxy.lambda$doFilterInternal$3(FilterChainProxy.java:231)
	at org.springframework.security.web.FilterChainProxy$VirtualFilterChain.doFilter(FilterChainProxy.java:365)
	at org.springframework.security.web.access.intercept.AuthorizationFilter.doFilter(AuthorizationFilter.java:101)
	at org.springframework.security.web.FilterChainProxy$VirtualFilterChain.doFilter(FilterChainProxy.java:374)
	at org.springframework.security.web.access.ExceptionTranslationFilter.doFilter(ExceptionTranslationFilter.java:125)
	at org.springframework.security.web.access.ExceptionTranslationFilter.doFilter(ExceptionTranslationFilter.java:119)
	at org.springframework.security.web.FilterChainProxy$VirtualFilterChain.doFilter(FilterChainProxy.java:374)
	at org.springframework.security.web.session.SessionManagementFilter.doFilter(SessionManagementFilter.java:131)
	at org.springframework.security.web.session.SessionManagementFilter.doFilter(SessionManagementFilter.java:85)
	at org.springframework.security.web.FilterChainProxy$VirtualFilterChain.doFilter(FilterChainProxy.java:374)
	at org.springframework.security.web.authentication.AnonymousAuthenticationFilter.doFilter(AnonymousAuthenticationFilter.java:100)
	at org.springframework.security.web.FilterChainProxy$VirtualFilterChain.doFilter(FilterChainProxy.java:374)
	at org.springframework.security.web.servletapi.SecurityContextHolderAwareRequestFilter.doFilter(SecurityContextHolderAwareRequestFilter.java:179)
	at org.springframework.security.web.FilterChainProxy$VirtualFilterChain.doFilter(FilterChainProxy.java:374)
	at org.springframework.security.web.savedrequest.RequestCacheAwareFilter.doFilter(RequestCacheAwareFilter.java:63)
	at org.springframework.security.web.FilterChainProxy$VirtualFilterChain.doFilter(FilterChainProxy.java:374)
	at com.example.backend.config.security.JwtCookieAuthenticationFilter.doFilterInternal(JwtCookieAuthenticationFilter.java:62)
	at org.springframework.web.filter.OncePerRequestFilter.doFilter(OncePerRequestFilter.java:116)
	at org.springframework.security.web.FilterChainProxy$VirtualFilterChain.doFilter(FilterChainProxy.java:374)
	at org.springframework.security.web.authentication.AbstractAuthenticationProcessingFilter.doFilter(AbstractAuthenticationProcessingFilter.java:235)
	at org.springframework.security.web.authentication.AbstractAuthenticationProcessingFilter.doFilter(AbstractAuthenticationProcessingFilter.java:229)
	at org.springframework.security.web.FilterChainProxy$VirtualFilterChain.doFilter(FilterChainProxy.java:374)
	at org.springframework.security.oauth2.client.web.OAuth2AuthorizationRequestRedirectFilter.doFilterInternal(OAuth2AuthorizationRequestRedirectFilter.java:198)
	at org.springframework.web.filter.OncePerRequestFilter.doFilter(OncePerRequestFilter.java:116)
	at org.springframework.security.web.FilterChainProxy$VirtualFilterChain.doFilter(FilterChainProxy.java:374)
	at org.springframework.security.web.authentication.logout.LogoutFilter.doFilter(LogoutFilter.java:107)
	at org.springframework.security.web.authentication.logout.LogoutFilter.doFilter(LogoutFilter.java:93)
	at org.springframework.security.web.FilterChainProxy$VirtualFilterChain.doFilter(FilterChainProxy.java:374)
	at org.springframework.web.filter.CorsFilter.doFilterInternal(CorsFilter.java:91)
	at org.springframework.web.filter.OncePerRequestFilter.doFilter(OncePerRequestFilter.java:116)
	at org.springframework.security.web.FilterChainProxy$VirtualFilterChain.doFilter(FilterChainProxy.java:374)
	at org.springframework.security.web.header.HeaderWriterFilter.doHeadersAfter(HeaderWriterFilter.java:90)
	at org.springframework.security.web.header.HeaderWriterFilter.doFilterInternal(HeaderWriterFilter.java:75)
	at org.springframework.web.filter.OncePerRequestFilter.doFilter(OncePerRequestFilter.java:116)
	at org.springframework.security.web.FilterChainProxy$VirtualFilterChain.doFilter(FilterChainProxy.java:374)
	at org.springframework.security.web.context.SecurityContextHolderFilter.doFilter(SecurityContextHolderFilter.java:82)
	at org.springframework.security.web.context.SecurityContextHolderFilter.doFilter(SecurityContextHolderFilter.java:69)
	at org.springframework.security.web.FilterChainProxy$VirtualFilterChain.doFilter(FilterChainProxy.java:374)
	at org.springframework.security.web.context.request.async.WebAsyncManagerIntegrationFilter.doFilterInternal(WebAsyncManagerIntegrationFilter.java:62)
	at org.springframework.web.filter.OncePerRequestFilter.doFilter(OncePerRequestFilter.java:116)
	at org.springframework.security.web.FilterChainProxy$VirtualFilterChain.doFilter(FilterChainProxy.java:374)
	at org.springframework.security.web.session.DisableEncodeUrlFilter.doFilterInternal(DisableEncodeUrlFilter.java:42)
	at org.springframework.web.filter.OncePerRequestFilter.doFilter(OncePerRequestFilter.java:116)
	at org.springframework.security.web.FilterChainProxy$VirtualFilterChain.doFilter(FilterChainProxy.java:374)
	at org.springframework.security.web.FilterChainProxy.doFilterInternal(FilterChainProxy.java:233)
	at org.springframework.security.web.FilterChainProxy.doFilter(FilterChainProxy.java:191)
	at org.springframework.web.filter.CompositeFilter$VirtualFilterChain.doFilter(CompositeFilter.java:113)
	at org.springframework.web.filter.ServletRequestPathFilter.doFilter(ServletRequestPathFilter.java:52)
	at org.springframework.web.filter.CompositeFilter$VirtualFilterChain.doFilter(CompositeFilter.java:113)
	at org.springframework.web.filter.CompositeFilter.doFilter(CompositeFilter.java:74)
	at org.springframework.security.config.annotation.web.configuration.WebSecurityConfiguration$CompositeFilterChainProxy.doFilter(WebSecurityConfiguration.java:319)
	at org.springframework.web.filter.CompositeFilter$VirtualFilterChain.doFilter(CompositeFilter.java:113)
	at org.springframework.web.servlet.handler.HandlerMappingIntrospector.lambda$createCacheFilter$4(HandlerMappingIntrospector.java:267)
	at org.springframework.web.filter.CompositeFilter$VirtualFilterChain.doFilter(CompositeFilter.java:113)
	at org.springframework.web.filter.CompositeFilter.doFilter(CompositeFilter.java:74)
	at org.springframework.security.config.annotation.web.configuration.WebMvcSecurityConfiguration$CompositeFilterChainProxy.doFilter(WebMvcSecurityConfiguration.java:240)
	at org.springframework.web.filter.DelegatingFilterProxy.invokeDelegate(DelegatingFilterProxy.java:362)
	at org.springframework.web.filter.DelegatingFilterProxy.doFilter(DelegatingFilterProxy.java:278)
	at org.apache.catalina.core.ApplicationFilterChain.internalDoFilter(ApplicationFilterChain.java:164)
	at org.apache.catalina.core.ApplicationFilterChain.doFilter(ApplicationFilterChain.java:140)
	at org.springframework.web.filter.RequestContextFilter.doFilterInternal(RequestContextFilter.java:100)
	at org.springframework.web.filter.OncePerRequestFilter.doFilter(OncePerRequestFilter.java:116)
	at org.apache.catalina.core.ApplicationFilterChain.internalDoFilter(ApplicationFilterChain.java:164)
	at org.apache.catalina.core.ApplicationFilterChain.doFilter(ApplicationFilterChain.java:140)
	at org.springframework.web.filter.FormContentFilter.doFilterInternal(FormContentFilter.java:93)
	at org.springframework.web.filter.OncePerRequestFilter.doFilter(OncePerRequestFilter.java:116)
	at org.apache.catalina.core.ApplicationFilterChain.internalDoFilter(ApplicationFilterChain.java:164)
	at org.apache.catalina.core.ApplicationFilterChain.doFilter(ApplicationFilterChain.java:140)
	at org.springframework.web.filter.CharacterEncodingFilter.doFilterInternal(CharacterEncodingFilter.java:201)
	at org.springframework.web.filter.OncePerRequestFilter.doFilter(OncePerRequestFilter.java:116)
	at org.apache.catalina.core.ApplicationFilterChain.internalDoFilter(ApplicationFilterChain.java:164)
	at org.apache.catalina.core.ApplicationFilterChain.doFilter(ApplicationFilterChain.java:140)
	at org.apache.catalina.core.StandardWrapperValve.invoke(StandardWrapperValve.java:167)
	at org.apache.catalina.core.StandardContextValve.invoke(StandardContextValve.java:90)
	at org.apache.catalina.authenticator.AuthenticatorBase.invoke(AuthenticatorBase.java:483)
	at org.apache.catalina.core.StandardHostValve.invoke(StandardHostValve.java:116)
	at org.apache.catalina.valves.ErrorReportValve.invoke(ErrorReportValve.java:93)
	at org.apache.catalina.core.StandardEngineValve.invoke(StandardEngineValve.java:74)
	at org.apache.catalina.connector.CoyoteAdapter.service(CoyoteAdapter.java:344)
	at org.apache.coyote.http11.Http11Processor.service(Http11Processor.java:398)
	at org.apache.coyote.AbstractProcessorLight.process(AbstractProcessorLight.java:63)
	at org.apache.coyote.AbstractProtocol$ConnectionHandler.process(AbstractProtocol.java:903)
	at org.apache.tomcat.util.net.NioEndpoint$SocketProcessor.doRun(NioEndpoint.java:1769)
	at org.apache.tomcat.util.net.SocketProcessorBase.run(SocketProcessorBase.java:52)
	at org.apache.tomcat.util.threads.ThreadPoolExecutor.runWorker(ThreadPoolExecutor.java:1189)
	at org.apache.tomcat.util.threads.ThreadPoolExecutor$Worker.run(ThreadPoolExecutor.java:658)
	at org.apache.tomcat.util.threads.TaskThread$WrappingRunnable.run(TaskThread.java:63)
	at java.base/java.lang.Thread.run(Thread.java:1583)
2025-08-30 13:08:45 [http-nio-8080-exec-4] INFO  c.e.b.s.logging.RequestLoggingFilter - [GET] /uploads/proveedores/c4f2e8ea-6d56-400f-9b1f-92ce2567530e.jpg -> 500 (3 ms)
2025-08-30 13:08:45 [http-nio-8080-exec-6] WARN  o.s.w.s.m.m.a.ExceptionHandlerExceptionResolver - Resolved [org.springframework.web.servlet.resource.NoResourceFoundException: No static resource proveedores/ea3e7bb2-75d4-48b5-b219-fd802f035c4b.jpg.]
2025-08-30 13:08:45 [http-nio-8080-exec-6] INFO  c.e.b.s.logging.RequestLoggingFilter - [GET] /uploads/proveedores/ea3e7bb2-75d4-48b5-b219-fd802f035c4b.jpg -> 500 (4 ms)
2025-08-30 13:08:58 [http-nio-8080-exec-5] INFO  c.e.b.p.c.c.ProviderController - → [ProviderController] Solicitud para listar proveedores paginados | page=2 | size=5
2025-08-30 13:08:58 [http-nio-8080-exec-5] INFO  c.e.b.p.service.ProviderService - → [ProviderService] Iniciando recuperación de prestadores | página=2 | size=5
2025-08-30 13:08:58 [http-nio-8080-exec-5] INFO  c.e.b.p.service.ProviderService - ✓ [ProviderService] Recuperados 3 prestadores | página=2 de 3 | totalElements=13
2025-08-30 13:08:58 [http-nio-8080-exec-5] INFO  c.e.b.p.c.c.ProviderController - ✓ [ProviderController] Se recuperaron 3 proveedores en la página 2 de 3 (total elementos=13)
2025-08-30 13:08:58 [http-nio-8080-exec-5] INFO  c.e.b.s.logging.RequestLoggingFilter - [GET] /api/providers/paged -> 200 (14 ms)
2025-08-30 13:08:58 [http-nio-8080-exec-7] INFO  c.e.b.config.security.JwtService - Token válido para el usuario [admin@admin.com]
2025-08-30 13:08:58 [http-nio-8080-exec-10] INFO  c.e.b.config.security.JwtService - Token válido para el usuario [admin@admin.com]
2025-08-30 13:08:58 [http-nio-8080-exec-7] ERROR c.e.b.s.e.GlobalExceptionHandler - 🔥 Excepción no controlada: No static resource proveedores/3a75494f-438f-4af7-86e0-9e95938a0cfd.png.
org.springframework.web.servlet.resource.NoResourceFoundException: No static resource proveedores/3a75494f-438f-4af7-86e0-9e95938a0cfd.png.
	at org.springframework.web.servlet.resource.ResourceHttpRequestHandler.handleRequest(ResourceHttpRequestHandler.java:585)
	at org.springframework.web.servlet.mvc.HttpRequestHandlerAdapter.handle(HttpRequestHandlerAdapter.java:52)
	at org.springframework.web.servlet.DispatcherServlet.doDispatch(DispatcherServlet.java:1089)
	at org.springframework.web.servlet.DispatcherServlet.doService(DispatcherServlet.java:979)
	at org.springframework.web.servlet.FrameworkServlet.processRequest(FrameworkServlet.java:1014)
	at org.springframework.web.servlet.FrameworkServlet.doGet(FrameworkServlet.java:903)
	at jakarta.servlet.http.HttpServlet.service(HttpServlet.java:564)
	at org.springframework.web.servlet.FrameworkServlet.service(FrameworkServlet.java:885)
	at jakarta.servlet.http.HttpServlet.service(HttpServlet.java:658)
	at org.apache.catalina.core.ApplicationFilterChain.internalDoFilter(ApplicationFilterChain.java:195)
	at org.apache.catalina.core.ApplicationFilterChain.doFilter(ApplicationFilterChain.java:140)
	at org.apache.tomcat.websocket.server.WsFilter.doFilter(WsFilter.java:51)
	at org.apache.catalina.core.ApplicationFilterChain.internalDoFilter(ApplicationFilterChain.java:164)
	at org.apache.catalina.core.ApplicationFilterChain.doFilter(ApplicationFilterChain.java:140)
	at com.example.backend.shared.logging.RequestLoggingFilter.doFilterInternal(RequestLoggingFilter.java:29)
	at org.springframework.web.filter.OncePerRequestFilter.doFilter(OncePerRequestFilter.java:116)
	at org.apache.catalina.core.ApplicationFilterChain.internalDoFilter(ApplicationFilterChain.java:164)
	at org.apache.catalina.core.ApplicationFilterChain.doFilter(ApplicationFilterChain.java:140)
	at org.springframework.web.filter.OncePerRequestFilter.doFilter(OncePerRequestFilter.java:110)
	at org.apache.catalina.core.ApplicationFilterChain.internalDoFilter(ApplicationFilterChain.java:164)
	at org.apache.catalina.core.ApplicationFilterChain.doFilter(ApplicationFilterChain.java:140)
	at org.springframework.web.filter.CompositeFilter$VirtualFilterChain.doFilter(CompositeFilter.java:108)
	at org.springframework.web.filter.CompositeFilter$VirtualFilterChain.doFilter(CompositeFilter.java:108)
	at org.springframework.security.web.FilterChainProxy.lambda$doFilterInternal$3(FilterChainProxy.java:231)
	at org.springframework.security.web.FilterChainProxy$VirtualFilterChain.doFilter(FilterChainProxy.java:365)
	at org.springframework.security.web.access.intercept.AuthorizationFilter.doFilter(AuthorizationFilter.java:101)
	at org.springframework.security.web.FilterChainProxy$VirtualFilterChain.doFilter(FilterChainProxy.java:374)
	at org.springframework.security.web.access.ExceptionTranslationFilter.doFilter(ExceptionTranslationFilter.java:125)
	at org.springframework.security.web.access.ExceptionTranslationFilter.doFilter(ExceptionTranslationFilter.java:119)
	at org.springframework.security.web.FilterChainProxy$VirtualFilterChain.doFilter(FilterChainProxy.java:374)
	at org.springframework.security.web.session.SessionManagementFilter.doFilter(SessionManagementFilter.java:131)
	at org.springframework.security.web.session.SessionManagementFilter.doFilter(SessionManagementFilter.java:85)
	at org.springframework.security.web.FilterChainProxy$VirtualFilterChain.doFilter(FilterChainProxy.java:374)
	at org.springframework.security.web.authentication.AnonymousAuthenticationFilter.doFilter(AnonymousAuthenticationFilter.java:100)
	at org.springframework.security.web.FilterChainProxy$VirtualFilterChain.doFilter(FilterChainProxy.java:374)
	at org.springframework.security.web.servletapi.SecurityContextHolderAwareRequestFilter.doFilter(SecurityContextHolderAwareRequestFilter.java:179)
	at org.springframework.security.web.FilterChainProxy$VirtualFilterChain.doFilter(FilterChainProxy.java:374)
	at org.springframework.security.web.savedrequest.RequestCacheAwareFilter.doFilter(RequestCacheAwareFilter.java:63)
	at org.springframework.security.web.FilterChainProxy$VirtualFilterChain.doFilter(FilterChainProxy.java:374)
	at com.example.backend.config.security.JwtCookieAuthenticationFilter.doFilterInternal(JwtCookieAuthenticationFilter.java:62)
	at org.springframework.web.filter.OncePerRequestFilter.doFilter(OncePerRequestFilter.java:116)
	at org.springframework.security.web.FilterChainProxy$VirtualFilterChain.doFilter(FilterChainProxy.java:374)
	at org.springframework.security.web.authentication.AbstractAuthenticationProcessingFilter.doFilter(AbstractAuthenticationProcessingFilter.java:235)
	at org.springframework.security.web.authentication.AbstractAuthenticationProcessingFilter.doFilter(AbstractAuthenticationProcessingFilter.java:229)
	at org.springframework.security.web.FilterChainProxy$VirtualFilterChain.doFilter(FilterChainProxy.java:374)
	at org.springframework.security.oauth2.client.web.OAuth2AuthorizationRequestRedirectFilter.doFilterInternal(OAuth2AuthorizationRequestRedirectFilter.java:198)
	at org.springframework.web.filter.OncePerRequestFilter.doFilter(OncePerRequestFilter.java:116)
	at org.springframework.security.web.FilterChainProxy$VirtualFilterChain.doFilter(FilterChainProxy.java:374)
	at org.springframework.security.web.authentication.logout.LogoutFilter.doFilter(LogoutFilter.java:107)
	at org.springframework.security.web.authentication.logout.LogoutFilter.doFilter(LogoutFilter.java:93)
	at org.springframework.security.web.FilterChainProxy$VirtualFilterChain.doFilter(FilterChainProxy.java:374)
	at org.springframework.web.filter.CorsFilter.doFilterInternal(CorsFilter.java:91)
	at org.springframework.web.filter.OncePerRequestFilter.doFilter(OncePerRequestFilter.java:116)
	at org.springframework.security.web.FilterChainProxy$VirtualFilterChain.doFilter(FilterChainProxy.java:374)
	at org.springframework.security.web.header.HeaderWriterFilter.doHeadersAfter(HeaderWriterFilter.java:90)
	at org.springframework.security.web.header.HeaderWriterFilter.doFilterInternal(HeaderWriterFilter.java:75)
	at org.springframework.web.filter.OncePerRequestFilter.doFilter(OncePerRequestFilter.java:116)
	at org.springframework.security.web.FilterChainProxy$VirtualFilterChain.doFilter(FilterChainProxy.java:374)
	at org.springframework.security.web.context.SecurityContextHolderFilter.doFilter(SecurityContextHolderFilter.java:82)
	at org.springframework.security.web.context.SecurityContextHolderFilter.doFilter(SecurityContextHolderFilter.java:69)
	at org.springframework.security.web.FilterChainProxy$VirtualFilterChain.doFilter(FilterChainProxy.java:374)
	at org.springframework.security.web.context.request.async.WebAsyncManagerIntegrationFilter.doFilterInternal(WebAsyncManagerIntegrationFilter.java:62)
	at org.springframework.web.filter.OncePerRequestFilter.doFilter(OncePerRequestFilter.java:116)
	at org.springframework.security.web.FilterChainProxy$VirtualFilterChain.doFilter(FilterChainProxy.java:374)
	at org.springframework.security.web.session.DisableEncodeUrlFilter.doFilterInternal(DisableEncodeUrlFilter.java:42)
	at org.springframework.web.filter.OncePerRequestFilter.doFilter(OncePerRequestFilter.java:116)
	at org.springframework.security.web.FilterChainProxy$VirtualFilterChain.doFilter(FilterChainProxy.java:374)
	at org.springframework.security.web.FilterChainProxy.doFilterInternal(FilterChainProxy.java:233)
	at org.springframework.security.web.FilterChainProxy.doFilter(FilterChainProxy.java:191)
	at org.springframework.web.filter.CompositeFilter$VirtualFilterChain.doFilter(CompositeFilter.java:113)
	at org.springframework.web.filter.ServletRequestPathFilter.doFilter(ServletRequestPathFilter.java:52)
	at org.springframework.web.filter.CompositeFilter$VirtualFilterChain.doFilter(CompositeFilter.java:113)
	at org.springframework.web.filter.CompositeFilter.doFilter(CompositeFilter.java:74)
	at org.springframework.security.config.annotation.web.configuration.WebSecurityConfiguration$CompositeFilterChainProxy.doFilter(WebSecurityConfiguration.java:319)
	at org.springframework.web.filter.CompositeFilter$VirtualFilterChain.doFilter(CompositeFilter.java:113)
	at org.springframework.web.servlet.handler.HandlerMappingIntrospector.lambda$createCacheFilter$4(HandlerMappingIntrospector.java:267)
	at org.springframework.web.filter.CompositeFilter$VirtualFilterChain.doFilter(CompositeFilter.java:113)
	at org.springframework.web.filter.CompositeFilter.doFilter(CompositeFilter.java:74)
	at org.springframework.security.config.annotation.web.configuration.WebMvcSecurityConfiguration$CompositeFilterChainProxy.doFilter(WebMvcSecurityConfiguration.java:240)
	at org.springframework.web.filter.DelegatingFilterProxy.invokeDelegate(DelegatingFilterProxy.java:362)
	at org.springframework.web.filter.DelegatingFilterProxy.doFilter(DelegatingFilterProxy.java:278)
	at org.apache.catalina.core.ApplicationFilterChain.internalDoFilter(ApplicationFilterChain.java:164)
	at org.apache.catalina.core.ApplicationFilterChain.doFilter(ApplicationFilterChain.java:140)
	at org.springframework.web.filter.RequestContextFilter.doFilterInternal(RequestContextFilter.java:100)
	at org.springframework.web.filter.OncePerRequestFilter.doFilter(OncePerRequestFilter.java:116)
	at org.apache.catalina.core.ApplicationFilterChain.internalDoFilter(ApplicationFilterChain.java:164)
	at org.apache.catalina.core.ApplicationFilterChain.doFilter(ApplicationFilterChain.java:140)
	at org.springframework.web.filter.FormContentFilter.doFilterInternal(FormContentFilter.java:93)
	at org.springframework.web.filter.OncePerRequestFilter.doFilter(OncePerRequestFilter.java:116)
	at org.apache.catalina.core.ApplicationFilterChain.internalDoFilter(ApplicationFilterChain.java:164)
	at org.apache.catalina.core.ApplicationFilterChain.doFilter(ApplicationFilterChain.java:140)
	at org.springframework.web.filter.CharacterEncodingFilter.doFilterInternal(CharacterEncodingFilter.java:201)
	at org.springframework.web.filter.OncePerRequestFilter.doFilter(OncePerRequestFilter.java:116)
	at org.apache.catalina.core.ApplicationFilterChain.internalDoFilter(ApplicationFilterChain.java:164)
	at org.apache.catalina.core.ApplicationFilterChain.doFilter(ApplicationFilterChain.java:140)
	at org.apache.catalina.core.StandardWrapperValve.invoke(StandardWrapperValve.java:167)
	at org.apache.catalina.core.StandardContextValve.invoke(StandardContextValve.java:90)
	at org.apache.catalina.authenticator.AuthenticatorBase.invoke(AuthenticatorBase.java:483)
	at org.apache.catalina.core.StandardHostValve.invoke(StandardHostValve.java:116)
	at org.apache.catalina.valves.ErrorReportValve.invoke(ErrorReportValve.java:93)
	at org.apache.catalina.core.StandardEngineValve.invoke(StandardEngineValve.java:74)
	at org.apache.catalina.connector.CoyoteAdapter.service(CoyoteAdapter.java:344)
	at org.apache.coyote.http11.Http11Processor.service(Http11Processor.java:398)
	at org.apache.coyote.AbstractProcessorLight.process(AbstractProcessorLight.java:63)
	at org.apache.coyote.AbstractProtocol$ConnectionHandler.process(AbstractProtocol.java:903)
	at org.apache.tomcat.util.net.NioEndpoint$SocketProcessor.doRun(NioEndpoint.java:1769)
	at org.apache.tomcat.util.net.SocketProcessorBase.run(SocketProcessorBase.java:52)
	at org.apache.tomcat.util.threads.ThreadPoolExecutor.runWorker(ThreadPoolExecutor.java:1189)
	at org.apache.tomcat.util.threads.ThreadPoolExecutor$Worker.run(ThreadPoolExecutor.java:658)
	at org.apache.tomcat.util.threads.TaskThread$WrappingRunnable.run(TaskThread.java:63)
	at java.base/java.lang.Thread.run(Thread.java:1583)
2025-08-30 13:08:58 [http-nio-8080-exec-10] ERROR c.e.b.s.e.GlobalExceptionHandler - 🔥 Excepción no controlada: No static resource proveedores/8fa6f2ac-ea85-49b3-b313-4d15d9a7b5a9.png.
org.springframework.web.servlet.resource.NoResourceFoundException: No static resource proveedores/8fa6f2ac-ea85-49b3-b313-4d15d9a7b5a9.png.
	at org.springframework.web.servlet.resource.ResourceHttpRequestHandler.handleRequest(ResourceHttpRequestHandler.java:585)
	at org.springframework.web.servlet.mvc.HttpRequestHandlerAdapter.handle(HttpRequestHandlerAdapter.java:52)
	at org.springframework.web.servlet.DispatcherServlet.doDispatch(DispatcherServlet.java:1089)
	at org.springframework.web.servlet.DispatcherServlet.doService(DispatcherServlet.java:979)
	at org.springframework.web.servlet.FrameworkServlet.processRequest(FrameworkServlet.java:1014)
	at org.springframework.web.servlet.FrameworkServlet.doGet(FrameworkServlet.java:903)
	at jakarta.servlet.http.HttpServlet.service(HttpServlet.java:564)
	at org.springframework.web.servlet.FrameworkServlet.service(FrameworkServlet.java:885)
	at jakarta.servlet.http.HttpServlet.service(HttpServlet.java:658)
	at org.apache.catalina.core.ApplicationFilterChain.internalDoFilter(ApplicationFilterChain.java:195)
	at org.apache.catalina.core.ApplicationFilterChain.doFilter(ApplicationFilterChain.java:140)
	at org.apache.tomcat.websocket.server.WsFilter.doFilter(WsFilter.java:51)
	at org.apache.catalina.core.ApplicationFilterChain.internalDoFilter(ApplicationFilterChain.java:164)
	at org.apache.catalina.core.ApplicationFilterChain.doFilter(ApplicationFilterChain.java:140)
	at com.example.backend.shared.logging.RequestLoggingFilter.doFilterInternal(RequestLoggingFilter.java:29)
	at org.springframework.web.filter.OncePerRequestFilter.doFilter(OncePerRequestFilter.java:116)
	at org.apache.catalina.core.ApplicationFilterChain.internalDoFilter(ApplicationFilterChain.java:164)
	at org.apache.catalina.core.ApplicationFilterChain.doFilter(ApplicationFilterChain.java:140)
	at org.springframework.web.filter.OncePerRequestFilter.doFilter(OncePerRequestFilter.java:110)
	at org.apache.catalina.core.ApplicationFilterChain.internalDoFilter(ApplicationFilterChain.java:164)
	at org.apache.catalina.core.ApplicationFilterChain.doFilter(ApplicationFilterChain.java:140)
	at org.springframework.web.filter.CompositeFilter$VirtualFilterChain.doFilter(CompositeFilter.java:108)
	at org.springframework.web.filter.CompositeFilter$VirtualFilterChain.doFilter(CompositeFilter.java:108)
	at org.springframework.security.web.FilterChainProxy.lambda$doFilterInternal$3(FilterChainProxy.java:231)
	at org.springframework.security.web.FilterChainProxy$VirtualFilterChain.doFilter(FilterChainProxy.java:365)
	at org.springframework.security.web.access.intercept.AuthorizationFilter.doFilter(AuthorizationFilter.java:101)
	at org.springframework.security.web.FilterChainProxy$VirtualFilterChain.doFilter(FilterChainProxy.java:374)
	at org.springframework.security.web.access.ExceptionTranslationFilter.doFilter(ExceptionTranslationFilter.java:125)
	at org.springframework.security.web.access.ExceptionTranslationFilter.doFilter(ExceptionTranslationFilter.java:119)
	at org.springframework.security.web.FilterChainProxy$VirtualFilterChain.doFilter(FilterChainProxy.java:374)
	at org.springframework.security.web.session.SessionManagementFilter.doFilter(SessionManagementFilter.java:131)
	at org.springframework.security.web.session.SessionManagementFilter.doFilter(SessionManagementFilter.java:85)
	at org.springframework.security.web.FilterChainProxy$VirtualFilterChain.doFilter(FilterChainProxy.java:374)
	at org.springframework.security.web.authentication.AnonymousAuthenticationFilter.doFilter(AnonymousAuthenticationFilter.java:100)
	at org.springframework.security.web.FilterChainProxy$VirtualFilterChain.doFilter(FilterChainProxy.java:374)
	at org.springframework.security.web.servletapi.SecurityContextHolderAwareRequestFilter.doFilter(SecurityContextHolderAwareRequestFilter.java:179)
	at org.springframework.security.web.FilterChainProxy$VirtualFilterChain.doFilter(FilterChainProxy.java:374)
	at org.springframework.security.web.savedrequest.RequestCacheAwareFilter.doFilter(RequestCacheAwareFilter.java:63)
	at org.springframework.security.web.FilterChainProxy$VirtualFilterChain.doFilter(FilterChainProxy.java:374)
	at com.example.backend.config.security.JwtCookieAuthenticationFilter.doFilterInternal(JwtCookieAuthenticationFilter.java:62)
	at org.springframework.web.filter.OncePerRequestFilter.doFilter(OncePerRequestFilter.java:116)
	at org.springframework.security.web.FilterChainProxy$VirtualFilterChain.doFilter(FilterChainProxy.java:374)
	at org.springframework.security.web.authentication.AbstractAuthenticationProcessingFilter.doFilter(AbstractAuthenticationProcessingFilter.java:235)
	at org.springframework.security.web.authentication.AbstractAuthenticationProcessingFilter.doFilter(AbstractAuthenticationProcessingFilter.java:229)
	at org.springframework.security.web.FilterChainProxy$VirtualFilterChain.doFilter(FilterChainProxy.java:374)
	at org.springframework.security.oauth2.client.web.OAuth2AuthorizationRequestRedirectFilter.doFilterInternal(OAuth2AuthorizationRequestRedirectFilter.java:198)
	at org.springframework.web.filter.OncePerRequestFilter.doFilter(OncePerRequestFilter.java:116)
	at org.springframework.security.web.FilterChainProxy$VirtualFilterChain.doFilter(FilterChainProxy.java:374)
	at org.springframework.security.web.authentication.logout.LogoutFilter.doFilter(LogoutFilter.java:107)
	at org.springframework.security.web.authentication.logout.LogoutFilter.doFilter(LogoutFilter.java:93)
	at org.springframework.security.web.FilterChainProxy$VirtualFilterChain.doFilter(FilterChainProxy.java:374)
	at org.springframework.web.filter.CorsFilter.doFilterInternal(CorsFilter.java:91)
	at org.springframework.web.filter.OncePerRequestFilter.doFilter(OncePerRequestFilter.java:116)
	at org.springframework.security.web.FilterChainProxy$VirtualFilterChain.doFilter(FilterChainProxy.java:374)
	at org.springframework.security.web.header.HeaderWriterFilter.doHeadersAfter(HeaderWriterFilter.java:90)
	at org.springframework.security.web.header.HeaderWriterFilter.doFilterInternal(HeaderWriterFilter.java:75)
	at org.springframework.web.filter.OncePerRequestFilter.doFilter(OncePerRequestFilter.java:116)
	at org.springframework.security.web.FilterChainProxy$VirtualFilterChain.doFilter(FilterChainProxy.java:374)
	at org.springframework.security.web.context.SecurityContextHolderFilter.doFilter(SecurityContextHolderFilter.java:82)
	at org.springframework.security.web.context.SecurityContextHolderFilter.doFilter(SecurityContextHolderFilter.java:69)
	at org.springframework.security.web.FilterChainProxy$VirtualFilterChain.doFilter(FilterChainProxy.java:374)
	at org.springframework.security.web.context.request.async.WebAsyncManagerIntegrationFilter.doFilterInternal(WebAsyncManagerIntegrationFilter.java:62)
	at org.springframework.web.filter.OncePerRequestFilter.doFilter(OncePerRequestFilter.java:116)
	at org.springframework.security.web.FilterChainProxy$VirtualFilterChain.doFilter(FilterChainProxy.java:374)
	at org.springframework.security.web.session.DisableEncodeUrlFilter.doFilterInternal(DisableEncodeUrlFilter.java:42)
	at org.springframework.web.filter.OncePerRequestFilter.doFilter(OncePerRequestFilter.java:116)
	at org.springframework.security.web.FilterChainProxy$VirtualFilterChain.doFilter(FilterChainProxy.java:374)
	at org.springframework.security.web.FilterChainProxy.doFilterInternal(FilterChainProxy.java:233)
	at org.springframework.security.web.FilterChainProxy.doFilter(FilterChainProxy.java:191)
	at org.springframework.web.filter.CompositeFilter$VirtualFilterChain.doFilter(CompositeFilter.java:113)
	at org.springframework.web.filter.ServletRequestPathFilter.doFilter(ServletRequestPathFilter.java:52)
	at org.springframework.web.filter.CompositeFilter$VirtualFilterChain.doFilter(CompositeFilter.java:113)
	at org.springframework.web.filter.CompositeFilter.doFilter(CompositeFilter.java:74)
	at org.springframework.security.config.annotation.web.configuration.WebSecurityConfiguration$CompositeFilterChainProxy.doFilter(WebSecurityConfiguration.java:319)
	at org.springframework.web.filter.CompositeFilter$VirtualFilterChain.doFilter(CompositeFilter.java:113)
	at org.springframework.web.servlet.handler.HandlerMappingIntrospector.lambda$createCacheFilter$4(HandlerMappingIntrospector.java:267)
	at org.springframework.web.filter.CompositeFilter$VirtualFilterChain.doFilter(CompositeFilter.java:113)
	at org.springframework.web.filter.CompositeFilter.doFilter(CompositeFilter.java:74)
	at org.springframework.security.config.annotation.web.configuration.WebMvcSecurityConfiguration$CompositeFilterChainProxy.doFilter(WebMvcSecurityConfiguration.java:240)
	at org.springframework.web.filter.DelegatingFilterProxy.invokeDelegate(DelegatingFilterProxy.java:362)
	at org.springframework.web.filter.DelegatingFilterProxy.doFilter(DelegatingFilterProxy.java:278)
	at org.apache.catalina.core.ApplicationFilterChain.internalDoFilter(ApplicationFilterChain.java:164)
	at org.apache.catalina.core.ApplicationFilterChain.doFilter(ApplicationFilterChain.java:140)
	at org.springframework.web.filter.RequestContextFilter.doFilterInternal(RequestContextFilter.java:100)
	at org.springframework.web.filter.OncePerRequestFilter.doFilter(OncePerRequestFilter.java:116)
	at org.apache.catalina.core.ApplicationFilterChain.internalDoFilter(ApplicationFilterChain.java:164)
	at org.apache.catalina.core.ApplicationFilterChain.doFilter(ApplicationFilterChain.java:140)
	at org.springframework.web.filter.FormContentFilter.doFilterInternal(FormContentFilter.java:93)
	at org.springframework.web.filter.OncePerRequestFilter.doFilter(OncePerRequestFilter.java:116)
	at org.apache.catalina.core.ApplicationFilterChain.internalDoFilter(ApplicationFilterChain.java:164)
	at org.apache.catalina.core.ApplicationFilterChain.doFilter(ApplicationFilterChain.java:140)
	at org.springframework.web.filter.CharacterEncodingFilter.doFilterInternal(CharacterEncodingFilter.java:201)
	at org.springframework.web.filter.OncePerRequestFilter.doFilter(OncePerRequestFilter.java:116)
	at org.apache.catalina.core.ApplicationFilterChain.internalDoFilter(ApplicationFilterChain.java:164)
	at org.apache.catalina.core.ApplicationFilterChain.doFilter(ApplicationFilterChain.java:140)
	at org.apache.catalina.core.StandardWrapperValve.invoke(StandardWrapperValve.java:167)
	at org.apache.catalina.core.StandardContextValve.invoke(StandardContextValve.java:90)
	at org.apache.catalina.authenticator.AuthenticatorBase.invoke(AuthenticatorBase.java:483)
	at org.apache.catalina.core.StandardHostValve.invoke(StandardHostValve.java:116)
	at org.apache.catalina.valves.ErrorReportValve.invoke(ErrorReportValve.java:93)
	at org.apache.catalina.core.StandardEngineValve.invoke(StandardEngineValve.java:74)
	at org.apache.catalina.connector.CoyoteAdapter.service(CoyoteAdapter.java:344)
	at org.apache.coyote.http11.Http11Processor.service(Http11Processor.java:398)
	at org.apache.coyote.AbstractProcessorLight.process(AbstractProcessorLight.java:63)
	at org.apache.coyote.AbstractProtocol$ConnectionHandler.process(AbstractProtocol.java:903)
	at org.apache.tomcat.util.net.NioEndpoint$SocketProcessor.doRun(NioEndpoint.java:1769)
	at org.apache.tomcat.util.net.SocketProcessorBase.run(SocketProcessorBase.java:52)
	at org.apache.tomcat.util.threads.ThreadPoolExecutor.runWorker(ThreadPoolExecutor.java:1189)
	at org.apache.tomcat.util.threads.ThreadPoolExecutor$Worker.run(ThreadPoolExecutor.java:658)
	at org.apache.tomcat.util.threads.TaskThread$WrappingRunnable.run(TaskThread.java:63)
	at java.base/java.lang.Thread.run(Thread.java:1583)
2025-08-30 13:08:58 [http-nio-8080-exec-7] WARN  o.s.w.s.m.m.a.ExceptionHandlerExceptionResolver - Resolved [org.springframework.web.servlet.resource.NoResourceFoundException: No static resource proveedores/3a75494f-438f-4af7-86e0-9e95938a0cfd.png.]
2025-08-30 13:08:58 [http-nio-8080-exec-10] WARN  o.s.w.s.m.m.a.ExceptionHandlerExceptionResolver - Resolved [org.springframework.web.servlet.resource.NoResourceFoundException: No static resource proveedores/8fa6f2ac-ea85-49b3-b313-4d15d9a7b5a9.png.]
2025-08-30 13:08:58 [http-nio-8080-exec-7] INFO  c.e.b.s.logging.RequestLoggingFilter - [GET] /uploads/proveedores/3a75494f-438f-4af7-86e0-9e95938a0cfd.png -> 500 (4 ms)
2025-08-30 13:08:58 [http-nio-8080-exec-10] INFO  c.e.b.s.logging.RequestLoggingFilter - [GET] /uploads/proveedores/8fa6f2ac-ea85-49b3-b313-4d15d9a7b5a9.png -> 500 (3 ms)
2025-08-30 13:09:13 [http-nio-8080-exec-2] INFO  c.e.b.p.c.c.ProviderController - → [ProviderController] Solicitud para listar proveedores paginados | page=0 | size=5
2025-08-30 13:09:13 [http-nio-8080-exec-2] INFO  c.e.b.p.service.ProviderService - → [ProviderService] Iniciando recuperación de prestadores | página=0 | size=5
2025-08-30 13:09:13 [http-nio-8080-exec-8] INFO  c.e.b.config.security.JwtService - Token válido para el usuario [admin@admin.com]
2025-08-30 13:09:13 [http-nio-8080-exec-8] INFO  c.e.b.c.c.c.CategoryController - Petición recibida para listar todas las categorías
2025-08-30 13:09:13 [http-nio-8080-exec-8] INFO  c.e.b.c.service.CategoryService - Recuperando todas las categorías...
2025-08-30 13:09:13 [http-nio-8080-exec-8] INFO  c.e.b.c.s.i.GetAllCategories - → [GetAllCategories] Solicitud para obtener todas las categorías ordenadas por nombre
2025-08-30 13:09:13 [http-nio-8080-exec-3] INFO  c.e.b.config.security.JwtService - Token válido para el usuario [admin@admin.com]
2025-08-30 13:09:13 [http-nio-8080-exec-3] INFO  c.e.b.u.c.controllers.AuthController - Obteniendo sesión actual
2025-08-30 13:09:13 [http-nio-8080-exec-8] INFO  c.e.b.c.s.i.GetAllCategories - ✓ [GetAllCategories] Se recuperaron 6 categorías
2025-08-30 13:09:13 [http-nio-8080-exec-8] INFO  c.e.b.c.service.CategoryService - Se recuperaron 6 categorías
2025-08-30 13:09:13 [http-nio-8080-exec-8] INFO  c.e.b.c.c.c.CategoryController - Se recuperaron 6 categorías
2025-08-30 13:09:13 [http-nio-8080-exec-8] INFO  c.e.b.s.logging.RequestLoggingFilter - [GET] /api/categories/getAll -> 200 (5 ms)
2025-08-30 13:09:13 [http-nio-8080-exec-3] INFO  c.e.b.u.s.implement.GetUserSession - Sesión válida encontrada. Usuario autenticado: id=3, email=admin@admin.com
2025-08-30 13:09:13 [http-nio-8080-exec-3] INFO  c.e.b.u.c.controllers.AuthController - Sesión obtenida para usuario: admin@admin.com
2025-08-30 13:09:13 [http-nio-8080-exec-3] INFO  c.e.b.s.logging.RequestLoggingFilter - [GET] /auth/me -> 200 (9 ms)
2025-08-30 13:09:13 [http-nio-8080-exec-2] INFO  c.e.b.p.service.ProviderService - ✓ [ProviderService] Recuperados 5 prestadores | página=0 de 3 | totalElements=13
2025-08-30 13:09:13 [http-nio-8080-exec-2] INFO  c.e.b.p.c.c.ProviderController - ✓ [ProviderController] Se recuperaron 5 proveedores en la página 0 de 3 (total elementos=13)
2025-08-30 13:09:13 [http-nio-8080-exec-2] INFO  c.e.b.s.logging.RequestLoggingFilter - [GET] /api/providers/paged -> 200 (27 ms)
2025-08-30 13:09:13 [http-nio-8080-exec-4] INFO  c.e.b.p.c.c.ProviderController - → [ProviderController] Solicitud para listar proveedores paginados | page=0 | size=5
2025-08-30 13:09:13 [http-nio-8080-exec-4] INFO  c.e.b.p.service.ProviderService - → [ProviderService] Iniciando recuperación de prestadores | página=0 | size=5
2025-08-30 13:09:13 [http-nio-8080-exec-9] INFO  c.e.b.config.security.JwtService - Token válido para el usuario [admin@admin.com]
2025-08-30 13:09:13 [http-nio-8080-exec-9] INFO  c.e.b.c.c.c.CategoryController - Petición recibida para listar todas las categorías
2025-08-30 13:09:13 [http-nio-8080-exec-9] INFO  c.e.b.c.service.CategoryService - Recuperando todas las categorías...
2025-08-30 13:09:13 [http-nio-8080-exec-9] INFO  c.e.b.c.s.i.GetAllCategories - → [GetAllCategories] Solicitud para obtener todas las categorías ordenadas por nombre
2025-08-30 13:09:13 [http-nio-8080-exec-1] INFO  c.e.b.config.security.JwtService - Token válido para el usuario [admin@admin.com]
2025-08-30 13:09:13 [http-nio-8080-exec-9] INFO  c.e.b.c.s.i.GetAllCategories - ✓ [GetAllCategories] Se recuperaron 6 categorías
2025-08-30 13:09:13 [http-nio-8080-exec-9] INFO  c.e.b.c.service.CategoryService - Se recuperaron 6 categorías
2025-08-30 13:09:13 [http-nio-8080-exec-9] INFO  c.e.b.c.c.c.CategoryController - Se recuperaron 6 categorías
2025-08-30 13:09:13 [http-nio-8080-exec-1] INFO  c.e.b.u.c.controllers.AuthController - Obteniendo sesión actual
2025-08-30 13:09:13 [http-nio-8080-exec-9] INFO  c.e.b.s.logging.RequestLoggingFilter - [GET] /api/categories/getAll -> 200 (7 ms)
2025-08-30 13:09:13 [http-nio-8080-exec-1] INFO  c.e.b.u.s.implement.GetUserSession - Sesión válida encontrada. Usuario autenticado: id=3, email=admin@admin.com
2025-08-30 13:09:13 [http-nio-8080-exec-1] INFO  c.e.b.u.c.controllers.AuthController - Sesión obtenida para usuario: admin@admin.com
2025-08-30 13:09:13 [http-nio-8080-exec-1] INFO  c.e.b.s.logging.RequestLoggingFilter - [GET] /auth/me -> 200 (10 ms)
2025-08-30 13:09:13 [http-nio-8080-exec-4] INFO  c.e.b.p.service.ProviderService - ✓ [ProviderService] Recuperados 5 prestadores | página=0 de 3 | totalElements=13
2025-08-30 13:09:13 [http-nio-8080-exec-4] INFO  c.e.b.p.c.c.ProviderController - ✓ [ProviderController] Se recuperaron 5 proveedores en la página 0 de 3 (total elementos=13)
2025-08-30 13:09:13 [http-nio-8080-exec-4] INFO  c.e.b.s.logging.RequestLoggingFilter - [GET] /api/providers/paged -> 200 (27 ms)
2025-08-30 13:09:13 [http-nio-8080-exec-6] INFO  c.e.b.p.c.c.ProviderController - → [ProviderController] Solicitud para listar proveedores paginados | page=0 | size=5
2025-08-30 13:09:13 [http-nio-8080-exec-6] INFO  c.e.b.p.service.ProviderService - → [ProviderService] Iniciando recuperación de prestadores | página=0 | size=5
2025-08-30 13:09:13 [http-nio-8080-exec-6] INFO  c.e.b.p.service.ProviderService - ✓ [ProviderService] Recuperados 5 prestadores | página=0 de 3 | totalElements=13
2025-08-30 13:09:13 [http-nio-8080-exec-6] INFO  c.e.b.p.c.c.ProviderController - ✓ [ProviderController] Se recuperaron 5 proveedores en la página 0 de 3 (total elementos=13)
2025-08-30 13:09:13 [http-nio-8080-exec-6] INFO  c.e.b.s.logging.RequestLoggingFilter - [GET] /api/providers/paged -> 200 (24 ms)
2025-08-30 13:09:19 [http-nio-8080-exec-5] INFO  c.e.b.p.c.c.ProviderController - → [ProviderController] Solicitud para listar proveedores paginados | page=1 | size=5
2025-08-30 13:09:19 [http-nio-8080-exec-5] INFO  c.e.b.p.service.ProviderService - → [ProviderService] Iniciando recuperación de prestadores | página=1 | size=5
2025-08-30 13:09:19 [http-nio-8080-exec-5] INFO  c.e.b.p.service.ProviderService - ✓ [ProviderService] Recuperados 5 prestadores | página=1 de 3 | totalElements=13
2025-08-30 13:09:19 [http-nio-8080-exec-5] INFO  c.e.b.p.c.c.ProviderController - ✓ [ProviderController] Se recuperaron 5 proveedores en la página 1 de 3 (total elementos=13)
2025-08-30 13:09:19 [http-nio-8080-exec-5] INFO  c.e.b.s.logging.RequestLoggingFilter - [GET] /api/providers/paged -> 200 (25 ms)
2025-08-30 13:09:19 [http-nio-8080-exec-10] INFO  c.e.b.config.security.JwtService - Token válido para el usuario [admin@admin.com]
2025-08-30 13:09:19 [http-nio-8080-exec-7] INFO  c.e.b.config.security.JwtService - Token válido para el usuario [admin@admin.com]
2025-08-30 13:09:19 [http-nio-8080-exec-7] ERROR c.e.b.s.e.GlobalExceptionHandler - 🔥 Excepción no controlada: No static resource proveedores/ea3e7bb2-75d4-48b5-b219-fd802f035c4b.jpg.
org.springframework.web.servlet.resource.NoResourceFoundException: No static resource proveedores/ea3e7bb2-75d4-48b5-b219-fd802f035c4b.jpg.
	at org.springframework.web.servlet.resource.ResourceHttpRequestHandler.handleRequest(ResourceHttpRequestHandler.java:585)
	at org.springframework.web.servlet.mvc.HttpRequestHandlerAdapter.handle(HttpRequestHandlerAdapter.java:52)
	at org.springframework.web.servlet.DispatcherServlet.doDispatch(DispatcherServlet.java:1089)
	at org.springframework.web.servlet.DispatcherServlet.doService(DispatcherServlet.java:979)
	at org.springframework.web.servlet.FrameworkServlet.processRequest(FrameworkServlet.java:1014)
	at org.springframework.web.servlet.FrameworkServlet.doGet(FrameworkServlet.java:903)
	at jakarta.servlet.http.HttpServlet.service(HttpServlet.java:564)
	at org.springframework.web.servlet.FrameworkServlet.service(FrameworkServlet.java:885)
	at jakarta.servlet.http.HttpServlet.service(HttpServlet.java:658)
	at org.apache.catalina.core.ApplicationFilterChain.internalDoFilter(ApplicationFilterChain.java:195)
	at org.apache.catalina.core.ApplicationFilterChain.doFilter(ApplicationFilterChain.java:140)
	at org.apache.tomcat.websocket.server.WsFilter.doFilter(WsFilter.java:51)
	at org.apache.catalina.core.ApplicationFilterChain.internalDoFilter(ApplicationFilterChain.java:164)
	at org.apache.catalina.core.ApplicationFilterChain.doFilter(ApplicationFilterChain.java:140)
	at com.example.backend.shared.logging.RequestLoggingFilter.doFilterInternal(RequestLoggingFilter.java:29)
	at org.springframework.web.filter.OncePerRequestFilter.doFilter(OncePerRequestFilter.java:116)
	at org.apache.catalina.core.ApplicationFilterChain.internalDoFilter(ApplicationFilterChain.java:164)
	at org.apache.catalina.core.ApplicationFilterChain.doFilter(ApplicationFilterChain.java:140)
	at org.springframework.web.filter.OncePerRequestFilter.doFilter(OncePerRequestFilter.java:110)
	at org.apache.catalina.core.ApplicationFilterChain.internalDoFilter(ApplicationFilterChain.java:164)
	at org.apache.catalina.core.ApplicationFilterChain.doFilter(ApplicationFilterChain.java:140)
	at org.springframework.web.filter.CompositeFilter$VirtualFilterChain.doFilter(CompositeFilter.java:108)
	at org.springframework.web.filter.CompositeFilter$VirtualFilterChain.doFilter(CompositeFilter.java:108)
	at org.springframework.security.web.FilterChainProxy.lambda$doFilterInternal$3(FilterChainProxy.java:231)
	at org.springframework.security.web.FilterChainProxy$VirtualFilterChain.doFilter(FilterChainProxy.java:365)
	at org.springframework.security.web.access.intercept.AuthorizationFilter.doFilter(AuthorizationFilter.java:101)
	at org.springframework.security.web.FilterChainProxy$VirtualFilterChain.doFilter(FilterChainProxy.java:374)
	at org.springframework.security.web.access.ExceptionTranslationFilter.doFilter(ExceptionTranslationFilter.java:125)
	at org.springframework.security.web.access.ExceptionTranslationFilter.doFilter(ExceptionTranslationFilter.java:119)
	at org.springframework.security.web.FilterChainProxy$VirtualFilterChain.doFilter(FilterChainProxy.java:374)
	at org.springframework.security.web.session.SessionManagementFilter.doFilter(SessionManagementFilter.java:131)
	at org.springframework.security.web.session.SessionManagementFilter.doFilter(SessionManagementFilter.java:85)
	at org.springframework.security.web.FilterChainProxy$VirtualFilterChain.doFilter(FilterChainProxy.java:374)
	at org.springframework.security.web.authentication.AnonymousAuthenticationFilter.doFilter(AnonymousAuthenticationFilter.java:100)
	at org.springframework.security.web.FilterChainProxy$VirtualFilterChain.doFilter(FilterChainProxy.java:374)
	at org.springframework.security.web.servletapi.SecurityContextHolderAwareRequestFilter.doFilter(SecurityContextHolderAwareRequestFilter.java:179)
	at org.springframework.security.web.FilterChainProxy$VirtualFilterChain.doFilter(FilterChainProxy.java:374)
	at org.springframework.security.web.savedrequest.RequestCacheAwareFilter.doFilter(RequestCacheAwareFilter.java:63)
	at org.springframework.security.web.FilterChainProxy$VirtualFilterChain.doFilter(FilterChainProxy.java:374)
	at com.example.backend.config.security.JwtCookieAuthenticationFilter.doFilterInternal(JwtCookieAuthenticationFilter.java:62)
	at org.springframework.web.filter.OncePerRequestFilter.doFilter(OncePerRequestFilter.java:116)
	at org.springframework.security.web.FilterChainProxy$VirtualFilterChain.doFilter(FilterChainProxy.java:374)
	at org.springframework.security.web.authentication.AbstractAuthenticationProcessingFilter.doFilter(AbstractAuthenticationProcessingFilter.java:235)
	at org.springframework.security.web.authentication.AbstractAuthenticationProcessingFilter.doFilter(AbstractAuthenticationProcessingFilter.java:229)
	at org.springframework.security.web.FilterChainProxy$VirtualFilterChain.doFilter(FilterChainProxy.java:374)
	at org.springframework.security.oauth2.client.web.OAuth2AuthorizationRequestRedirectFilter.doFilterInternal(OAuth2AuthorizationRequestRedirectFilter.java:198)
	at org.springframework.web.filter.OncePerRequestFilter.doFilter(OncePerRequestFilter.java:116)
	at org.springframework.security.web.FilterChainProxy$VirtualFilterChain.doFilter(FilterChainProxy.java:374)
	at org.springframework.security.web.authentication.logout.LogoutFilter.doFilter(LogoutFilter.java:107)
	at org.springframework.security.web.authentication.logout.LogoutFilter.doFilter(LogoutFilter.java:93)
	at org.springframework.security.web.FilterChainProxy$VirtualFilterChain.doFilter(FilterChainProxy.java:374)
	at org.springframework.web.filter.CorsFilter.doFilterInternal(CorsFilter.java:91)
	at org.springframework.web.filter.OncePerRequestFilter.doFilter(OncePerRequestFilter.java:116)
	at org.springframework.security.web.FilterChainProxy$VirtualFilterChain.doFilter(FilterChainProxy.java:374)
	at org.springframework.security.web.header.HeaderWriterFilter.doHeadersAfter(HeaderWriterFilter.java:90)
	at org.springframework.security.web.header.HeaderWriterFilter.doFilterInternal(HeaderWriterFilter.java:75)
	at org.springframework.web.filter.OncePerRequestFilter.doFilter(OncePerRequestFilter.java:116)
	at org.springframework.security.web.FilterChainProxy$VirtualFilterChain.doFilter(FilterChainProxy.java:374)
	at org.springframework.security.web.context.SecurityContextHolderFilter.doFilter(SecurityContextHolderFilter.java:82)
	at org.springframework.security.web.context.SecurityContextHolderFilter.doFilter(SecurityContextHolderFilter.java:69)
	at org.springframework.security.web.FilterChainProxy$VirtualFilterChain.doFilter(FilterChainProxy.java:374)
	at org.springframework.security.web.context.request.async.WebAsyncManagerIntegrationFilter.doFilterInternal(WebAsyncManagerIntegrationFilter.java:62)
	at org.springframework.web.filter.OncePerRequestFilter.doFilter(OncePerRequestFilter.java:116)
	at org.springframework.security.web.FilterChainProxy$VirtualFilterChain.doFilter(FilterChainProxy.java:374)
	at org.springframework.security.web.session.DisableEncodeUrlFilter.doFilterInternal(DisableEncodeUrlFilter.java:42)
	at org.springframework.web.filter.OncePerRequestFilter.doFilter(OncePerRequestFilter.java:116)
	at org.springframework.security.web.FilterChainProxy$VirtualFilterChain.doFilter(FilterChainProxy.java:374)
	at org.springframework.security.web.FilterChainProxy.doFilterInternal(FilterChainProxy.java:233)
	at org.springframework.security.web.FilterChainProxy.doFilter(FilterChainProxy.java:191)
	at org.springframework.web.filter.CompositeFilter$VirtualFilterChain.doFilter(CompositeFilter.java:113)
	at org.springframework.web.filter.ServletRequestPathFilter.doFilter(ServletRequestPathFilter.java:52)
	at org.springframework.web.filter.CompositeFilter$VirtualFilterChain.doFilter(CompositeFilter.java:113)
	at org.springframework.web.filter.CompositeFilter.doFilter(CompositeFilter.java:74)
	at org.springframework.security.config.annotation.web.configuration.WebSecurityConfiguration$CompositeFilterChainProxy.doFilter(WebSecurityConfiguration.java:319)
	at org.springframework.web.filter.CompositeFilter$VirtualFilterChain.doFilter(CompositeFilter.java:113)
	at org.springframework.web.servlet.handler.HandlerMappingIntrospector.lambda$createCacheFilter$4(HandlerMappingIntrospector.java:267)
	at org.springframework.web.filter.CompositeFilter$VirtualFilterChain.doFilter(CompositeFilter.java:113)
	at org.springframework.web.filter.CompositeFilter.doFilter(CompositeFilter.java:74)
	at org.springframework.security.config.annotation.web.configuration.WebMvcSecurityConfiguration$CompositeFilterChainProxy.doFilter(WebMvcSecurityConfiguration.java:240)
	at org.springframework.web.filter.DelegatingFilterProxy.invokeDelegate(DelegatingFilterProxy.java:362)
	at org.springframework.web.filter.DelegatingFilterProxy.doFilter(DelegatingFilterProxy.java:278)
	at org.apache.catalina.core.ApplicationFilterChain.internalDoFilter(ApplicationFilterChain.java:164)
	at org.apache.catalina.core.ApplicationFilterChain.doFilter(ApplicationFilterChain.java:140)
	at org.springframework.web.filter.RequestContextFilter.doFilterInternal(RequestContextFilter.java:100)
	at org.springframework.web.filter.OncePerRequestFilter.doFilter(OncePerRequestFilter.java:116)
	at org.apache.catalina.core.ApplicationFilterChain.internalDoFilter(ApplicationFilterChain.java:164)
	at org.apache.catalina.core.ApplicationFilterChain.doFilter(ApplicationFilterChain.java:140)
	at org.springframework.web.filter.FormContentFilter.doFilterInternal(FormContentFilter.java:93)
	at org.springframework.web.filter.OncePerRequestFilter.doFilter(OncePerRequestFilter.java:116)
	at org.apache.catalina.core.ApplicationFilterChain.internalDoFilter(ApplicationFilterChain.java:164)
	at org.apache.catalina.core.ApplicationFilterChain.doFilter(ApplicationFilterChain.java:140)
	at org.springframework.web.filter.CharacterEncodingFilter.doFilterInternal(CharacterEncodingFilter.java:201)
	at org.springframework.web.filter.OncePerRequestFilter.doFilter(OncePerRequestFilter.java:116)
	at org.apache.catalina.core.ApplicationFilterChain.internalDoFilter(ApplicationFilterChain.java:164)
	at org.apache.catalina.core.ApplicationFilterChain.doFilter(ApplicationFilterChain.java:140)
	at org.apache.catalina.core.StandardWrapperValve.invoke(StandardWrapperValve.java:167)
	at org.apache.catalina.core.StandardContextValve.invoke(StandardContextValve.java:90)
	at org.apache.catalina.authenticator.AuthenticatorBase.invoke(AuthenticatorBase.java:483)
	at org.apache.catalina.core.StandardHostValve.invoke(StandardHostValve.java:116)
	at org.apache.catalina.valves.ErrorReportValve.invoke(ErrorReportValve.java:93)
	at org.apache.catalina.core.StandardEngineValve.invoke(StandardEngineValve.java:74)
	at org.apache.catalina.connector.CoyoteAdapter.service(CoyoteAdapter.java:344)
	at org.apache.coyote.http11.Http11Processor.service(Http11Processor.java:398)
	at org.apache.coyote.AbstractProcessorLight.process(AbstractProcessorLight.java:63)
	at org.apache.coyote.AbstractProtocol$ConnectionHandler.process(AbstractProtocol.java:903)
	at org.apache.tomcat.util.net.NioEndpoint$SocketProcessor.doRun(NioEndpoint.java:1769)
	at org.apache.tomcat.util.net.SocketProcessorBase.run(SocketProcessorBase.java:52)
	at org.apache.tomcat.util.threads.ThreadPoolExecutor.runWorker(ThreadPoolExecutor.java:1189)
	at org.apache.tomcat.util.threads.ThreadPoolExecutor$Worker.run(ThreadPoolExecutor.java:658)
	at org.apache.tomcat.util.threads.TaskThread$WrappingRunnable.run(TaskThread.java:63)
	at java.base/java.lang.Thread.run(Thread.java:1583)
2025-08-30 13:09:19 [http-nio-8080-exec-10] ERROR c.e.b.s.e.GlobalExceptionHandler - 🔥 Excepción no controlada: No static resource proveedores/c4f2e8ea-6d56-400f-9b1f-92ce2567530e.jpg.
org.springframework.web.servlet.resource.NoResourceFoundException: No static resource proveedores/c4f2e8ea-6d56-400f-9b1f-92ce2567530e.jpg.
	at org.springframework.web.servlet.resource.ResourceHttpRequestHandler.handleRequest(ResourceHttpRequestHandler.java:585)
	at org.springframework.web.servlet.mvc.HttpRequestHandlerAdapter.handle(HttpRequestHandlerAdapter.java:52)
	at org.springframework.web.servlet.DispatcherServlet.doDispatch(DispatcherServlet.java:1089)
	at org.springframework.web.servlet.DispatcherServlet.doService(DispatcherServlet.java:979)
	at org.springframework.web.servlet.FrameworkServlet.processRequest(FrameworkServlet.java:1014)
	at org.springframework.web.servlet.FrameworkServlet.doGet(FrameworkServlet.java:903)
	at jakarta.servlet.http.HttpServlet.service(HttpServlet.java:564)
	at org.springframework.web.servlet.FrameworkServlet.service(FrameworkServlet.java:885)
	at jakarta.servlet.http.HttpServlet.service(HttpServlet.java:658)
	at org.apache.catalina.core.ApplicationFilterChain.internalDoFilter(ApplicationFilterChain.java:195)
	at org.apache.catalina.core.ApplicationFilterChain.doFilter(ApplicationFilterChain.java:140)
	at org.apache.tomcat.websocket.server.WsFilter.doFilter(WsFilter.java:51)
	at org.apache.catalina.core.ApplicationFilterChain.internalDoFilter(ApplicationFilterChain.java:164)
	at org.apache.catalina.core.ApplicationFilterChain.doFilter(ApplicationFilterChain.java:140)
	at com.example.backend.shared.logging.RequestLoggingFilter.doFilterInternal(RequestLoggingFilter.java:29)
	at org.springframework.web.filter.OncePerRequestFilter.doFilter(OncePerRequestFilter.java:116)
	at org.apache.catalina.core.ApplicationFilterChain.internalDoFilter(ApplicationFilterChain.java:164)
	at org.apache.catalina.core.ApplicationFilterChain.doFilter(ApplicationFilterChain.java:140)
	at org.springframework.web.filter.OncePerRequestFilter.doFilter(OncePerRequestFilter.java:110)
	at org.apache.catalina.core.ApplicationFilterChain.internalDoFilter(ApplicationFilterChain.java:164)
	at org.apache.catalina.core.ApplicationFilterChain.doFilter(ApplicationFilterChain.java:140)
	at org.springframework.web.filter.CompositeFilter$VirtualFilterChain.doFilter(CompositeFilter.java:108)
	at org.springframework.web.filter.CompositeFilter$VirtualFilterChain.doFilter(CompositeFilter.java:108)
	at org.springframework.security.web.FilterChainProxy.lambda$doFilterInternal$3(FilterChainProxy.java:231)
	at org.springframework.security.web.FilterChainProxy$VirtualFilterChain.doFilter(FilterChainProxy.java:365)
	at org.springframework.security.web.access.intercept.AuthorizationFilter.doFilter(AuthorizationFilter.java:101)
	at org.springframework.security.web.FilterChainProxy$VirtualFilterChain.doFilter(FilterChainProxy.java:374)
	at org.springframework.security.web.access.ExceptionTranslationFilter.doFilter(ExceptionTranslationFilter.java:125)
	at org.springframework.security.web.access.ExceptionTranslationFilter.doFilter(ExceptionTranslationFilter.java:119)
	at org.springframework.security.web.FilterChainProxy$VirtualFilterChain.doFilter(FilterChainProxy.java:374)
	at org.springframework.security.web.session.SessionManagementFilter.doFilter(SessionManagementFilter.java:131)
	at org.springframework.security.web.session.SessionManagementFilter.doFilter(SessionManagementFilter.java:85)
	at org.springframework.security.web.FilterChainProxy$VirtualFilterChain.doFilter(FilterChainProxy.java:374)
	at org.springframework.security.web.authentication.AnonymousAuthenticationFilter.doFilter(AnonymousAuthenticationFilter.java:100)
	at org.springframework.security.web.FilterChainProxy$VirtualFilterChain.doFilter(FilterChainProxy.java:374)
	at org.springframework.security.web.servletapi.SecurityContextHolderAwareRequestFilter.doFilter(SecurityContextHolderAwareRequestFilter.java:179)
	at org.springframework.security.web.FilterChainProxy$VirtualFilterChain.doFilter(FilterChainProxy.java:374)
	at org.springframework.security.web.savedrequest.RequestCacheAwareFilter.doFilter(RequestCacheAwareFilter.java:63)
	at org.springframework.security.web.FilterChainProxy$VirtualFilterChain.doFilter(FilterChainProxy.java:374)
	at com.example.backend.config.security.JwtCookieAuthenticationFilter.doFilterInternal(JwtCookieAuthenticationFilter.java:62)
	at org.springframework.web.filter.OncePerRequestFilter.doFilter(OncePerRequestFilter.java:116)
	at org.springframework.security.web.FilterChainProxy$VirtualFilterChain.doFilter(FilterChainProxy.java:374)
	at org.springframework.security.web.authentication.AbstractAuthenticationProcessingFilter.doFilter(AbstractAuthenticationProcessingFilter.java:235)
	at org.springframework.security.web.authentication.AbstractAuthenticationProcessingFilter.doFilter(AbstractAuthenticationProcessingFilter.java:229)
	at org.springframework.security.web.FilterChainProxy$VirtualFilterChain.doFilter(FilterChainProxy.java:374)
	at org.springframework.security.oauth2.client.web.OAuth2AuthorizationRequestRedirectFilter.doFilterInternal(OAuth2AuthorizationRequestRedirectFilter.java:198)
	at org.springframework.web.filter.OncePerRequestFilter.doFilter(OncePerRequestFilter.java:116)
	at org.springframework.security.web.FilterChainProxy$VirtualFilterChain.doFilter(FilterChainProxy.java:374)
	at org.springframework.security.web.authentication.logout.LogoutFilter.doFilter(LogoutFilter.java:107)
	at org.springframework.security.web.authentication.logout.LogoutFilter.doFilter(LogoutFilter.java:93)
	at org.springframework.security.web.FilterChainProxy$VirtualFilterChain.doFilter(FilterChainProxy.java:374)
	at org.springframework.web.filter.CorsFilter.doFilterInternal(CorsFilter.java:91)
	at org.springframework.web.filter.OncePerRequestFilter.doFilter(OncePerRequestFilter.java:116)
	at org.springframework.security.web.FilterChainProxy$VirtualFilterChain.doFilter(FilterChainProxy.java:374)
	at org.springframework.security.web.header.HeaderWriterFilter.doHeadersAfter(HeaderWriterFilter.java:90)
	at org.springframework.security.web.header.HeaderWriterFilter.doFilterInternal(HeaderWriterFilter.java:75)
	at org.springframework.web.filter.OncePerRequestFilter.doFilter(OncePerRequestFilter.java:116)
	at org.springframework.security.web.FilterChainProxy$VirtualFilterChain.doFilter(FilterChainProxy.java:374)
	at org.springframework.security.web.context.SecurityContextHolderFilter.doFilter(SecurityContextHolderFilter.java:82)
	at org.springframework.security.web.context.SecurityContextHolderFilter.doFilter(SecurityContextHolderFilter.java:69)
	at org.springframework.security.web.FilterChainProxy$VirtualFilterChain.doFilter(FilterChainProxy.java:374)
	at org.springframework.security.web.context.request.async.WebAsyncManagerIntegrationFilter.doFilterInternal(WebAsyncManagerIntegrationFilter.java:62)
	at org.springframework.web.filter.OncePerRequestFilter.doFilter(OncePerRequestFilter.java:116)
	at org.springframework.security.web.FilterChainProxy$VirtualFilterChain.doFilter(FilterChainProxy.java:374)
	at org.springframework.security.web.session.DisableEncodeUrlFilter.doFilterInternal(DisableEncodeUrlFilter.java:42)
	at org.springframework.web.filter.OncePerRequestFilter.doFilter(OncePerRequestFilter.java:116)
	at org.springframework.security.web.FilterChainProxy$VirtualFilterChain.doFilter(FilterChainProxy.java:374)
	at org.springframework.security.web.FilterChainProxy.doFilterInternal(FilterChainProxy.java:233)
	at org.springframework.security.web.FilterChainProxy.doFilter(FilterChainProxy.java:191)
	at org.springframework.web.filter.CompositeFilter$VirtualFilterChain.doFilter(CompositeFilter.java:113)
	at org.springframework.web.filter.ServletRequestPathFilter.doFilter(ServletRequestPathFilter.java:52)
	at org.springframework.web.filter.CompositeFilter$VirtualFilterChain.doFilter(CompositeFilter.java:113)
	at org.springframework.web.filter.CompositeFilter.doFilter(CompositeFilter.java:74)
	at org.springframework.security.config.annotation.web.configuration.WebSecurityConfiguration$CompositeFilterChainProxy.doFilter(WebSecurityConfiguration.java:319)
	at org.springframework.web.filter.CompositeFilter$VirtualFilterChain.doFilter(CompositeFilter.java:113)
	at org.springframework.web.servlet.handler.HandlerMappingIntrospector.lambda$createCacheFilter$4(HandlerMappingIntrospector.java:267)
	at org.springframework.web.filter.CompositeFilter$VirtualFilterChain.doFilter(CompositeFilter.java:113)
	at org.springframework.web.filter.CompositeFilter.doFilter(CompositeFilter.java:74)
	at org.springframework.security.config.annotation.web.configuration.WebMvcSecurityConfiguration$CompositeFilterChainProxy.doFilter(WebMvcSecurityConfiguration.java:240)
	at org.springframework.web.filter.DelegatingFilterProxy.invokeDelegate(DelegatingFilterProxy.java:362)
	at org.springframework.web.filter.DelegatingFilterProxy.doFilter(DelegatingFilterProxy.java:278)
	at org.apache.catalina.core.ApplicationFilterChain.internalDoFilter(ApplicationFilterChain.java:164)
	at org.apache.catalina.core.ApplicationFilterChain.doFilter(ApplicationFilterChain.java:140)
	at org.springframework.web.filter.RequestContextFilter.doFilterInternal(RequestContextFilter.java:100)
	at org.springframework.web.filter.OncePerRequestFilter.doFilter(OncePerRequestFilter.java:116)
	at org.apache.catalina.core.ApplicationFilterChain.internalDoFilter(ApplicationFilterChain.java:164)
	at org.apache.catalina.core.ApplicationFilterChain.doFilter(ApplicationFilterChain.java:140)
	at org.springframework.web.filter.FormContentFilter.doFilterInternal(FormContentFilter.java:93)
	at org.springframework.web.filter.OncePerRequestFilter.doFilter(OncePerRequestFilter.java:116)
	at org.apache.catalina.core.ApplicationFilterChain.internalDoFilter(ApplicationFilterChain.java:164)
	at org.apache.catalina.core.ApplicationFilterChain.doFilter(ApplicationFilterChain.java:140)
	at org.springframework.web.filter.CharacterEncodingFilter.doFilterInternal(CharacterEncodingFilter.java:201)
	at org.springframework.web.filter.OncePerRequestFilter.doFilter(OncePerRequestFilter.java:116)
	at org.apache.catalina.core.ApplicationFilterChain.internalDoFilter(ApplicationFilterChain.java:164)
	at org.apache.catalina.core.ApplicationFilterChain.doFilter(ApplicationFilterChain.java:140)
	at org.apache.catalina.core.StandardWrapperValve.invoke(StandardWrapperValve.java:167)
	at org.apache.catalina.core.StandardContextValve.invoke(StandardContextValve.java:90)
	at org.apache.catalina.authenticator.AuthenticatorBase.invoke(AuthenticatorBase.java:483)
	at org.apache.catalina.core.StandardHostValve.invoke(StandardHostValve.java:116)
	at org.apache.catalina.valves.ErrorReportValve.invoke(ErrorReportValve.java:93)
	at org.apache.catalina.core.StandardEngineValve.invoke(StandardEngineValve.java:74)
	at org.apache.catalina.connector.CoyoteAdapter.service(CoyoteAdapter.java:344)
	at org.apache.coyote.http11.Http11Processor.service(Http11Processor.java:398)
	at org.apache.coyote.AbstractProcessorLight.process(AbstractProcessorLight.java:63)
	at org.apache.coyote.AbstractProtocol$ConnectionHandler.process(AbstractProtocol.java:903)
	at org.apache.tomcat.util.net.NioEndpoint$SocketProcessor.doRun(NioEndpoint.java:1769)
	at org.apache.tomcat.util.net.SocketProcessorBase.run(SocketProcessorBase.java:52)
	at org.apache.tomcat.util.threads.ThreadPoolExecutor.runWorker(ThreadPoolExecutor.java:1189)
	at org.apache.tomcat.util.threads.ThreadPoolExecutor$Worker.run(ThreadPoolExecutor.java:658)
	at org.apache.tomcat.util.threads.TaskThread$WrappingRunnable.run(TaskThread.java:63)
	at java.base/java.lang.Thread.run(Thread.java:1583)
2025-08-30 13:09:19 [http-nio-8080-exec-7] WARN  o.s.w.s.m.m.a.ExceptionHandlerExceptionResolver - Resolved [org.springframework.web.servlet.resource.NoResourceFoundException: No static resource proveedores/ea3e7bb2-75d4-48b5-b219-fd802f035c4b.jpg.]
2025-08-30 13:09:19 [http-nio-8080-exec-10] WARN  o.s.w.s.m.m.a.ExceptionHandlerExceptionResolver - Resolved [org.springframework.web.servlet.resource.NoResourceFoundException: No static resource proveedores/c4f2e8ea-6d56-400f-9b1f-92ce2567530e.jpg.]
2025-08-30 13:09:19 [http-nio-8080-exec-10] INFO  c.e.b.s.logging.RequestLoggingFilter - [GET] /uploads/proveedores/c4f2e8ea-6d56-400f-9b1f-92ce2567530e.jpg -> 500 (4 ms)
2025-08-30 13:09:19 [http-nio-8080-exec-7] INFO  c.e.b.s.logging.RequestLoggingFilter - [GET] /uploads/proveedores/ea3e7bb2-75d4-48b5-b219-fd802f035c4b.jpg -> 500 (4 ms)
2025-08-30 13:09:43 [http-nio-8080-exec-8] ERROR c.e.b.s.e.GlobalExceptionHandler - 🔥 Excepción no controlada: No static resource proveedores/ea3e7bb2-75d4-48b5-b219-fd802f035c4b.jpg.
org.springframework.web.servlet.resource.NoResourceFoundException: No static resource proveedores/ea3e7bb2-75d4-48b5-b219-fd802f035c4b.jpg.
	at org.springframework.web.servlet.resource.ResourceHttpRequestHandler.handleRequest(ResourceHttpRequestHandler.java:585)
	at org.springframework.web.servlet.mvc.HttpRequestHandlerAdapter.handle(HttpRequestHandlerAdapter.java:52)
	at org.springframework.web.servlet.DispatcherServlet.doDispatch(DispatcherServlet.java:1089)
	at org.springframework.web.servlet.DispatcherServlet.doService(DispatcherServlet.java:979)
	at org.springframework.web.servlet.FrameworkServlet.processRequest(FrameworkServlet.java:1014)
	at org.springframework.web.servlet.FrameworkServlet.doGet(FrameworkServlet.java:903)
	at jakarta.servlet.http.HttpServlet.service(HttpServlet.java:564)
	at org.springframework.web.servlet.FrameworkServlet.service(FrameworkServlet.java:885)
	at jakarta.servlet.http.HttpServlet.service(HttpServlet.java:658)
	at org.apache.catalina.core.ApplicationFilterChain.internalDoFilter(ApplicationFilterChain.java:195)
	at org.apache.catalina.core.ApplicationFilterChain.doFilter(ApplicationFilterChain.java:140)
	at org.apache.tomcat.websocket.server.WsFilter.doFilter(WsFilter.java:51)
	at org.apache.catalina.core.ApplicationFilterChain.internalDoFilter(ApplicationFilterChain.java:164)
	at org.apache.catalina.core.ApplicationFilterChain.doFilter(ApplicationFilterChain.java:140)
	at com.example.backend.shared.logging.RequestLoggingFilter.doFilterInternal(RequestLoggingFilter.java:29)
	at org.springframework.web.filter.OncePerRequestFilter.doFilter(OncePerRequestFilter.java:116)
	at org.apache.catalina.core.ApplicationFilterChain.internalDoFilter(ApplicationFilterChain.java:164)
	at org.apache.catalina.core.ApplicationFilterChain.doFilter(ApplicationFilterChain.java:140)
	at org.springframework.web.filter.OncePerRequestFilter.doFilter(OncePerRequestFilter.java:110)
	at org.apache.catalina.core.ApplicationFilterChain.internalDoFilter(ApplicationFilterChain.java:164)
	at org.apache.catalina.core.ApplicationFilterChain.doFilter(ApplicationFilterChain.java:140)
	at org.springframework.web.filter.CompositeFilter$VirtualFilterChain.doFilter(CompositeFilter.java:108)
	at org.springframework.web.filter.CompositeFilter$VirtualFilterChain.doFilter(CompositeFilter.java:108)
	at org.springframework.security.web.FilterChainProxy.lambda$doFilterInternal$3(FilterChainProxy.java:231)
	at org.springframework.security.web.FilterChainProxy$VirtualFilterChain.doFilter(FilterChainProxy.java:365)
	at org.springframework.security.web.access.intercept.AuthorizationFilter.doFilter(AuthorizationFilter.java:101)
	at org.springframework.security.web.FilterChainProxy$VirtualFilterChain.doFilter(FilterChainProxy.java:374)
	at org.springframework.security.web.access.ExceptionTranslationFilter.doFilter(ExceptionTranslationFilter.java:125)
	at org.springframework.security.web.access.ExceptionTranslationFilter.doFilter(ExceptionTranslationFilter.java:119)
	at org.springframework.security.web.FilterChainProxy$VirtualFilterChain.doFilter(FilterChainProxy.java:374)
	at org.springframework.security.web.session.SessionManagementFilter.doFilter(SessionManagementFilter.java:131)
	at org.springframework.security.web.session.SessionManagementFilter.doFilter(SessionManagementFilter.java:85)
	at org.springframework.security.web.FilterChainProxy$VirtualFilterChain.doFilter(FilterChainProxy.java:374)
	at org.springframework.security.web.authentication.AnonymousAuthenticationFilter.doFilter(AnonymousAuthenticationFilter.java:100)
	at org.springframework.security.web.FilterChainProxy$VirtualFilterChain.doFilter(FilterChainProxy.java:374)
	at org.springframework.security.web.servletapi.SecurityContextHolderAwareRequestFilter.doFilter(SecurityContextHolderAwareRequestFilter.java:179)
	at org.springframework.security.web.FilterChainProxy$VirtualFilterChain.doFilter(FilterChainProxy.java:374)
	at org.springframework.security.web.savedrequest.RequestCacheAwareFilter.doFilter(RequestCacheAwareFilter.java:63)
	at org.springframework.security.web.FilterChainProxy$VirtualFilterChain.doFilter(FilterChainProxy.java:374)
	at com.example.backend.config.security.JwtCookieAuthenticationFilter.doFilterInternal(JwtCookieAuthenticationFilter.java:62)
	at org.springframework.web.filter.OncePerRequestFilter.doFilter(OncePerRequestFilter.java:116)
	at org.springframework.security.web.FilterChainProxy$VirtualFilterChain.doFilter(FilterChainProxy.java:374)
	at org.springframework.security.web.authentication.AbstractAuthenticationProcessingFilter.doFilter(AbstractAuthenticationProcessingFilter.java:235)
	at org.springframework.security.web.authentication.AbstractAuthenticationProcessingFilter.doFilter(AbstractAuthenticationProcessingFilter.java:229)
	at org.springframework.security.web.FilterChainProxy$VirtualFilterChain.doFilter(FilterChainProxy.java:374)
	at org.springframework.security.oauth2.client.web.OAuth2AuthorizationRequestRedirectFilter.doFilterInternal(OAuth2AuthorizationRequestRedirectFilter.java:198)
	at org.springframework.web.filter.OncePerRequestFilter.doFilter(OncePerRequestFilter.java:116)
	at org.springframework.security.web.FilterChainProxy$VirtualFilterChain.doFilter(FilterChainProxy.java:374)
	at org.springframework.security.web.authentication.logout.LogoutFilter.doFilter(LogoutFilter.java:107)
	at org.springframework.security.web.authentication.logout.LogoutFilter.doFilter(LogoutFilter.java:93)
	at org.springframework.security.web.FilterChainProxy$VirtualFilterChain.doFilter(FilterChainProxy.java:374)
	at org.springframework.web.filter.CorsFilter.doFilterInternal(CorsFilter.java:91)
	at org.springframework.web.filter.OncePerRequestFilter.doFilter(OncePerRequestFilter.java:116)
	at org.springframework.security.web.FilterChainProxy$VirtualFilterChain.doFilter(FilterChainProxy.java:374)
	at org.springframework.security.web.header.HeaderWriterFilter.doHeadersAfter(HeaderWriterFilter.java:90)
	at org.springframework.security.web.header.HeaderWriterFilter.doFilterInternal(HeaderWriterFilter.java:75)
	at org.springframework.web.filter.OncePerRequestFilter.doFilter(OncePerRequestFilter.java:116)
	at org.springframework.security.web.FilterChainProxy$VirtualFilterChain.doFilter(FilterChainProxy.java:374)
	at org.springframework.security.web.context.SecurityContextHolderFilter.doFilter(SecurityContextHolderFilter.java:82)
	at org.springframework.security.web.context.SecurityContextHolderFilter.doFilter(SecurityContextHolderFilter.java:69)
	at org.springframework.security.web.FilterChainProxy$VirtualFilterChain.doFilter(FilterChainProxy.java:374)
	at org.springframework.security.web.context.request.async.WebAsyncManagerIntegrationFilter.doFilterInternal(WebAsyncManagerIntegrationFilter.java:62)
	at org.springframework.web.filter.OncePerRequestFilter.doFilter(OncePerRequestFilter.java:116)
	at org.springframework.security.web.FilterChainProxy$VirtualFilterChain.doFilter(FilterChainProxy.java:374)
	at org.springframework.security.web.session.DisableEncodeUrlFilter.doFilterInternal(DisableEncodeUrlFilter.java:42)
	at org.springframework.web.filter.OncePerRequestFilter.doFilter(OncePerRequestFilter.java:116)
	at org.springframework.security.web.FilterChainProxy$VirtualFilterChain.doFilter(FilterChainProxy.java:374)
	at org.springframework.security.web.FilterChainProxy.doFilterInternal(FilterChainProxy.java:233)
	at org.springframework.security.web.FilterChainProxy.doFilter(FilterChainProxy.java:191)
	at org.springframework.web.filter.CompositeFilter$VirtualFilterChain.doFilter(CompositeFilter.java:113)
	at org.springframework.web.filter.ServletRequestPathFilter.doFilter(ServletRequestPathFilter.java:52)
	at org.springframework.web.filter.CompositeFilter$VirtualFilterChain.doFilter(CompositeFilter.java:113)
	at org.springframework.web.filter.CompositeFilter.doFilter(CompositeFilter.java:74)
	at org.springframework.security.config.annotation.web.configuration.WebSecurityConfiguration$CompositeFilterChainProxy.doFilter(WebSecurityConfiguration.java:319)
	at org.springframework.web.filter.CompositeFilter$VirtualFilterChain.doFilter(CompositeFilter.java:113)
	at org.springframework.web.servlet.handler.HandlerMappingIntrospector.lambda$createCacheFilter$4(HandlerMappingIntrospector.java:267)
	at org.springframework.web.filter.CompositeFilter$VirtualFilterChain.doFilter(CompositeFilter.java:113)
	at org.springframework.web.filter.CompositeFilter.doFilter(CompositeFilter.java:74)
	at org.springframework.security.config.annotation.web.configuration.WebMvcSecurityConfiguration$CompositeFilterChainProxy.doFilter(WebMvcSecurityConfiguration.java:240)
	at org.springframework.web.filter.DelegatingFilterProxy.invokeDelegate(DelegatingFilterProxy.java:362)
	at org.springframework.web.filter.DelegatingFilterProxy.doFilter(DelegatingFilterProxy.java:278)
	at org.apache.catalina.core.ApplicationFilterChain.internalDoFilter(ApplicationFilterChain.java:164)
	at org.apache.catalina.core.ApplicationFilterChain.doFilter(ApplicationFilterChain.java:140)
	at org.springframework.web.filter.RequestContextFilter.doFilterInternal(RequestContextFilter.java:100)
	at org.springframework.web.filter.OncePerRequestFilter.doFilter(OncePerRequestFilter.java:116)
	at org.apache.catalina.core.ApplicationFilterChain.internalDoFilter(ApplicationFilterChain.java:164)
	at org.apache.catalina.core.ApplicationFilterChain.doFilter(ApplicationFilterChain.java:140)
	at org.springframework.web.filter.FormContentFilter.doFilterInternal(FormContentFilter.java:93)
	at org.springframework.web.filter.OncePerRequestFilter.doFilter(OncePerRequestFilter.java:116)
	at org.apache.catalina.core.ApplicationFilterChain.internalDoFilter(ApplicationFilterChain.java:164)
	at org.apache.catalina.core.ApplicationFilterChain.doFilter(ApplicationFilterChain.java:140)
	at org.springframework.web.filter.CharacterEncodingFilter.doFilterInternal(CharacterEncodingFilter.java:201)
	at org.springframework.web.filter.OncePerRequestFilter.doFilter(OncePerRequestFilter.java:116)
	at org.apache.catalina.core.ApplicationFilterChain.internalDoFilter(ApplicationFilterChain.java:164)
	at org.apache.catalina.core.ApplicationFilterChain.doFilter(ApplicationFilterChain.java:140)
	at org.apache.catalina.core.StandardWrapperValve.invoke(StandardWrapperValve.java:167)
	at org.apache.catalina.core.StandardContextValve.invoke(StandardContextValve.java:90)
	at org.apache.catalina.authenticator.AuthenticatorBase.invoke(AuthenticatorBase.java:483)
	at org.apache.catalina.core.StandardHostValve.invoke(StandardHostValve.java:116)
	at org.apache.catalina.valves.ErrorReportValve.invoke(ErrorReportValve.java:93)
	at org.apache.catalina.core.StandardEngineValve.invoke(StandardEngineValve.java:74)
	at org.apache.catalina.connector.CoyoteAdapter.service(CoyoteAdapter.java:344)
	at org.apache.coyote.http11.Http11Processor.service(Http11Processor.java:398)
	at org.apache.coyote.AbstractProcessorLight.process(AbstractProcessorLight.java:63)
	at org.apache.coyote.AbstractProtocol$ConnectionHandler.process(AbstractProtocol.java:903)
	at org.apache.tomcat.util.net.NioEndpoint$SocketProcessor.doRun(NioEndpoint.java:1769)
	at org.apache.tomcat.util.net.SocketProcessorBase.run(SocketProcessorBase.java:52)
	at org.apache.tomcat.util.threads.ThreadPoolExecutor.runWorker(ThreadPoolExecutor.java:1189)
	at org.apache.tomcat.util.threads.ThreadPoolExecutor$Worker.run(ThreadPoolExecutor.java:658)
	at org.apache.tomcat.util.threads.TaskThread$WrappingRunnable.run(TaskThread.java:63)
	at java.base/java.lang.Thread.run(Thread.java:1583)
2025-08-30 13:09:43 [http-nio-8080-exec-8] WARN  o.s.w.s.m.m.a.ExceptionHandlerExceptionResolver - Resolved [org.springframework.web.servlet.resource.NoResourceFoundException: No static resource proveedores/ea3e7bb2-75d4-48b5-b219-fd802f035c4b.jpg.]
2025-08-30 13:09:43 [http-nio-8080-exec-8] INFO  c.e.b.s.logging.RequestLoggingFilter - [GET] /uploads/proveedores/ea3e7bb2-75d4-48b5-b219-fd802f035c4b.jpg -> 500 (4 ms)
2025-08-30 13:10:41 [SpringApplicationShutdownHook] INFO  o.s.b.w.e.tomcat.GracefulShutdown - Commencing graceful shutdown. Waiting for active requests to complete
2025-08-30 13:10:41 [tomcat-shutdown] INFO  o.s.b.w.e.tomcat.GracefulShutdown - Graceful shutdown complete
2025-08-30 13:10:41 [SpringApplicationShutdownHook] INFO  o.s.o.j.LocalContainerEntityManagerFactoryBean - Closing JPA EntityManagerFactory for persistence unit 'default'
2025-08-30 13:10:41 [SpringApplicationShutdownHook] INFO  com.zaxxer.hikari.HikariDataSource - HikariPool-1 - Shutdown initiated...
2025-08-30 13:10:41 [SpringApplicationShutdownHook] INFO  com.zaxxer.hikari.HikariDataSource - HikariPool-1 - Shutdown completed.
2025-08-30 13:11:28 [background-preinit] INFO  o.h.validator.internal.util.Version - HV000001: Hibernate Validator 8.0.2.Final
2025-08-30 13:11:28 [restartedMain] INFO  c.e.backend.PublicidadWebApplication - Starting PublicidadWebApplication using Java 21.0.6 with PID 38316 (C:\Users\jonii\OneDrive\Escritorio\Proyectos\MONOLITOS\SISTEMA DE PUBLICIDAD\Publicidad-Web\BackendPublicacionWeb\publicacionWeb\target\classes started by jonii in C:\Users\jonii\OneDrive\Escritorio\Proyectos\MONOLITOS\SISTEMA DE PUBLICIDAD\Publicidad-Web\BackendPublicacionWeb)
2025-08-30 13:11:28 [restartedMain] INFO  c.e.backend.PublicidadWebApplication - The following 1 profile is active: "dev"
2025-08-30 13:11:28 [restartedMain] INFO  o.s.b.d.e.DevToolsPropertyDefaultsPostProcessor - Devtools property defaults active! Set 'spring.devtools.add-properties' to 'false' to disable
2025-08-30 13:11:28 [restartedMain] INFO  o.s.b.d.e.DevToolsPropertyDefaultsPostProcessor - For additional web related logging consider setting the 'logging.level.web' property to 'DEBUG'
2025-08-30 13:11:30 [restartedMain] INFO  o.s.d.r.c.RepositoryConfigurationDelegate - Bootstrapping Spring Data JPA repositories in DEFAULT mode.
2025-08-30 13:11:30 [restartedMain] INFO  o.s.d.r.c.RepositoryConfigurationDelegate - Finished Spring Data repository scanning in 194 ms. Found 7 JPA repository interfaces.
2025-08-30 13:11:31 [restartedMain] INFO  o.s.b.w.e.tomcat.TomcatWebServer - Tomcat initialized with port 8080 (http)
2025-08-30 13:11:31 [restartedMain] INFO  o.a.coyote.http11.Http11NioProtocol - Initializing ProtocolHandler ["http-nio-8080"]
2025-08-30 13:11:31 [restartedMain] INFO  o.a.catalina.core.StandardService - Starting service [Tomcat]
2025-08-30 13:11:31 [restartedMain] INFO  o.a.catalina.core.StandardEngine - Starting Servlet engine: [Apache Tomcat/10.1.43]
2025-08-30 13:11:31 [restartedMain] INFO  o.a.c.c.C.[Tomcat].[localhost].[/] - Initializing Spring embedded WebApplicationContext
2025-08-30 13:11:31 [restartedMain] INFO  o.s.b.w.s.c.ServletWebServerApplicationContext - Root WebApplicationContext: initialization completed in 3302 ms
2025-08-30 13:11:31 [restartedMain] INFO  o.h.jpa.internal.util.LogHelper - HHH000204: Processing PersistenceUnitInfo [name: default]
2025-08-30 13:11:31 [restartedMain] INFO  org.hibernate.Version - HHH000412: Hibernate ORM core version 6.6.22.Final
2025-08-30 13:11:32 [restartedMain] INFO  o.h.c.i.RegionFactoryInitiator - HHH000026: Second-level cache disabled
2025-08-30 13:11:32 [restartedMain] INFO  o.s.o.j.p.SpringPersistenceUnitInfo - No LoadTimeWeaver setup: ignoring JPA class transformer
2025-08-30 13:11:32 [restartedMain] INFO  com.zaxxer.hikari.HikariDataSource - HikariPool-1 - Starting...
2025-08-30 13:11:32 [restartedMain] INFO  com.zaxxer.hikari.pool.HikariPool - HikariPool-1 - Added connection com.mysql.cj.jdbc.ConnectionImpl@10810248
2025-08-30 13:11:32 [restartedMain] INFO  com.zaxxer.hikari.HikariDataSource - HikariPool-1 - Start completed.
2025-08-30 13:11:32 [restartedMain] WARN  org.hibernate.orm.deprecation - HHH90000025: MySQL8Dialect does not need to be specified explicitly using 'hibernate.dialect' (remove the property setting and it will be selected by default)
2025-08-30 13:11:32 [restartedMain] WARN  org.hibernate.orm.deprecation - HHH90000026: MySQL8Dialect has been deprecated; use org.hibernate.dialect.MySQLDialect instead
2025-08-30 13:11:32 [restartedMain] INFO  o.hibernate.orm.connections.pooling - HHH10001005: Database info:
	Database JDBC URL [Connecting through datasource 'HikariDataSource (HikariPool-1)']
	Database driver: undefined/unknown
	Database version: 8.0
	Autocommit mode: undefined/unknown
	Isolation level: undefined/unknown
	Minimum pool size: undefined/unknown
	Maximum pool size: undefined/unknown
2025-08-30 13:11:33 [restartedMain] INFO  o.h.e.t.j.p.i.JtaPlatformInitiator - HHH000489: No JTA platform available (set 'hibernate.transaction.jta.platform' to enable JTA platform integration)
2025-08-30 13:11:34 [restartedMain] INFO  o.s.o.j.LocalContainerEntityManagerFactoryBean - Initialized JPA EntityManagerFactory for persistence unit 'default'
2025-08-30 13:11:34 [restartedMain] INFO  c.e.b.users.service.UserService - Ejecutando inserción de usuario ADMIN inicial...
2025-08-30 13:11:34 [restartedMain] INFO  c.e.b.users.service.UserService - Usuario ADMIN insertado correctamente (si no existía).
2025-08-30 13:11:35 [restartedMain] INFO  o.s.d.j.r.query.QueryEnhancerFactory - Hibernate is in classpath; If applicable, HQL parser will be used.
2025-08-30 13:11:36 [restartedMain] INFO  o.s.s.c.a.a.c.InitializeAuthenticationProviderBeanManagerConfigurer$InitializeAuthenticationProviderManagerConfigurer - Global AuthenticationManager configured with AuthenticationProvider bean with name authenticationProvider
2025-08-30 13:11:36 [restartedMain] WARN  o.s.s.c.a.a.c.InitializeUserDetailsBeanManagerConfigurer$InitializeUserDetailsManagerConfigurer - Global AuthenticationManager configured with an AuthenticationProvider bean. UserDetailsService beans will not be used by Spring Security for automatically configuring username/password login. Consider removing the AuthenticationProvider bean. Alternatively, consider using the UserDetailsService in a manually instantiated DaoAuthenticationProvider. If the current configuration is intentional, to turn off this warning, increase the logging level of 'org.springframework.security.config.annotation.authentication.configuration.InitializeUserDetailsBeanManagerConfigurer' to ERROR
2025-08-30 13:11:36 [restartedMain] WARN  o.s.b.a.o.j.JpaBaseConfiguration$JpaWebConfiguration - spring.jpa.open-in-view is enabled by default. Therefore, database queries may be performed during view rendering. Explicitly configure spring.jpa.open-in-view to disable this warning
2025-08-30 13:11:36 [restartedMain] WARN  o.s.w.s.r.ResourceHandlerUtils - Appended trailing slash to static resource location: file:///C:/Users/jonii/OneDrive/Escritorio/Proyectos/MONOLITOS/SISTEMA%20DE%20PUBLICIDAD/Publicidad-Web/BackendPublicacionWeb/uploads/
2025-08-30 13:11:37 [restartedMain] WARN  o.s.b.d.a.OptionalLiveReloadServer - Unable to start LiveReload server
2025-08-30 13:11:37 [restartedMain] INFO  o.a.coyote.http11.Http11NioProtocol - Starting ProtocolHandler ["http-nio-8080"]
2025-08-30 13:11:37 [restartedMain] INFO  o.s.b.w.e.tomcat.TomcatWebServer - Tomcat started on port 8080 (http) with context path '/'
2025-08-30 13:11:37 [restartedMain] INFO  c.e.backend.PublicidadWebApplication - Started PublicidadWebApplication in 10.125 seconds (process running for 10.913)
2025-08-30 13:11:54 [http-nio-8080-exec-3] INFO  o.a.c.c.C.[Tomcat].[localhost].[/] - Initializing Spring DispatcherServlet 'dispatcherServlet'
2025-08-30 13:11:54 [http-nio-8080-exec-3] INFO  o.s.web.servlet.DispatcherServlet - Initializing Servlet 'dispatcherServlet'
2025-08-30 13:11:54 [http-nio-8080-exec-3] INFO  o.s.web.servlet.DispatcherServlet - Completed initialization in 1 ms
2025-08-30 13:11:54 [http-nio-8080-exec-5] INFO  c.e.b.c.c.c.CategoryController - Petición recibida para listar todas las categorías
2025-08-30 13:11:54 [http-nio-8080-exec-5] INFO  c.e.b.c.service.CategoryService - Recuperando todas las categorías...
2025-08-30 13:11:54 [http-nio-8080-exec-5] INFO  c.e.b.c.s.i.GetAllCategories - → [GetAllCategories] Solicitud para obtener todas las categorías ordenadas por nombre
2025-08-30 13:11:54 [http-nio-8080-exec-5] INFO  c.e.b.c.s.i.GetAllCategories - ✓ [GetAllCategories] Se recuperaron 6 categorías
2025-08-30 13:11:54 [http-nio-8080-exec-5] INFO  c.e.b.c.service.CategoryService - Se recuperaron 6 categorías
2025-08-30 13:11:54 [http-nio-8080-exec-5] INFO  c.e.b.c.c.c.CategoryController - Se recuperaron 6 categorías
2025-08-30 13:11:54 [http-nio-8080-exec-3] INFO  c.e.b.p.c.c.ProviderController - → [ProviderController] Solicitud para listar proveedores paginados | page=0 | size=5
2025-08-30 13:11:54 [http-nio-8080-exec-3] INFO  c.e.b.p.service.ProviderService - → [ProviderService] Iniciando recuperación de prestadores | página=0 | size=5
2025-08-30 13:11:55 [http-nio-8080-exec-5] INFO  c.e.b.s.logging.RequestLoggingFilter - [GET] /api/categories/getAll -> 200 (120 ms)
2025-08-30 13:11:55 [http-nio-8080-exec-4] INFO  c.e.b.c.c.c.CategoryController - Petición recibida para listar todas las categorías
2025-08-30 13:11:55 [http-nio-8080-exec-4] INFO  c.e.b.c.service.CategoryService - Recuperando todas las categorías...
2025-08-30 13:11:55 [http-nio-8080-exec-4] INFO  c.e.b.c.s.i.GetAllCategories - → [GetAllCategories] Solicitud para obtener todas las categorías ordenadas por nombre
2025-08-30 13:11:55 [http-nio-8080-exec-4] INFO  c.e.b.c.s.i.GetAllCategories - ✓ [GetAllCategories] Se recuperaron 6 categorías
2025-08-30 13:11:55 [http-nio-8080-exec-4] INFO  c.e.b.c.service.CategoryService - Se recuperaron 6 categorías
2025-08-30 13:11:55 [http-nio-8080-exec-4] INFO  c.e.b.c.c.c.CategoryController - Se recuperaron 6 categorías
2025-08-30 13:11:55 [http-nio-8080-exec-4] INFO  c.e.b.s.logging.RequestLoggingFilter - [GET] /api/categories/getAll -> 200 (6 ms)
2025-08-30 13:11:55 [http-nio-8080-exec-3] INFO  c.e.b.p.service.ProviderService - ✓ [ProviderService] Recuperados 5 prestadores | página=0 de 3 | totalElements=13
2025-08-30 13:11:55 [http-nio-8080-exec-3] INFO  c.e.b.p.c.c.ProviderController - ✓ [ProviderController] Se recuperaron 5 proveedores en la página 0 de 3 (total elementos=13)
2025-08-30 13:11:55 [http-nio-8080-exec-3] WARN  o.s.d.w.c.SpringDataJacksonConfiguration$PageModule$WarningLoggingModifier - Serializing PageImpl instances as-is is not supported, meaning that there is no guarantee about the stability of the resulting JSON structure!
	For a stable JSON structure, please use Spring Data's PagedModel (globally via @EnableSpringDataWebSupport(pageSerializationMode = VIA_DTO))
	or Spring HATEOAS and Spring Data's PagedResourcesAssembler as documented in https://docs.spring.io/spring-data/commons/reference/repositories/core-extensions.html#core.web.pageables.

2025-08-30 13:11:55 [http-nio-8080-exec-3] INFO  c.e.b.s.logging.RequestLoggingFilter - [GET] /api/providers/paged -> 200 (164 ms)
2025-08-30 13:11:55 [http-nio-8080-exec-6] INFO  c.e.b.p.c.c.ProviderController - → [ProviderController] Solicitud para listar proveedores paginados | page=0 | size=5
2025-08-30 13:11:55 [http-nio-8080-exec-6] INFO  c.e.b.p.service.ProviderService - → [ProviderService] Iniciando recuperación de prestadores | página=0 | size=5
2025-08-30 13:11:55 [http-nio-8080-exec-6] INFO  c.e.b.p.service.ProviderService - ✓ [ProviderService] Recuperados 5 prestadores | página=0 de 3 | totalElements=13
2025-08-30 13:11:55 [http-nio-8080-exec-6] INFO  c.e.b.p.c.c.ProviderController - ✓ [ProviderController] Se recuperaron 5 proveedores en la página 0 de 3 (total elementos=13)
2025-08-30 13:11:55 [http-nio-8080-exec-6] INFO  c.e.b.s.logging.RequestLoggingFilter - [GET] /api/providers/paged -> 200 (35 ms)
2025-08-30 13:11:55 [http-nio-8080-exec-7] INFO  c.e.b.p.c.c.ProviderController - → [ProviderController] Solicitud para listar proveedores paginados | page=0 | size=5
2025-08-30 13:11:55 [http-nio-8080-exec-7] INFO  c.e.b.p.service.ProviderService - → [ProviderService] Iniciando recuperación de prestadores | página=0 | size=5
2025-08-30 13:11:55 [http-nio-8080-exec-7] INFO  c.e.b.p.service.ProviderService - ✓ [ProviderService] Recuperados 5 prestadores | página=0 de 3 | totalElements=13
2025-08-30 13:11:55 [http-nio-8080-exec-7] INFO  c.e.b.p.c.c.ProviderController - ✓ [ProviderController] Se recuperaron 5 proveedores en la página 0 de 3 (total elementos=13)
2025-08-30 13:11:55 [http-nio-8080-exec-7] INFO  c.e.b.s.logging.RequestLoggingFilter - [GET] /api/providers/paged -> 200 (39 ms)
2025-08-30 13:11:57 [http-nio-8080-exec-8] INFO  c.e.b.p.c.c.ProviderController - → [ProviderController] Solicitud para listar proveedores paginados | page=1 | size=5
2025-08-30 13:11:57 [http-nio-8080-exec-8] INFO  c.e.b.p.service.ProviderService - → [ProviderService] Iniciando recuperación de prestadores | página=1 | size=5
2025-08-30 13:11:57 [http-nio-8080-exec-8] INFO  c.e.b.p.service.ProviderService - ✓ [ProviderService] Recuperados 5 prestadores | página=1 de 3 | totalElements=13
2025-08-30 13:11:57 [http-nio-8080-exec-8] INFO  c.e.b.p.c.c.ProviderController - ✓ [ProviderController] Se recuperaron 5 proveedores en la página 1 de 3 (total elementos=13)
2025-08-30 13:11:57 [http-nio-8080-exec-8] INFO  c.e.b.s.logging.RequestLoggingFilter - [GET] /api/providers/paged -> 200 (63 ms)
2025-08-30 13:11:57 [http-nio-8080-exec-10] ERROR c.e.b.s.e.GlobalExceptionHandler - 🔥 Excepción no controlada: No static resource proveedores/ea3e7bb2-75d4-48b5-b219-fd802f035c4b.jpg.
org.springframework.web.servlet.resource.NoResourceFoundException: No static resource proveedores/ea3e7bb2-75d4-48b5-b219-fd802f035c4b.jpg.
	at org.springframework.web.servlet.resource.ResourceHttpRequestHandler.handleRequest(ResourceHttpRequestHandler.java:585)
	at org.springframework.web.servlet.mvc.HttpRequestHandlerAdapter.handle(HttpRequestHandlerAdapter.java:52)
	at org.springframework.web.servlet.DispatcherServlet.doDispatch(DispatcherServlet.java:1089)
	at org.springframework.web.servlet.DispatcherServlet.doService(DispatcherServlet.java:979)
	at org.springframework.web.servlet.FrameworkServlet.processRequest(FrameworkServlet.java:1014)
	at org.springframework.web.servlet.FrameworkServlet.doGet(FrameworkServlet.java:903)
	at jakarta.servlet.http.HttpServlet.service(HttpServlet.java:564)
	at org.springframework.web.servlet.FrameworkServlet.service(FrameworkServlet.java:885)
	at jakarta.servlet.http.HttpServlet.service(HttpServlet.java:658)
	at org.apache.catalina.core.ApplicationFilterChain.internalDoFilter(ApplicationFilterChain.java:195)
	at org.apache.catalina.core.ApplicationFilterChain.doFilter(ApplicationFilterChain.java:140)
	at org.apache.tomcat.websocket.server.WsFilter.doFilter(WsFilter.java:51)
	at org.apache.catalina.core.ApplicationFilterChain.internalDoFilter(ApplicationFilterChain.java:164)
	at org.apache.catalina.core.ApplicationFilterChain.doFilter(ApplicationFilterChain.java:140)
	at com.example.backend.shared.logging.RequestLoggingFilter.doFilterInternal(RequestLoggingFilter.java:29)
	at org.springframework.web.filter.OncePerRequestFilter.doFilter(OncePerRequestFilter.java:116)
	at org.apache.catalina.core.ApplicationFilterChain.internalDoFilter(ApplicationFilterChain.java:164)
	at org.apache.catalina.core.ApplicationFilterChain.doFilter(ApplicationFilterChain.java:140)
	at org.springframework.web.filter.OncePerRequestFilter.doFilter(OncePerRequestFilter.java:110)
	at org.apache.catalina.core.ApplicationFilterChain.internalDoFilter(ApplicationFilterChain.java:164)
	at org.apache.catalina.core.ApplicationFilterChain.doFilter(ApplicationFilterChain.java:140)
	at org.springframework.web.filter.CompositeFilter$VirtualFilterChain.doFilter(CompositeFilter.java:108)
	at org.springframework.web.filter.CompositeFilter$VirtualFilterChain.doFilter(CompositeFilter.java:108)
	at org.springframework.security.web.FilterChainProxy.lambda$doFilterInternal$3(FilterChainProxy.java:231)
	at org.springframework.security.web.FilterChainProxy$VirtualFilterChain.doFilter(FilterChainProxy.java:365)
	at org.springframework.security.web.access.intercept.AuthorizationFilter.doFilter(AuthorizationFilter.java:101)
	at org.springframework.security.web.FilterChainProxy$VirtualFilterChain.doFilter(FilterChainProxy.java:374)
	at org.springframework.security.web.access.ExceptionTranslationFilter.doFilter(ExceptionTranslationFilter.java:125)
	at org.springframework.security.web.access.ExceptionTranslationFilter.doFilter(ExceptionTranslationFilter.java:119)
	at org.springframework.security.web.FilterChainProxy$VirtualFilterChain.doFilter(FilterChainProxy.java:374)
	at org.springframework.security.web.session.SessionManagementFilter.doFilter(SessionManagementFilter.java:131)
	at org.springframework.security.web.session.SessionManagementFilter.doFilter(SessionManagementFilter.java:85)
	at org.springframework.security.web.FilterChainProxy$VirtualFilterChain.doFilter(FilterChainProxy.java:374)
	at org.springframework.security.web.authentication.AnonymousAuthenticationFilter.doFilter(AnonymousAuthenticationFilter.java:100)
	at org.springframework.security.web.FilterChainProxy$VirtualFilterChain.doFilter(FilterChainProxy.java:374)
	at org.springframework.security.web.servletapi.SecurityContextHolderAwareRequestFilter.doFilter(SecurityContextHolderAwareRequestFilter.java:179)
	at org.springframework.security.web.FilterChainProxy$VirtualFilterChain.doFilter(FilterChainProxy.java:374)
	at org.springframework.security.web.savedrequest.RequestCacheAwareFilter.doFilter(RequestCacheAwareFilter.java:63)
	at org.springframework.security.web.FilterChainProxy$VirtualFilterChain.doFilter(FilterChainProxy.java:374)
	at com.example.backend.config.security.JwtCookieAuthenticationFilter.doFilterInternal(JwtCookieAuthenticationFilter.java:62)
	at org.springframework.web.filter.OncePerRequestFilter.doFilter(OncePerRequestFilter.java:116)
	at org.springframework.security.web.FilterChainProxy$VirtualFilterChain.doFilter(FilterChainProxy.java:374)
	at org.springframework.security.web.authentication.AbstractAuthenticationProcessingFilter.doFilter(AbstractAuthenticationProcessingFilter.java:235)
	at org.springframework.security.web.authentication.AbstractAuthenticationProcessingFilter.doFilter(AbstractAuthenticationProcessingFilter.java:229)
	at org.springframework.security.web.FilterChainProxy$VirtualFilterChain.doFilter(FilterChainProxy.java:374)
	at org.springframework.security.oauth2.client.web.OAuth2AuthorizationRequestRedirectFilter.doFilterInternal(OAuth2AuthorizationRequestRedirectFilter.java:198)
	at org.springframework.web.filter.OncePerRequestFilter.doFilter(OncePerRequestFilter.java:116)
	at org.springframework.security.web.FilterChainProxy$VirtualFilterChain.doFilter(FilterChainProxy.java:374)
	at org.springframework.security.web.authentication.logout.LogoutFilter.doFilter(LogoutFilter.java:107)
	at org.springframework.security.web.authentication.logout.LogoutFilter.doFilter(LogoutFilter.java:93)
	at org.springframework.security.web.FilterChainProxy$VirtualFilterChain.doFilter(FilterChainProxy.java:374)
	at org.springframework.web.filter.CorsFilter.doFilterInternal(CorsFilter.java:91)
	at org.springframework.web.filter.OncePerRequestFilter.doFilter(OncePerRequestFilter.java:116)
	at org.springframework.security.web.FilterChainProxy$VirtualFilterChain.doFilter(FilterChainProxy.java:374)
	at org.springframework.security.web.header.HeaderWriterFilter.doHeadersAfter(HeaderWriterFilter.java:90)
	at org.springframework.security.web.header.HeaderWriterFilter.doFilterInternal(HeaderWriterFilter.java:75)
	at org.springframework.web.filter.OncePerRequestFilter.doFilter(OncePerRequestFilter.java:116)
	at org.springframework.security.web.FilterChainProxy$VirtualFilterChain.doFilter(FilterChainProxy.java:374)
	at org.springframework.security.web.context.SecurityContextHolderFilter.doFilter(SecurityContextHolderFilter.java:82)
	at org.springframework.security.web.context.SecurityContextHolderFilter.doFilter(SecurityContextHolderFilter.java:69)
	at org.springframework.security.web.FilterChainProxy$VirtualFilterChain.doFilter(FilterChainProxy.java:374)
	at org.springframework.security.web.context.request.async.WebAsyncManagerIntegrationFilter.doFilterInternal(WebAsyncManagerIntegrationFilter.java:62)
	at org.springframework.web.filter.OncePerRequestFilter.doFilter(OncePerRequestFilter.java:116)
	at org.springframework.security.web.FilterChainProxy$VirtualFilterChain.doFilter(FilterChainProxy.java:374)
	at org.springframework.security.web.session.DisableEncodeUrlFilter.doFilterInternal(DisableEncodeUrlFilter.java:42)
	at org.springframework.web.filter.OncePerRequestFilter.doFilter(OncePerRequestFilter.java:116)
	at org.springframework.security.web.FilterChainProxy$VirtualFilterChain.doFilter(FilterChainProxy.java:374)
	at org.springframework.security.web.FilterChainProxy.doFilterInternal(FilterChainProxy.java:233)
	at org.springframework.security.web.FilterChainProxy.doFilter(FilterChainProxy.java:191)
	at org.springframework.web.filter.CompositeFilter$VirtualFilterChain.doFilter(CompositeFilter.java:113)
	at org.springframework.web.filter.ServletRequestPathFilter.doFilter(ServletRequestPathFilter.java:52)
	at org.springframework.web.filter.CompositeFilter$VirtualFilterChain.doFilter(CompositeFilter.java:113)
	at org.springframework.web.filter.CompositeFilter.doFilter(CompositeFilter.java:74)
	at org.springframework.security.config.annotation.web.configuration.WebSecurityConfiguration$CompositeFilterChainProxy.doFilter(WebSecurityConfiguration.java:319)
	at org.springframework.web.filter.CompositeFilter$VirtualFilterChain.doFilter(CompositeFilter.java:113)
	at org.springframework.web.servlet.handler.HandlerMappingIntrospector.lambda$createCacheFilter$4(HandlerMappingIntrospector.java:267)
	at org.springframework.web.filter.CompositeFilter$VirtualFilterChain.doFilter(CompositeFilter.java:113)
	at org.springframework.web.filter.CompositeFilter.doFilter(CompositeFilter.java:74)
	at org.springframework.security.config.annotation.web.configuration.WebMvcSecurityConfiguration$CompositeFilterChainProxy.doFilter(WebMvcSecurityConfiguration.java:240)
	at org.springframework.web.filter.DelegatingFilterProxy.invokeDelegate(DelegatingFilterProxy.java:362)
	at org.springframework.web.filter.DelegatingFilterProxy.doFilter(DelegatingFilterProxy.java:278)
	at org.apache.catalina.core.ApplicationFilterChain.internalDoFilter(ApplicationFilterChain.java:164)
	at org.apache.catalina.core.ApplicationFilterChain.doFilter(ApplicationFilterChain.java:140)
	at org.springframework.web.filter.RequestContextFilter.doFilterInternal(RequestContextFilter.java:100)
	at org.springframework.web.filter.OncePerRequestFilter.doFilter(OncePerRequestFilter.java:116)
	at org.apache.catalina.core.ApplicationFilterChain.internalDoFilter(ApplicationFilterChain.java:164)
	at org.apache.catalina.core.ApplicationFilterChain.doFilter(ApplicationFilterChain.java:140)
	at org.springframework.web.filter.FormContentFilter.doFilterInternal(FormContentFilter.java:93)
	at org.springframework.web.filter.OncePerRequestFilter.doFilter(OncePerRequestFilter.java:116)
	at org.apache.catalina.core.ApplicationFilterChain.internalDoFilter(ApplicationFilterChain.java:164)
	at org.apache.catalina.core.ApplicationFilterChain.doFilter(ApplicationFilterChain.java:140)
	at org.springframework.web.filter.CharacterEncodingFilter.doFilterInternal(CharacterEncodingFilter.java:201)
	at org.springframework.web.filter.OncePerRequestFilter.doFilter(OncePerRequestFilter.java:116)
	at org.apache.catalina.core.ApplicationFilterChain.internalDoFilter(ApplicationFilterChain.java:164)
	at org.apache.catalina.core.ApplicationFilterChain.doFilter(ApplicationFilterChain.java:140)
	at org.apache.catalina.core.StandardWrapperValve.invoke(StandardWrapperValve.java:167)
	at org.apache.catalina.core.StandardContextValve.invoke(StandardContextValve.java:90)
	at org.apache.catalina.authenticator.AuthenticatorBase.invoke(AuthenticatorBase.java:483)
	at org.apache.catalina.core.StandardHostValve.invoke(StandardHostValve.java:116)
	at org.apache.catalina.valves.ErrorReportValve.invoke(ErrorReportValve.java:93)
	at org.apache.catalina.core.StandardEngineValve.invoke(StandardEngineValve.java:74)
	at org.apache.catalina.connector.CoyoteAdapter.service(CoyoteAdapter.java:344)
	at org.apache.coyote.http11.Http11Processor.service(Http11Processor.java:398)
	at org.apache.coyote.AbstractProcessorLight.process(AbstractProcessorLight.java:63)
	at org.apache.coyote.AbstractProtocol$ConnectionHandler.process(AbstractProtocol.java:903)
	at org.apache.tomcat.util.net.NioEndpoint$SocketProcessor.doRun(NioEndpoint.java:1769)
	at org.apache.tomcat.util.net.SocketProcessorBase.run(SocketProcessorBase.java:52)
	at org.apache.tomcat.util.threads.ThreadPoolExecutor.runWorker(ThreadPoolExecutor.java:1189)
	at org.apache.tomcat.util.threads.ThreadPoolExecutor$Worker.run(ThreadPoolExecutor.java:658)
	at org.apache.tomcat.util.threads.TaskThread$WrappingRunnable.run(TaskThread.java:63)
	at java.base/java.lang.Thread.run(Thread.java:1583)
2025-08-30 13:11:57 [http-nio-8080-exec-9] ERROR c.e.b.s.e.GlobalExceptionHandler - 🔥 Excepción no controlada: No static resource proveedores/c4f2e8ea-6d56-400f-9b1f-92ce2567530e.jpg.
org.springframework.web.servlet.resource.NoResourceFoundException: No static resource proveedores/c4f2e8ea-6d56-400f-9b1f-92ce2567530e.jpg.
	at org.springframework.web.servlet.resource.ResourceHttpRequestHandler.handleRequest(ResourceHttpRequestHandler.java:585)
	at org.springframework.web.servlet.mvc.HttpRequestHandlerAdapter.handle(HttpRequestHandlerAdapter.java:52)
	at org.springframework.web.servlet.DispatcherServlet.doDispatch(DispatcherServlet.java:1089)
	at org.springframework.web.servlet.DispatcherServlet.doService(DispatcherServlet.java:979)
	at org.springframework.web.servlet.FrameworkServlet.processRequest(FrameworkServlet.java:1014)
	at org.springframework.web.servlet.FrameworkServlet.doGet(FrameworkServlet.java:903)
	at jakarta.servlet.http.HttpServlet.service(HttpServlet.java:564)
	at org.springframework.web.servlet.FrameworkServlet.service(FrameworkServlet.java:885)
	at jakarta.servlet.http.HttpServlet.service(HttpServlet.java:658)
	at org.apache.catalina.core.ApplicationFilterChain.internalDoFilter(ApplicationFilterChain.java:195)
	at org.apache.catalina.core.ApplicationFilterChain.doFilter(ApplicationFilterChain.java:140)
	at org.apache.tomcat.websocket.server.WsFilter.doFilter(WsFilter.java:51)
	at org.apache.catalina.core.ApplicationFilterChain.internalDoFilter(ApplicationFilterChain.java:164)
	at org.apache.catalina.core.ApplicationFilterChain.doFilter(ApplicationFilterChain.java:140)
	at com.example.backend.shared.logging.RequestLoggingFilter.doFilterInternal(RequestLoggingFilter.java:29)
	at org.springframework.web.filter.OncePerRequestFilter.doFilter(OncePerRequestFilter.java:116)
	at org.apache.catalina.core.ApplicationFilterChain.internalDoFilter(ApplicationFilterChain.java:164)
	at org.apache.catalina.core.ApplicationFilterChain.doFilter(ApplicationFilterChain.java:140)
	at org.springframework.web.filter.OncePerRequestFilter.doFilter(OncePerRequestFilter.java:110)
	at org.apache.catalina.core.ApplicationFilterChain.internalDoFilter(ApplicationFilterChain.java:164)
	at org.apache.catalina.core.ApplicationFilterChain.doFilter(ApplicationFilterChain.java:140)
	at org.springframework.web.filter.CompositeFilter$VirtualFilterChain.doFilter(CompositeFilter.java:108)
	at org.springframework.web.filter.CompositeFilter$VirtualFilterChain.doFilter(CompositeFilter.java:108)
	at org.springframework.security.web.FilterChainProxy.lambda$doFilterInternal$3(FilterChainProxy.java:231)
	at org.springframework.security.web.FilterChainProxy$VirtualFilterChain.doFilter(FilterChainProxy.java:365)
	at org.springframework.security.web.access.intercept.AuthorizationFilter.doFilter(AuthorizationFilter.java:101)
	at org.springframework.security.web.FilterChainProxy$VirtualFilterChain.doFilter(FilterChainProxy.java:374)
	at org.springframework.security.web.access.ExceptionTranslationFilter.doFilter(ExceptionTranslationFilter.java:125)
	at org.springframework.security.web.access.ExceptionTranslationFilter.doFilter(ExceptionTranslationFilter.java:119)
	at org.springframework.security.web.FilterChainProxy$VirtualFilterChain.doFilter(FilterChainProxy.java:374)
	at org.springframework.security.web.session.SessionManagementFilter.doFilter(SessionManagementFilter.java:131)
	at org.springframework.security.web.session.SessionManagementFilter.doFilter(SessionManagementFilter.java:85)
	at org.springframework.security.web.FilterChainProxy$VirtualFilterChain.doFilter(FilterChainProxy.java:374)
	at org.springframework.security.web.authentication.AnonymousAuthenticationFilter.doFilter(AnonymousAuthenticationFilter.java:100)
	at org.springframework.security.web.FilterChainProxy$VirtualFilterChain.doFilter(FilterChainProxy.java:374)
	at org.springframework.security.web.servletapi.SecurityContextHolderAwareRequestFilter.doFilter(SecurityContextHolderAwareRequestFilter.java:179)
	at org.springframework.security.web.FilterChainProxy$VirtualFilterChain.doFilter(FilterChainProxy.java:374)
	at org.springframework.security.web.savedrequest.RequestCacheAwareFilter.doFilter(RequestCacheAwareFilter.java:63)
	at org.springframework.security.web.FilterChainProxy$VirtualFilterChain.doFilter(FilterChainProxy.java:374)
	at com.example.backend.config.security.JwtCookieAuthenticationFilter.doFilterInternal(JwtCookieAuthenticationFilter.java:62)
	at org.springframework.web.filter.OncePerRequestFilter.doFilter(OncePerRequestFilter.java:116)
	at org.springframework.security.web.FilterChainProxy$VirtualFilterChain.doFilter(FilterChainProxy.java:374)
	at org.springframework.security.web.authentication.AbstractAuthenticationProcessingFilter.doFilter(AbstractAuthenticationProcessingFilter.java:235)
	at org.springframework.security.web.authentication.AbstractAuthenticationProcessingFilter.doFilter(AbstractAuthenticationProcessingFilter.java:229)
	at org.springframework.security.web.FilterChainProxy$VirtualFilterChain.doFilter(FilterChainProxy.java:374)
	at org.springframework.security.oauth2.client.web.OAuth2AuthorizationRequestRedirectFilter.doFilterInternal(OAuth2AuthorizationRequestRedirectFilter.java:198)
	at org.springframework.web.filter.OncePerRequestFilter.doFilter(OncePerRequestFilter.java:116)
	at org.springframework.security.web.FilterChainProxy$VirtualFilterChain.doFilter(FilterChainProxy.java:374)
	at org.springframework.security.web.authentication.logout.LogoutFilter.doFilter(LogoutFilter.java:107)
	at org.springframework.security.web.authentication.logout.LogoutFilter.doFilter(LogoutFilter.java:93)
	at org.springframework.security.web.FilterChainProxy$VirtualFilterChain.doFilter(FilterChainProxy.java:374)
	at org.springframework.web.filter.CorsFilter.doFilterInternal(CorsFilter.java:91)
	at org.springframework.web.filter.OncePerRequestFilter.doFilter(OncePerRequestFilter.java:116)
	at org.springframework.security.web.FilterChainProxy$VirtualFilterChain.doFilter(FilterChainProxy.java:374)
	at org.springframework.security.web.header.HeaderWriterFilter.doHeadersAfter(HeaderWriterFilter.java:90)
	at org.springframework.security.web.header.HeaderWriterFilter.doFilterInternal(HeaderWriterFilter.java:75)
	at org.springframework.web.filter.OncePerRequestFilter.doFilter(OncePerRequestFilter.java:116)
	at org.springframework.security.web.FilterChainProxy$VirtualFilterChain.doFilter(FilterChainProxy.java:374)
	at org.springframework.security.web.context.SecurityContextHolderFilter.doFilter(SecurityContextHolderFilter.java:82)
	at org.springframework.security.web.context.SecurityContextHolderFilter.doFilter(SecurityContextHolderFilter.java:69)
	at org.springframework.security.web.FilterChainProxy$VirtualFilterChain.doFilter(FilterChainProxy.java:374)
	at org.springframework.security.web.context.request.async.WebAsyncManagerIntegrationFilter.doFilterInternal(WebAsyncManagerIntegrationFilter.java:62)
	at org.springframework.web.filter.OncePerRequestFilter.doFilter(OncePerRequestFilter.java:116)
	at org.springframework.security.web.FilterChainProxy$VirtualFilterChain.doFilter(FilterChainProxy.java:374)
	at org.springframework.security.web.session.DisableEncodeUrlFilter.doFilterInternal(DisableEncodeUrlFilter.java:42)
	at org.springframework.web.filter.OncePerRequestFilter.doFilter(OncePerRequestFilter.java:116)
	at org.springframework.security.web.FilterChainProxy$VirtualFilterChain.doFilter(FilterChainProxy.java:374)
	at org.springframework.security.web.FilterChainProxy.doFilterInternal(FilterChainProxy.java:233)
	at org.springframework.security.web.FilterChainProxy.doFilter(FilterChainProxy.java:191)
	at org.springframework.web.filter.CompositeFilter$VirtualFilterChain.doFilter(CompositeFilter.java:113)
	at org.springframework.web.filter.ServletRequestPathFilter.doFilter(ServletRequestPathFilter.java:52)
	at org.springframework.web.filter.CompositeFilter$VirtualFilterChain.doFilter(CompositeFilter.java:113)
	at org.springframework.web.filter.CompositeFilter.doFilter(CompositeFilter.java:74)
	at org.springframework.security.config.annotation.web.configuration.WebSecurityConfiguration$CompositeFilterChainProxy.doFilter(WebSecurityConfiguration.java:319)
	at org.springframework.web.filter.CompositeFilter$VirtualFilterChain.doFilter(CompositeFilter.java:113)
	at org.springframework.web.servlet.handler.HandlerMappingIntrospector.lambda$createCacheFilter$4(HandlerMappingIntrospector.java:267)
	at org.springframework.web.filter.CompositeFilter$VirtualFilterChain.doFilter(CompositeFilter.java:113)
	at org.springframework.web.filter.CompositeFilter.doFilter(CompositeFilter.java:74)
	at org.springframework.security.config.annotation.web.configuration.WebMvcSecurityConfiguration$CompositeFilterChainProxy.doFilter(WebMvcSecurityConfiguration.java:240)
	at org.springframework.web.filter.DelegatingFilterProxy.invokeDelegate(DelegatingFilterProxy.java:362)
	at org.springframework.web.filter.DelegatingFilterProxy.doFilter(DelegatingFilterProxy.java:278)
	at org.apache.catalina.core.ApplicationFilterChain.internalDoFilter(ApplicationFilterChain.java:164)
	at org.apache.catalina.core.ApplicationFilterChain.doFilter(ApplicationFilterChain.java:140)
	at org.springframework.web.filter.RequestContextFilter.doFilterInternal(RequestContextFilter.java:100)
	at org.springframework.web.filter.OncePerRequestFilter.doFilter(OncePerRequestFilter.java:116)
	at org.apache.catalina.core.ApplicationFilterChain.internalDoFilter(ApplicationFilterChain.java:164)
	at org.apache.catalina.core.ApplicationFilterChain.doFilter(ApplicationFilterChain.java:140)
	at org.springframework.web.filter.FormContentFilter.doFilterInternal(FormContentFilter.java:93)
	at org.springframework.web.filter.OncePerRequestFilter.doFilter(OncePerRequestFilter.java:116)
	at org.apache.catalina.core.ApplicationFilterChain.internalDoFilter(ApplicationFilterChain.java:164)
	at org.apache.catalina.core.ApplicationFilterChain.doFilter(ApplicationFilterChain.java:140)
	at org.springframework.web.filter.CharacterEncodingFilter.doFilterInternal(CharacterEncodingFilter.java:201)
	at org.springframework.web.filter.OncePerRequestFilter.doFilter(OncePerRequestFilter.java:116)
	at org.apache.catalina.core.ApplicationFilterChain.internalDoFilter(ApplicationFilterChain.java:164)
	at org.apache.catalina.core.ApplicationFilterChain.doFilter(ApplicationFilterChain.java:140)
	at org.apache.catalina.core.StandardWrapperValve.invoke(StandardWrapperValve.java:167)
	at org.apache.catalina.core.StandardContextValve.invoke(StandardContextValve.java:90)
	at org.apache.catalina.authenticator.AuthenticatorBase.invoke(AuthenticatorBase.java:483)
	at org.apache.catalina.core.StandardHostValve.invoke(StandardHostValve.java:116)
	at org.apache.catalina.valves.ErrorReportValve.invoke(ErrorReportValve.java:93)
	at org.apache.catalina.core.StandardEngineValve.invoke(StandardEngineValve.java:74)
	at org.apache.catalina.connector.CoyoteAdapter.service(CoyoteAdapter.java:344)
	at org.apache.coyote.http11.Http11Processor.service(Http11Processor.java:398)
	at org.apache.coyote.AbstractProcessorLight.process(AbstractProcessorLight.java:63)
	at org.apache.coyote.AbstractProtocol$ConnectionHandler.process(AbstractProtocol.java:903)
	at org.apache.tomcat.util.net.NioEndpoint$SocketProcessor.doRun(NioEndpoint.java:1769)
	at org.apache.tomcat.util.net.SocketProcessorBase.run(SocketProcessorBase.java:52)
	at org.apache.tomcat.util.threads.ThreadPoolExecutor.runWorker(ThreadPoolExecutor.java:1189)
	at org.apache.tomcat.util.threads.ThreadPoolExecutor$Worker.run(ThreadPoolExecutor.java:658)
	at org.apache.tomcat.util.threads.TaskThread$WrappingRunnable.run(TaskThread.java:63)
	at java.base/java.lang.Thread.run(Thread.java:1583)
2025-08-30 13:11:57 [http-nio-8080-exec-10] WARN  o.s.w.s.m.m.a.ExceptionHandlerExceptionResolver - Resolved [org.springframework.web.servlet.resource.NoResourceFoundException: No static resource proveedores/ea3e7bb2-75d4-48b5-b219-fd802f035c4b.jpg.]
2025-08-30 13:11:57 [http-nio-8080-exec-9] WARN  o.s.w.s.m.m.a.ExceptionHandlerExceptionResolver - Resolved [org.springframework.web.servlet.resource.NoResourceFoundException: No static resource proveedores/c4f2e8ea-6d56-400f-9b1f-92ce2567530e.jpg.]
2025-08-30 13:11:57 [http-nio-8080-exec-9] INFO  c.e.b.s.logging.RequestLoggingFilter - [GET] /uploads/proveedores/c4f2e8ea-6d56-400f-9b1f-92ce2567530e.jpg -> 500 (44 ms)
2025-08-30 13:11:57 [http-nio-8080-exec-10] INFO  c.e.b.s.logging.RequestLoggingFilter - [GET] /uploads/proveedores/ea3e7bb2-75d4-48b5-b219-fd802f035c4b.jpg -> 500 (44 ms)
2025-08-30 13:12:11 [http-nio-8080-exec-1] ERROR c.e.b.s.e.GlobalExceptionHandler - 🔥 Excepción no controlada: No static resource proveedores/ea3e7bb2-75d4-48b5-b219-fd802f035c4b.jpg.
org.springframework.web.servlet.resource.NoResourceFoundException: No static resource proveedores/ea3e7bb2-75d4-48b5-b219-fd802f035c4b.jpg.
	at org.springframework.web.servlet.resource.ResourceHttpRequestHandler.handleRequest(ResourceHttpRequestHandler.java:585)
	at org.springframework.web.servlet.mvc.HttpRequestHandlerAdapter.handle(HttpRequestHandlerAdapter.java:52)
	at org.springframework.web.servlet.DispatcherServlet.doDispatch(DispatcherServlet.java:1089)
	at org.springframework.web.servlet.DispatcherServlet.doService(DispatcherServlet.java:979)
	at org.springframework.web.servlet.FrameworkServlet.processRequest(FrameworkServlet.java:1014)
	at org.springframework.web.servlet.FrameworkServlet.doGet(FrameworkServlet.java:903)
	at jakarta.servlet.http.HttpServlet.service(HttpServlet.java:564)
	at org.springframework.web.servlet.FrameworkServlet.service(FrameworkServlet.java:885)
	at jakarta.servlet.http.HttpServlet.service(HttpServlet.java:658)
	at org.apache.catalina.core.ApplicationFilterChain.internalDoFilter(ApplicationFilterChain.java:195)
	at org.apache.catalina.core.ApplicationFilterChain.doFilter(ApplicationFilterChain.java:140)
	at org.apache.tomcat.websocket.server.WsFilter.doFilter(WsFilter.java:51)
	at org.apache.catalina.core.ApplicationFilterChain.internalDoFilter(ApplicationFilterChain.java:164)
	at org.apache.catalina.core.ApplicationFilterChain.doFilter(ApplicationFilterChain.java:140)
	at com.example.backend.shared.logging.RequestLoggingFilter.doFilterInternal(RequestLoggingFilter.java:29)
	at org.springframework.web.filter.OncePerRequestFilter.doFilter(OncePerRequestFilter.java:116)
	at org.apache.catalina.core.ApplicationFilterChain.internalDoFilter(ApplicationFilterChain.java:164)
	at org.apache.catalina.core.ApplicationFilterChain.doFilter(ApplicationFilterChain.java:140)
	at org.springframework.web.filter.OncePerRequestFilter.doFilter(OncePerRequestFilter.java:110)
	at org.apache.catalina.core.ApplicationFilterChain.internalDoFilter(ApplicationFilterChain.java:164)
	at org.apache.catalina.core.ApplicationFilterChain.doFilter(ApplicationFilterChain.java:140)
	at org.springframework.web.filter.CompositeFilter$VirtualFilterChain.doFilter(CompositeFilter.java:108)
	at org.springframework.web.filter.CompositeFilter$VirtualFilterChain.doFilter(CompositeFilter.java:108)
	at org.springframework.security.web.FilterChainProxy.lambda$doFilterInternal$3(FilterChainProxy.java:231)
	at org.springframework.security.web.FilterChainProxy$VirtualFilterChain.doFilter(FilterChainProxy.java:365)
	at org.springframework.security.web.access.intercept.AuthorizationFilter.doFilter(AuthorizationFilter.java:101)
	at org.springframework.security.web.FilterChainProxy$VirtualFilterChain.doFilter(FilterChainProxy.java:374)
	at org.springframework.security.web.access.ExceptionTranslationFilter.doFilter(ExceptionTranslationFilter.java:125)
	at org.springframework.security.web.access.ExceptionTranslationFilter.doFilter(ExceptionTranslationFilter.java:119)
	at org.springframework.security.web.FilterChainProxy$VirtualFilterChain.doFilter(FilterChainProxy.java:374)
	at org.springframework.security.web.session.SessionManagementFilter.doFilter(SessionManagementFilter.java:131)
	at org.springframework.security.web.session.SessionManagementFilter.doFilter(SessionManagementFilter.java:85)
	at org.springframework.security.web.FilterChainProxy$VirtualFilterChain.doFilter(FilterChainProxy.java:374)
	at org.springframework.security.web.authentication.AnonymousAuthenticationFilter.doFilter(AnonymousAuthenticationFilter.java:100)
	at org.springframework.security.web.FilterChainProxy$VirtualFilterChain.doFilter(FilterChainProxy.java:374)
	at org.springframework.security.web.servletapi.SecurityContextHolderAwareRequestFilter.doFilter(SecurityContextHolderAwareRequestFilter.java:179)
	at org.springframework.security.web.FilterChainProxy$VirtualFilterChain.doFilter(FilterChainProxy.java:374)
	at org.springframework.security.web.savedrequest.RequestCacheAwareFilter.doFilter(RequestCacheAwareFilter.java:63)
	at org.springframework.security.web.FilterChainProxy$VirtualFilterChain.doFilter(FilterChainProxy.java:374)
	at com.example.backend.config.security.JwtCookieAuthenticationFilter.doFilterInternal(JwtCookieAuthenticationFilter.java:62)
	at org.springframework.web.filter.OncePerRequestFilter.doFilter(OncePerRequestFilter.java:116)
	at org.springframework.security.web.FilterChainProxy$VirtualFilterChain.doFilter(FilterChainProxy.java:374)
	at org.springframework.security.web.authentication.AbstractAuthenticationProcessingFilter.doFilter(AbstractAuthenticationProcessingFilter.java:235)
	at org.springframework.security.web.authentication.AbstractAuthenticationProcessingFilter.doFilter(AbstractAuthenticationProcessingFilter.java:229)
	at org.springframework.security.web.FilterChainProxy$VirtualFilterChain.doFilter(FilterChainProxy.java:374)
	at org.springframework.security.oauth2.client.web.OAuth2AuthorizationRequestRedirectFilter.doFilterInternal(OAuth2AuthorizationRequestRedirectFilter.java:198)
	at org.springframework.web.filter.OncePerRequestFilter.doFilter(OncePerRequestFilter.java:116)
	at org.springframework.security.web.FilterChainProxy$VirtualFilterChain.doFilter(FilterChainProxy.java:374)
	at org.springframework.security.web.authentication.logout.LogoutFilter.doFilter(LogoutFilter.java:107)
	at org.springframework.security.web.authentication.logout.LogoutFilter.doFilter(LogoutFilter.java:93)
	at org.springframework.security.web.FilterChainProxy$VirtualFilterChain.doFilter(FilterChainProxy.java:374)
	at org.springframework.web.filter.CorsFilter.doFilterInternal(CorsFilter.java:91)
	at org.springframework.web.filter.OncePerRequestFilter.doFilter(OncePerRequestFilter.java:116)
	at org.springframework.security.web.FilterChainProxy$VirtualFilterChain.doFilter(FilterChainProxy.java:374)
	at org.springframework.security.web.header.HeaderWriterFilter.doHeadersAfter(HeaderWriterFilter.java:90)
	at org.springframework.security.web.header.HeaderWriterFilter.doFilterInternal(HeaderWriterFilter.java:75)
	at org.springframework.web.filter.OncePerRequestFilter.doFilter(OncePerRequestFilter.java:116)
	at org.springframework.security.web.FilterChainProxy$VirtualFilterChain.doFilter(FilterChainProxy.java:374)
	at org.springframework.security.web.context.SecurityContextHolderFilter.doFilter(SecurityContextHolderFilter.java:82)
	at org.springframework.security.web.context.SecurityContextHolderFilter.doFilter(SecurityContextHolderFilter.java:69)
	at org.springframework.security.web.FilterChainProxy$VirtualFilterChain.doFilter(FilterChainProxy.java:374)
	at org.springframework.security.web.context.request.async.WebAsyncManagerIntegrationFilter.doFilterInternal(WebAsyncManagerIntegrationFilter.java:62)
	at org.springframework.web.filter.OncePerRequestFilter.doFilter(OncePerRequestFilter.java:116)
	at org.springframework.security.web.FilterChainProxy$VirtualFilterChain.doFilter(FilterChainProxy.java:374)
	at org.springframework.security.web.session.DisableEncodeUrlFilter.doFilterInternal(DisableEncodeUrlFilter.java:42)
	at org.springframework.web.filter.OncePerRequestFilter.doFilter(OncePerRequestFilter.java:116)
	at org.springframework.security.web.FilterChainProxy$VirtualFilterChain.doFilter(FilterChainProxy.java:374)
	at org.springframework.security.web.FilterChainProxy.doFilterInternal(FilterChainProxy.java:233)
	at org.springframework.security.web.FilterChainProxy.doFilter(FilterChainProxy.java:191)
	at org.springframework.web.filter.CompositeFilter$VirtualFilterChain.doFilter(CompositeFilter.java:113)
	at org.springframework.web.filter.ServletRequestPathFilter.doFilter(ServletRequestPathFilter.java:52)
	at org.springframework.web.filter.CompositeFilter$VirtualFilterChain.doFilter(CompositeFilter.java:113)
	at org.springframework.web.filter.CompositeFilter.doFilter(CompositeFilter.java:74)
	at org.springframework.security.config.annotation.web.configuration.WebSecurityConfiguration$CompositeFilterChainProxy.doFilter(WebSecurityConfiguration.java:319)
	at org.springframework.web.filter.CompositeFilter$VirtualFilterChain.doFilter(CompositeFilter.java:113)
	at org.springframework.web.servlet.handler.HandlerMappingIntrospector.lambda$createCacheFilter$4(HandlerMappingIntrospector.java:267)
	at org.springframework.web.filter.CompositeFilter$VirtualFilterChain.doFilter(CompositeFilter.java:113)
	at org.springframework.web.filter.CompositeFilter.doFilter(CompositeFilter.java:74)
	at org.springframework.security.config.annotation.web.configuration.WebMvcSecurityConfiguration$CompositeFilterChainProxy.doFilter(WebMvcSecurityConfiguration.java:240)
	at org.springframework.web.filter.DelegatingFilterProxy.invokeDelegate(DelegatingFilterProxy.java:362)
	at org.springframework.web.filter.DelegatingFilterProxy.doFilter(DelegatingFilterProxy.java:278)
	at org.apache.catalina.core.ApplicationFilterChain.internalDoFilter(ApplicationFilterChain.java:164)
	at org.apache.catalina.core.ApplicationFilterChain.doFilter(ApplicationFilterChain.java:140)
	at org.springframework.web.filter.RequestContextFilter.doFilterInternal(RequestContextFilter.java:100)
	at org.springframework.web.filter.OncePerRequestFilter.doFilter(OncePerRequestFilter.java:116)
	at org.apache.catalina.core.ApplicationFilterChain.internalDoFilter(ApplicationFilterChain.java:164)
	at org.apache.catalina.core.ApplicationFilterChain.doFilter(ApplicationFilterChain.java:140)
	at org.springframework.web.filter.FormContentFilter.doFilterInternal(FormContentFilter.java:93)
	at org.springframework.web.filter.OncePerRequestFilter.doFilter(OncePerRequestFilter.java:116)
	at org.apache.catalina.core.ApplicationFilterChain.internalDoFilter(ApplicationFilterChain.java:164)
	at org.apache.catalina.core.ApplicationFilterChain.doFilter(ApplicationFilterChain.java:140)
	at org.springframework.web.filter.CharacterEncodingFilter.doFilterInternal(CharacterEncodingFilter.java:201)
	at org.springframework.web.filter.OncePerRequestFilter.doFilter(OncePerRequestFilter.java:116)
	at org.apache.catalina.core.ApplicationFilterChain.internalDoFilter(ApplicationFilterChain.java:164)
	at org.apache.catalina.core.ApplicationFilterChain.doFilter(ApplicationFilterChain.java:140)
	at org.apache.catalina.core.StandardWrapperValve.invoke(StandardWrapperValve.java:167)
	at org.apache.catalina.core.StandardContextValve.invoke(StandardContextValve.java:90)
	at org.apache.catalina.authenticator.AuthenticatorBase.invoke(AuthenticatorBase.java:483)
	at org.apache.catalina.core.StandardHostValve.invoke(StandardHostValve.java:116)
	at org.apache.catalina.valves.ErrorReportValve.invoke(ErrorReportValve.java:93)
	at org.apache.catalina.core.StandardEngineValve.invoke(StandardEngineValve.java:74)
	at org.apache.catalina.connector.CoyoteAdapter.service(CoyoteAdapter.java:344)
	at org.apache.coyote.http11.Http11Processor.service(Http11Processor.java:398)
	at org.apache.coyote.AbstractProcessorLight.process(AbstractProcessorLight.java:63)
	at org.apache.coyote.AbstractProtocol$ConnectionHandler.process(AbstractProtocol.java:903)
	at org.apache.tomcat.util.net.NioEndpoint$SocketProcessor.doRun(NioEndpoint.java:1769)
	at org.apache.tomcat.util.net.SocketProcessorBase.run(SocketProcessorBase.java:52)
	at org.apache.tomcat.util.threads.ThreadPoolExecutor.runWorker(ThreadPoolExecutor.java:1189)
	at org.apache.tomcat.util.threads.ThreadPoolExecutor$Worker.run(ThreadPoolExecutor.java:658)
	at org.apache.tomcat.util.threads.TaskThread$WrappingRunnable.run(TaskThread.java:63)
	at java.base/java.lang.Thread.run(Thread.java:1583)
2025-08-30 13:12:11 [http-nio-8080-exec-1] WARN  o.s.w.s.m.m.a.ExceptionHandlerExceptionResolver - Resolved [org.springframework.web.servlet.resource.NoResourceFoundException: No static resource proveedores/ea3e7bb2-75d4-48b5-b219-fd802f035c4b.jpg.]
2025-08-30 13:12:11 [http-nio-8080-exec-1] INFO  c.e.b.s.logging.RequestLoggingFilter - [GET] /uploads/proveedores/ea3e7bb2-75d4-48b5-b219-fd802f035c4b.jpg -> 500 (6 ms)
2025-08-30 13:22:54 [SpringApplicationShutdownHook] INFO  o.s.b.w.e.tomcat.GracefulShutdown - Commencing graceful shutdown. Waiting for active requests to complete
2025-08-30 13:22:54 [tomcat-shutdown] INFO  o.s.b.w.e.tomcat.GracefulShutdown - Graceful shutdown complete
2025-08-30 13:22:54 [SpringApplicationShutdownHook] INFO  o.s.o.j.LocalContainerEntityManagerFactoryBean - Closing JPA EntityManagerFactory for persistence unit 'default'
2025-08-30 13:22:54 [SpringApplicationShutdownHook] INFO  com.zaxxer.hikari.HikariDataSource - HikariPool-1 - Shutdown initiated...
2025-08-30 13:22:54 [SpringApplicationShutdownHook] INFO  com.zaxxer.hikari.HikariDataSource - HikariPool-1 - Shutdown completed.
2025-08-30 13:23:08 [background-preinit] INFO  o.h.validator.internal.util.Version - HV000001: Hibernate Validator 8.0.2.Final
2025-08-30 13:23:08 [restartedMain] INFO  c.e.backend.PublicidadWebApplication - Starting PublicidadWebApplication using Java 21.0.6 with PID 22740 (C:\Users\jonii\OneDrive\Escritorio\Proyectos\MONOLITOS\SISTEMA DE PUBLICIDAD\Publicidad-Web\BackendPublicacionWeb\publicacionWeb\target\classes started by jonii in C:\Users\jonii\OneDrive\Escritorio\Proyectos\MONOLITOS\SISTEMA DE PUBLICIDAD\Publicidad-Web\BackendPublicacionWeb)
2025-08-30 13:23:08 [restartedMain] INFO  c.e.backend.PublicidadWebApplication - The following 1 profile is active: "dev"
2025-08-30 13:23:08 [restartedMain] INFO  o.s.b.d.e.DevToolsPropertyDefaultsPostProcessor - Devtools property defaults active! Set 'spring.devtools.add-properties' to 'false' to disable
2025-08-30 13:23:08 [restartedMain] INFO  o.s.b.d.e.DevToolsPropertyDefaultsPostProcessor - For additional web related logging consider setting the 'logging.level.web' property to 'DEBUG'
2025-08-30 13:23:10 [restartedMain] INFO  o.s.d.r.c.RepositoryConfigurationDelegate - Bootstrapping Spring Data JPA repositories in DEFAULT mode.
2025-08-30 13:23:10 [restartedMain] INFO  o.s.d.r.c.RepositoryConfigurationDelegate - Finished Spring Data repository scanning in 203 ms. Found 7 JPA repository interfaces.
2025-08-30 13:23:12 [restartedMain] INFO  o.s.b.w.e.tomcat.TomcatWebServer - Tomcat initialized with port 8080 (http)
2025-08-30 13:23:12 [restartedMain] INFO  o.a.coyote.http11.Http11NioProtocol - Initializing ProtocolHandler ["http-nio-8080"]
2025-08-30 13:23:12 [restartedMain] INFO  o.a.catalina.core.StandardService - Starting service [Tomcat]
2025-08-30 13:23:12 [restartedMain] INFO  o.a.catalina.core.StandardEngine - Starting Servlet engine: [Apache Tomcat/10.1.43]
2025-08-30 13:23:12 [restartedMain] INFO  o.a.c.c.C.[Tomcat].[localhost].[/] - Initializing Spring embedded WebApplicationContext
2025-08-30 13:23:12 [restartedMain] INFO  o.s.b.w.s.c.ServletWebServerApplicationContext - Root WebApplicationContext: initialization completed in 3411 ms
2025-08-30 13:23:12 [restartedMain] INFO  o.h.jpa.internal.util.LogHelper - HHH000204: Processing PersistenceUnitInfo [name: default]
2025-08-30 13:23:12 [restartedMain] INFO  org.hibernate.Version - HHH000412: Hibernate ORM core version 6.6.22.Final
2025-08-30 13:23:12 [restartedMain] INFO  o.h.c.i.RegionFactoryInitiator - HHH000026: Second-level cache disabled
2025-08-30 13:23:13 [restartedMain] INFO  o.s.o.j.p.SpringPersistenceUnitInfo - No LoadTimeWeaver setup: ignoring JPA class transformer
2025-08-30 13:23:13 [restartedMain] INFO  com.zaxxer.hikari.HikariDataSource - HikariPool-1 - Starting...
2025-08-30 13:23:13 [restartedMain] INFO  com.zaxxer.hikari.pool.HikariPool - HikariPool-1 - Added connection com.mysql.cj.jdbc.ConnectionImpl@955b40e
2025-08-30 13:23:13 [restartedMain] INFO  com.zaxxer.hikari.HikariDataSource - HikariPool-1 - Start completed.
2025-08-30 13:23:13 [restartedMain] WARN  org.hibernate.orm.deprecation - HHH90000025: MySQL8Dialect does not need to be specified explicitly using 'hibernate.dialect' (remove the property setting and it will be selected by default)
2025-08-30 13:23:13 [restartedMain] WARN  org.hibernate.orm.deprecation - HHH90000026: MySQL8Dialect has been deprecated; use org.hibernate.dialect.MySQLDialect instead
2025-08-30 13:23:13 [restartedMain] INFO  o.hibernate.orm.connections.pooling - HHH10001005: Database info:
	Database JDBC URL [Connecting through datasource 'HikariDataSource (HikariPool-1)']
	Database driver: undefined/unknown
	Database version: 8.0
	Autocommit mode: undefined/unknown
	Isolation level: undefined/unknown
	Minimum pool size: undefined/unknown
	Maximum pool size: undefined/unknown
2025-08-30 13:23:14 [restartedMain] INFO  o.h.e.t.j.p.i.JtaPlatformInitiator - HHH000489: No JTA platform available (set 'hibernate.transaction.jta.platform' to enable JTA platform integration)
2025-08-30 13:23:14 [restartedMain] INFO  o.s.o.j.LocalContainerEntityManagerFactoryBean - Initialized JPA EntityManagerFactory for persistence unit 'default'
2025-08-30 13:23:15 [restartedMain] INFO  c.e.b.users.service.UserService - Ejecutando inserción de usuario ADMIN inicial...
2025-08-30 13:23:15 [restartedMain] INFO  c.e.b.users.service.UserService - Usuario ADMIN insertado correctamente (si no existía).
2025-08-30 13:23:15 [restartedMain] INFO  o.s.d.j.r.query.QueryEnhancerFactory - Hibernate is in classpath; If applicable, HQL parser will be used.
2025-08-30 13:23:17 [restartedMain] INFO  o.s.s.c.a.a.c.InitializeAuthenticationProviderBeanManagerConfigurer$InitializeAuthenticationProviderManagerConfigurer - Global AuthenticationManager configured with AuthenticationProvider bean with name authenticationProvider
2025-08-30 13:23:17 [restartedMain] WARN  o.s.s.c.a.a.c.InitializeUserDetailsBeanManagerConfigurer$InitializeUserDetailsManagerConfigurer - Global AuthenticationManager configured with an AuthenticationProvider bean. UserDetailsService beans will not be used by Spring Security for automatically configuring username/password login. Consider removing the AuthenticationProvider bean. Alternatively, consider using the UserDetailsService in a manually instantiated DaoAuthenticationProvider. If the current configuration is intentional, to turn off this warning, increase the logging level of 'org.springframework.security.config.annotation.authentication.configuration.InitializeUserDetailsBeanManagerConfigurer' to ERROR
2025-08-30 13:23:17 [restartedMain] WARN  o.s.b.a.o.j.JpaBaseConfiguration$JpaWebConfiguration - spring.jpa.open-in-view is enabled by default. Therefore, database queries may be performed during view rendering. Explicitly configure spring.jpa.open-in-view to disable this warning
2025-08-30 13:23:18 [restartedMain] WARN  o.s.b.d.a.OptionalLiveReloadServer - Unable to start LiveReload server
2025-08-30 13:23:18 [restartedMain] INFO  o.a.coyote.http11.Http11NioProtocol - Starting ProtocolHandler ["http-nio-8080"]
2025-08-30 13:23:18 [restartedMain] INFO  o.s.b.w.e.tomcat.TomcatWebServer - Tomcat started on port 8080 (http) with context path '/'
2025-08-30 13:23:18 [restartedMain] INFO  c.e.backend.PublicidadWebApplication - Started PublicidadWebApplication in 10.23 seconds (process running for 11.039)
2025-08-30 13:23:30 [http-nio-8080-exec-1] INFO  o.a.c.c.C.[Tomcat].[localhost].[/] - Initializing Spring DispatcherServlet 'dispatcherServlet'
2025-08-30 13:23:30 [http-nio-8080-exec-1] INFO  o.s.web.servlet.DispatcherServlet - Initializing Servlet 'dispatcherServlet'
2025-08-30 13:23:30 [http-nio-8080-exec-1] INFO  o.s.web.servlet.DispatcherServlet - Completed initialization in 1 ms
2025-08-30 13:23:30 [http-nio-8080-exec-1] ERROR c.e.b.s.e.GlobalExceptionHandler - 🔥 Excepción no controlada: No static resource proveedores/ea3e7bb2-75d4-48b5-b219-fd802f035c4b.jpg.
org.springframework.web.servlet.resource.NoResourceFoundException: No static resource proveedores/ea3e7bb2-75d4-48b5-b219-fd802f035c4b.jpg.
	at org.springframework.web.servlet.resource.ResourceHttpRequestHandler.handleRequest(ResourceHttpRequestHandler.java:585)
	at org.springframework.web.servlet.mvc.HttpRequestHandlerAdapter.handle(HttpRequestHandlerAdapter.java:52)
	at org.springframework.web.servlet.DispatcherServlet.doDispatch(DispatcherServlet.java:1089)
	at org.springframework.web.servlet.DispatcherServlet.doService(DispatcherServlet.java:979)
	at org.springframework.web.servlet.FrameworkServlet.processRequest(FrameworkServlet.java:1014)
	at org.springframework.web.servlet.FrameworkServlet.doGet(FrameworkServlet.java:903)
	at jakarta.servlet.http.HttpServlet.service(HttpServlet.java:564)
	at org.springframework.web.servlet.FrameworkServlet.service(FrameworkServlet.java:885)
	at jakarta.servlet.http.HttpServlet.service(HttpServlet.java:658)
	at org.apache.catalina.core.ApplicationFilterChain.internalDoFilter(ApplicationFilterChain.java:195)
	at org.apache.catalina.core.ApplicationFilterChain.doFilter(ApplicationFilterChain.java:140)
	at org.apache.tomcat.websocket.server.WsFilter.doFilter(WsFilter.java:51)
	at org.apache.catalina.core.ApplicationFilterChain.internalDoFilter(ApplicationFilterChain.java:164)
	at org.apache.catalina.core.ApplicationFilterChain.doFilter(ApplicationFilterChain.java:140)
	at com.example.backend.shared.logging.RequestLoggingFilter.doFilterInternal(RequestLoggingFilter.java:29)
	at org.springframework.web.filter.OncePerRequestFilter.doFilter(OncePerRequestFilter.java:116)
	at org.apache.catalina.core.ApplicationFilterChain.internalDoFilter(ApplicationFilterChain.java:164)
	at org.apache.catalina.core.ApplicationFilterChain.doFilter(ApplicationFilterChain.java:140)
	at org.springframework.web.filter.OncePerRequestFilter.doFilter(OncePerRequestFilter.java:110)
	at org.apache.catalina.core.ApplicationFilterChain.internalDoFilter(ApplicationFilterChain.java:164)
	at org.apache.catalina.core.ApplicationFilterChain.doFilter(ApplicationFilterChain.java:140)
	at org.springframework.web.filter.CompositeFilter$VirtualFilterChain.doFilter(CompositeFilter.java:108)
	at org.springframework.web.filter.CompositeFilter$VirtualFilterChain.doFilter(CompositeFilter.java:108)
	at org.springframework.security.web.FilterChainProxy.lambda$doFilterInternal$3(FilterChainProxy.java:231)
	at org.springframework.security.web.FilterChainProxy$VirtualFilterChain.doFilter(FilterChainProxy.java:365)
	at org.springframework.security.web.access.intercept.AuthorizationFilter.doFilter(AuthorizationFilter.java:101)
	at org.springframework.security.web.FilterChainProxy$VirtualFilterChain.doFilter(FilterChainProxy.java:374)
	at org.springframework.security.web.access.ExceptionTranslationFilter.doFilter(ExceptionTranslationFilter.java:125)
	at org.springframework.security.web.access.ExceptionTranslationFilter.doFilter(ExceptionTranslationFilter.java:119)
	at org.springframework.security.web.FilterChainProxy$VirtualFilterChain.doFilter(FilterChainProxy.java:374)
	at org.springframework.security.web.session.SessionManagementFilter.doFilter(SessionManagementFilter.java:131)
	at org.springframework.security.web.session.SessionManagementFilter.doFilter(SessionManagementFilter.java:85)
	at org.springframework.security.web.FilterChainProxy$VirtualFilterChain.doFilter(FilterChainProxy.java:374)
	at org.springframework.security.web.authentication.AnonymousAuthenticationFilter.doFilter(AnonymousAuthenticationFilter.java:100)
	at org.springframework.security.web.FilterChainProxy$VirtualFilterChain.doFilter(FilterChainProxy.java:374)
	at org.springframework.security.web.servletapi.SecurityContextHolderAwareRequestFilter.doFilter(SecurityContextHolderAwareRequestFilter.java:179)
	at org.springframework.security.web.FilterChainProxy$VirtualFilterChain.doFilter(FilterChainProxy.java:374)
	at org.springframework.security.web.savedrequest.RequestCacheAwareFilter.doFilter(RequestCacheAwareFilter.java:63)
	at org.springframework.security.web.FilterChainProxy$VirtualFilterChain.doFilter(FilterChainProxy.java:374)
	at com.example.backend.config.security.JwtCookieAuthenticationFilter.doFilterInternal(JwtCookieAuthenticationFilter.java:62)
	at org.springframework.web.filter.OncePerRequestFilter.doFilter(OncePerRequestFilter.java:116)
	at org.springframework.security.web.FilterChainProxy$VirtualFilterChain.doFilter(FilterChainProxy.java:374)
	at org.springframework.security.web.authentication.AbstractAuthenticationProcessingFilter.doFilter(AbstractAuthenticationProcessingFilter.java:235)
	at org.springframework.security.web.authentication.AbstractAuthenticationProcessingFilter.doFilter(AbstractAuthenticationProcessingFilter.java:229)
	at org.springframework.security.web.FilterChainProxy$VirtualFilterChain.doFilter(FilterChainProxy.java:374)
	at org.springframework.security.oauth2.client.web.OAuth2AuthorizationRequestRedirectFilter.doFilterInternal(OAuth2AuthorizationRequestRedirectFilter.java:198)
	at org.springframework.web.filter.OncePerRequestFilter.doFilter(OncePerRequestFilter.java:116)
	at org.springframework.security.web.FilterChainProxy$VirtualFilterChain.doFilter(FilterChainProxy.java:374)
	at org.springframework.security.web.authentication.logout.LogoutFilter.doFilter(LogoutFilter.java:107)
	at org.springframework.security.web.authentication.logout.LogoutFilter.doFilter(LogoutFilter.java:93)
	at org.springframework.security.web.FilterChainProxy$VirtualFilterChain.doFilter(FilterChainProxy.java:374)
	at org.springframework.web.filter.CorsFilter.doFilterInternal(CorsFilter.java:91)
	at org.springframework.web.filter.OncePerRequestFilter.doFilter(OncePerRequestFilter.java:116)
	at org.springframework.security.web.FilterChainProxy$VirtualFilterChain.doFilter(FilterChainProxy.java:374)
	at org.springframework.security.web.header.HeaderWriterFilter.doHeadersAfter(HeaderWriterFilter.java:90)
	at org.springframework.security.web.header.HeaderWriterFilter.doFilterInternal(HeaderWriterFilter.java:75)
	at org.springframework.web.filter.OncePerRequestFilter.doFilter(OncePerRequestFilter.java:116)
	at org.springframework.security.web.FilterChainProxy$VirtualFilterChain.doFilter(FilterChainProxy.java:374)
	at org.springframework.security.web.context.SecurityContextHolderFilter.doFilter(SecurityContextHolderFilter.java:82)
	at org.springframework.security.web.context.SecurityContextHolderFilter.doFilter(SecurityContextHolderFilter.java:69)
	at org.springframework.security.web.FilterChainProxy$VirtualFilterChain.doFilter(FilterChainProxy.java:374)
	at org.springframework.security.web.context.request.async.WebAsyncManagerIntegrationFilter.doFilterInternal(WebAsyncManagerIntegrationFilter.java:62)
	at org.springframework.web.filter.OncePerRequestFilter.doFilter(OncePerRequestFilter.java:116)
	at org.springframework.security.web.FilterChainProxy$VirtualFilterChain.doFilter(FilterChainProxy.java:374)
	at org.springframework.security.web.session.DisableEncodeUrlFilter.doFilterInternal(DisableEncodeUrlFilter.java:42)
	at org.springframework.web.filter.OncePerRequestFilter.doFilter(OncePerRequestFilter.java:116)
	at org.springframework.security.web.FilterChainProxy$VirtualFilterChain.doFilter(FilterChainProxy.java:374)
	at org.springframework.security.web.FilterChainProxy.doFilterInternal(FilterChainProxy.java:233)
	at org.springframework.security.web.FilterChainProxy.doFilter(FilterChainProxy.java:191)
	at org.springframework.web.filter.CompositeFilter$VirtualFilterChain.doFilter(CompositeFilter.java:113)
	at org.springframework.web.filter.ServletRequestPathFilter.doFilter(ServletRequestPathFilter.java:52)
	at org.springframework.web.filter.CompositeFilter$VirtualFilterChain.doFilter(CompositeFilter.java:113)
	at org.springframework.web.filter.CompositeFilter.doFilter(CompositeFilter.java:74)
	at org.springframework.security.config.annotation.web.configuration.WebSecurityConfiguration$CompositeFilterChainProxy.doFilter(WebSecurityConfiguration.java:319)
	at org.springframework.web.filter.CompositeFilter$VirtualFilterChain.doFilter(CompositeFilter.java:113)
	at org.springframework.web.servlet.handler.HandlerMappingIntrospector.lambda$createCacheFilter$4(HandlerMappingIntrospector.java:267)
	at org.springframework.web.filter.CompositeFilter$VirtualFilterChain.doFilter(CompositeFilter.java:113)
	at org.springframework.web.filter.CompositeFilter.doFilter(CompositeFilter.java:74)
	at org.springframework.security.config.annotation.web.configuration.WebMvcSecurityConfiguration$CompositeFilterChainProxy.doFilter(WebMvcSecurityConfiguration.java:240)
	at org.springframework.web.filter.DelegatingFilterProxy.invokeDelegate(DelegatingFilterProxy.java:362)
	at org.springframework.web.filter.DelegatingFilterProxy.doFilter(DelegatingFilterProxy.java:278)
	at org.apache.catalina.core.ApplicationFilterChain.internalDoFilter(ApplicationFilterChain.java:164)
	at org.apache.catalina.core.ApplicationFilterChain.doFilter(ApplicationFilterChain.java:140)
	at org.springframework.web.filter.RequestContextFilter.doFilterInternal(RequestContextFilter.java:100)
	at org.springframework.web.filter.OncePerRequestFilter.doFilter(OncePerRequestFilter.java:116)
	at org.apache.catalina.core.ApplicationFilterChain.internalDoFilter(ApplicationFilterChain.java:164)
	at org.apache.catalina.core.ApplicationFilterChain.doFilter(ApplicationFilterChain.java:140)
	at org.springframework.web.filter.FormContentFilter.doFilterInternal(FormContentFilter.java:93)
	at org.springframework.web.filter.OncePerRequestFilter.doFilter(OncePerRequestFilter.java:116)
	at org.apache.catalina.core.ApplicationFilterChain.internalDoFilter(ApplicationFilterChain.java:164)
	at org.apache.catalina.core.ApplicationFilterChain.doFilter(ApplicationFilterChain.java:140)
	at org.springframework.web.filter.CharacterEncodingFilter.doFilterInternal(CharacterEncodingFilter.java:201)
	at org.springframework.web.filter.OncePerRequestFilter.doFilter(OncePerRequestFilter.java:116)
	at org.apache.catalina.core.ApplicationFilterChain.internalDoFilter(ApplicationFilterChain.java:164)
	at org.apache.catalina.core.ApplicationFilterChain.doFilter(ApplicationFilterChain.java:140)
	at org.apache.catalina.core.StandardWrapperValve.invoke(StandardWrapperValve.java:167)
	at org.apache.catalina.core.StandardContextValve.invoke(StandardContextValve.java:90)
	at org.apache.catalina.authenticator.AuthenticatorBase.invoke(AuthenticatorBase.java:483)
	at org.apache.catalina.core.StandardHostValve.invoke(StandardHostValve.java:116)
	at org.apache.catalina.valves.ErrorReportValve.invoke(ErrorReportValve.java:93)
	at org.apache.catalina.core.StandardEngineValve.invoke(StandardEngineValve.java:74)
	at org.apache.catalina.connector.CoyoteAdapter.service(CoyoteAdapter.java:344)
	at org.apache.coyote.http11.Http11Processor.service(Http11Processor.java:398)
	at org.apache.coyote.AbstractProcessorLight.process(AbstractProcessorLight.java:63)
	at org.apache.coyote.AbstractProtocol$ConnectionHandler.process(AbstractProtocol.java:903)
	at org.apache.tomcat.util.net.NioEndpoint$SocketProcessor.doRun(NioEndpoint.java:1769)
	at org.apache.tomcat.util.net.SocketProcessorBase.run(SocketProcessorBase.java:52)
	at org.apache.tomcat.util.threads.ThreadPoolExecutor.runWorker(ThreadPoolExecutor.java:1189)
	at org.apache.tomcat.util.threads.ThreadPoolExecutor$Worker.run(ThreadPoolExecutor.java:658)
	at org.apache.tomcat.util.threads.TaskThread$WrappingRunnable.run(TaskThread.java:63)
	at java.base/java.lang.Thread.run(Thread.java:1583)
2025-08-30 13:23:30 [http-nio-8080-exec-1] WARN  o.s.w.s.m.m.a.ExceptionHandlerExceptionResolver - Resolved [org.springframework.web.servlet.resource.NoResourceFoundException: No static resource proveedores/ea3e7bb2-75d4-48b5-b219-fd802f035c4b.jpg.]
2025-08-30 13:23:30 [http-nio-8080-exec-1] INFO  c.e.b.s.logging.RequestLoggingFilter - [GET] /uploads/proveedores/ea3e7bb2-75d4-48b5-b219-fd802f035c4b.jpg -> 500 (64 ms)
2025-08-30 13:23:44 [http-nio-8080-exec-3] INFO  c.e.b.c.c.c.CategoryController - Petición recibida para listar todas las categorías
2025-08-30 13:23:44 [http-nio-8080-exec-3] INFO  c.e.b.c.service.CategoryService - Recuperando todas las categorías...
2025-08-30 13:23:44 [http-nio-8080-exec-3] INFO  c.e.b.c.s.i.GetAllCategories - → [GetAllCategories] Solicitud para obtener todas las categorías ordenadas por nombre
2025-08-30 13:23:44 [http-nio-8080-exec-3] INFO  c.e.b.c.s.i.GetAllCategories - ✓ [GetAllCategories] Se recuperaron 6 categorías
2025-08-30 13:23:44 [http-nio-8080-exec-3] INFO  c.e.b.c.service.CategoryService - Se recuperaron 6 categorías
2025-08-30 13:23:44 [http-nio-8080-exec-3] INFO  c.e.b.c.c.c.CategoryController - Se recuperaron 6 categorías
2025-08-30 13:23:44 [http-nio-8080-exec-4] INFO  c.e.b.p.c.c.ProviderController - → [ProviderController] Solicitud para listar proveedores paginados | page=0 | size=5
2025-08-30 13:23:44 [http-nio-8080-exec-4] INFO  c.e.b.p.service.ProviderService - → [ProviderService] Iniciando recuperación de prestadores | página=0 | size=5
2025-08-30 13:23:44 [http-nio-8080-exec-3] INFO  c.e.b.s.logging.RequestLoggingFilter - [GET] /api/categories/getAll -> 200 (74 ms)
2025-08-30 13:23:44 [http-nio-8080-exec-7] INFO  c.e.b.c.c.c.CategoryController - Petición recibida para listar todas las categorías
2025-08-30 13:23:44 [http-nio-8080-exec-7] INFO  c.e.b.c.service.CategoryService - Recuperando todas las categorías...
2025-08-30 13:23:44 [http-nio-8080-exec-7] INFO  c.e.b.c.s.i.GetAllCategories - → [GetAllCategories] Solicitud para obtener todas las categorías ordenadas por nombre
2025-08-30 13:23:44 [http-nio-8080-exec-7] INFO  c.e.b.c.s.i.GetAllCategories - ✓ [GetAllCategories] Se recuperaron 6 categorías
2025-08-30 13:23:44 [http-nio-8080-exec-7] INFO  c.e.b.c.service.CategoryService - Se recuperaron 6 categorías
2025-08-30 13:23:44 [http-nio-8080-exec-7] INFO  c.e.b.c.c.c.CategoryController - Se recuperaron 6 categorías
2025-08-30 13:23:44 [http-nio-8080-exec-7] INFO  c.e.b.s.logging.RequestLoggingFilter - [GET] /api/categories/getAll -> 200 (9 ms)
2025-08-30 13:23:44 [http-nio-8080-exec-4] INFO  c.e.b.p.service.ProviderService - ✓ [ProviderService] Recuperados 5 prestadores | página=0 de 3 | totalElements=13
2025-08-30 13:23:44 [http-nio-8080-exec-4] INFO  c.e.b.p.c.c.ProviderController - ✓ [ProviderController] Se recuperaron 5 proveedores en la página 0 de 3 (total elementos=13)
2025-08-30 13:23:44 [http-nio-8080-exec-4] WARN  o.s.d.w.c.SpringDataJacksonConfiguration$PageModule$WarningLoggingModifier - Serializing PageImpl instances as-is is not supported, meaning that there is no guarantee about the stability of the resulting JSON structure!
	For a stable JSON structure, please use Spring Data's PagedModel (globally via @EnableSpringDataWebSupport(pageSerializationMode = VIA_DTO))
	or Spring HATEOAS and Spring Data's PagedResourcesAssembler as documented in https://docs.spring.io/spring-data/commons/reference/repositories/core-extensions.html#core.web.pageables.

2025-08-30 13:23:44 [http-nio-8080-exec-4] INFO  c.e.b.s.logging.RequestLoggingFilter - [GET] /api/providers/paged -> 200 (148 ms)
2025-08-30 13:23:44 [http-nio-8080-exec-8] INFO  c.e.b.p.c.c.ProviderController - → [ProviderController] Solicitud para listar proveedores paginados | page=0 | size=5
2025-08-30 13:23:44 [http-nio-8080-exec-8] INFO  c.e.b.p.service.ProviderService - → [ProviderService] Iniciando recuperación de prestadores | página=0 | size=5
2025-08-30 13:23:44 [http-nio-8080-exec-8] INFO  c.e.b.p.service.ProviderService - ✓ [ProviderService] Recuperados 5 prestadores | página=0 de 3 | totalElements=13
2025-08-30 13:23:44 [http-nio-8080-exec-8] INFO  c.e.b.p.c.c.ProviderController - ✓ [ProviderController] Se recuperaron 5 proveedores en la página 0 de 3 (total elementos=13)
2025-08-30 13:23:44 [http-nio-8080-exec-8] INFO  c.e.b.s.logging.RequestLoggingFilter - [GET] /api/providers/paged -> 200 (29 ms)
2025-08-30 13:23:44 [http-nio-8080-exec-9] INFO  c.e.b.p.c.c.ProviderController - → [ProviderController] Solicitud para listar proveedores paginados | page=0 | size=5
2025-08-30 13:23:44 [http-nio-8080-exec-9] INFO  c.e.b.p.service.ProviderService - → [ProviderService] Iniciando recuperación de prestadores | página=0 | size=5
2025-08-30 13:23:44 [http-nio-8080-exec-9] INFO  c.e.b.p.service.ProviderService - ✓ [ProviderService] Recuperados 5 prestadores | página=0 de 3 | totalElements=13
2025-08-30 13:23:44 [http-nio-8080-exec-9] INFO  c.e.b.p.c.c.ProviderController - ✓ [ProviderController] Se recuperaron 5 proveedores en la página 0 de 3 (total elementos=13)
2025-08-30 13:23:44 [http-nio-8080-exec-9] INFO  c.e.b.s.logging.RequestLoggingFilter - [GET] /api/providers/paged -> 200 (25 ms)
2025-08-30 13:23:48 [http-nio-8080-exec-10] INFO  c.e.b.p.c.c.ProviderController - → [ProviderController] Solicitud para listar proveedores paginados | page=1 | size=5
2025-08-30 13:23:48 [http-nio-8080-exec-10] INFO  c.e.b.p.service.ProviderService - → [ProviderService] Iniciando recuperación de prestadores | página=1 | size=5
2025-08-30 13:23:48 [http-nio-8080-exec-10] INFO  c.e.b.p.service.ProviderService - ✓ [ProviderService] Recuperados 5 prestadores | página=1 de 3 | totalElements=13
2025-08-30 13:23:48 [http-nio-8080-exec-10] INFO  c.e.b.p.c.c.ProviderController - ✓ [ProviderController] Se recuperaron 5 proveedores en la página 1 de 3 (total elementos=13)
2025-08-30 13:23:48 [http-nio-8080-exec-10] INFO  c.e.b.s.logging.RequestLoggingFilter - [GET] /api/providers/paged -> 200 (29 ms)
2025-08-30 13:23:48 [http-nio-8080-exec-1] ERROR c.e.b.s.e.GlobalExceptionHandler - 🔥 Excepción no controlada: No static resource proveedores/c4f2e8ea-6d56-400f-9b1f-92ce2567530e.jpg.
org.springframework.web.servlet.resource.NoResourceFoundException: No static resource proveedores/c4f2e8ea-6d56-400f-9b1f-92ce2567530e.jpg.
	at org.springframework.web.servlet.resource.ResourceHttpRequestHandler.handleRequest(ResourceHttpRequestHandler.java:585)
	at org.springframework.web.servlet.mvc.HttpRequestHandlerAdapter.handle(HttpRequestHandlerAdapter.java:52)
	at org.springframework.web.servlet.DispatcherServlet.doDispatch(DispatcherServlet.java:1089)
	at org.springframework.web.servlet.DispatcherServlet.doService(DispatcherServlet.java:979)
	at org.springframework.web.servlet.FrameworkServlet.processRequest(FrameworkServlet.java:1014)
	at org.springframework.web.servlet.FrameworkServlet.doGet(FrameworkServlet.java:903)
	at jakarta.servlet.http.HttpServlet.service(HttpServlet.java:564)
	at org.springframework.web.servlet.FrameworkServlet.service(FrameworkServlet.java:885)
	at jakarta.servlet.http.HttpServlet.service(HttpServlet.java:658)
	at org.apache.catalina.core.ApplicationFilterChain.internalDoFilter(ApplicationFilterChain.java:195)
	at org.apache.catalina.core.ApplicationFilterChain.doFilter(ApplicationFilterChain.java:140)
	at org.apache.tomcat.websocket.server.WsFilter.doFilter(WsFilter.java:51)
	at org.apache.catalina.core.ApplicationFilterChain.internalDoFilter(ApplicationFilterChain.java:164)
	at org.apache.catalina.core.ApplicationFilterChain.doFilter(ApplicationFilterChain.java:140)
	at com.example.backend.shared.logging.RequestLoggingFilter.doFilterInternal(RequestLoggingFilter.java:29)
	at org.springframework.web.filter.OncePerRequestFilter.doFilter(OncePerRequestFilter.java:116)
	at org.apache.catalina.core.ApplicationFilterChain.internalDoFilter(ApplicationFilterChain.java:164)
	at org.apache.catalina.core.ApplicationFilterChain.doFilter(ApplicationFilterChain.java:140)
	at org.springframework.web.filter.OncePerRequestFilter.doFilter(OncePerRequestFilter.java:110)
	at org.apache.catalina.core.ApplicationFilterChain.internalDoFilter(ApplicationFilterChain.java:164)
	at org.apache.catalina.core.ApplicationFilterChain.doFilter(ApplicationFilterChain.java:140)
	at org.springframework.web.filter.CompositeFilter$VirtualFilterChain.doFilter(CompositeFilter.java:108)
	at org.springframework.web.filter.CompositeFilter$VirtualFilterChain.doFilter(CompositeFilter.java:108)
	at org.springframework.security.web.FilterChainProxy.lambda$doFilterInternal$3(FilterChainProxy.java:231)
	at org.springframework.security.web.FilterChainProxy$VirtualFilterChain.doFilter(FilterChainProxy.java:365)
	at org.springframework.security.web.access.intercept.AuthorizationFilter.doFilter(AuthorizationFilter.java:101)
	at org.springframework.security.web.FilterChainProxy$VirtualFilterChain.doFilter(FilterChainProxy.java:374)
	at org.springframework.security.web.access.ExceptionTranslationFilter.doFilter(ExceptionTranslationFilter.java:125)
	at org.springframework.security.web.access.ExceptionTranslationFilter.doFilter(ExceptionTranslationFilter.java:119)
	at org.springframework.security.web.FilterChainProxy$VirtualFilterChain.doFilter(FilterChainProxy.java:374)
	at org.springframework.security.web.session.SessionManagementFilter.doFilter(SessionManagementFilter.java:131)
	at org.springframework.security.web.session.SessionManagementFilter.doFilter(SessionManagementFilter.java:85)
	at org.springframework.security.web.FilterChainProxy$VirtualFilterChain.doFilter(FilterChainProxy.java:374)
	at org.springframework.security.web.authentication.AnonymousAuthenticationFilter.doFilter(AnonymousAuthenticationFilter.java:100)
	at org.springframework.security.web.FilterChainProxy$VirtualFilterChain.doFilter(FilterChainProxy.java:374)
	at org.springframework.security.web.servletapi.SecurityContextHolderAwareRequestFilter.doFilter(SecurityContextHolderAwareRequestFilter.java:179)
	at org.springframework.security.web.FilterChainProxy$VirtualFilterChain.doFilter(FilterChainProxy.java:374)
	at org.springframework.security.web.savedrequest.RequestCacheAwareFilter.doFilter(RequestCacheAwareFilter.java:63)
	at org.springframework.security.web.FilterChainProxy$VirtualFilterChain.doFilter(FilterChainProxy.java:374)
	at com.example.backend.config.security.JwtCookieAuthenticationFilter.doFilterInternal(JwtCookieAuthenticationFilter.java:62)
	at org.springframework.web.filter.OncePerRequestFilter.doFilter(OncePerRequestFilter.java:116)
	at org.springframework.security.web.FilterChainProxy$VirtualFilterChain.doFilter(FilterChainProxy.java:374)
	at org.springframework.security.web.authentication.AbstractAuthenticationProcessingFilter.doFilter(AbstractAuthenticationProcessingFilter.java:235)
	at org.springframework.security.web.authentication.AbstractAuthenticationProcessingFilter.doFilter(AbstractAuthenticationProcessingFilter.java:229)
	at org.springframework.security.web.FilterChainProxy$VirtualFilterChain.doFilter(FilterChainProxy.java:374)
	at org.springframework.security.oauth2.client.web.OAuth2AuthorizationRequestRedirectFilter.doFilterInternal(OAuth2AuthorizationRequestRedirectFilter.java:198)
	at org.springframework.web.filter.OncePerRequestFilter.doFilter(OncePerRequestFilter.java:116)
	at org.springframework.security.web.FilterChainProxy$VirtualFilterChain.doFilter(FilterChainProxy.java:374)
	at org.springframework.security.web.authentication.logout.LogoutFilter.doFilter(LogoutFilter.java:107)
	at org.springframework.security.web.authentication.logout.LogoutFilter.doFilter(LogoutFilter.java:93)
	at org.springframework.security.web.FilterChainProxy$VirtualFilterChain.doFilter(FilterChainProxy.java:374)
	at org.springframework.web.filter.CorsFilter.doFilterInternal(CorsFilter.java:91)
	at org.springframework.web.filter.OncePerRequestFilter.doFilter(OncePerRequestFilter.java:116)
	at org.springframework.security.web.FilterChainProxy$VirtualFilterChain.doFilter(FilterChainProxy.java:374)
	at org.springframework.security.web.header.HeaderWriterFilter.doHeadersAfter(HeaderWriterFilter.java:90)
	at org.springframework.security.web.header.HeaderWriterFilter.doFilterInternal(HeaderWriterFilter.java:75)
	at org.springframework.web.filter.OncePerRequestFilter.doFilter(OncePerRequestFilter.java:116)
	at org.springframework.security.web.FilterChainProxy$VirtualFilterChain.doFilter(FilterChainProxy.java:374)
	at org.springframework.security.web.context.SecurityContextHolderFilter.doFilter(SecurityContextHolderFilter.java:82)
	at org.springframework.security.web.context.SecurityContextHolderFilter.doFilter(SecurityContextHolderFilter.java:69)
	at org.springframework.security.web.FilterChainProxy$VirtualFilterChain.doFilter(FilterChainProxy.java:374)
	at org.springframework.security.web.context.request.async.WebAsyncManagerIntegrationFilter.doFilterInternal(WebAsyncManagerIntegrationFilter.java:62)
	at org.springframework.web.filter.OncePerRequestFilter.doFilter(OncePerRequestFilter.java:116)
	at org.springframework.security.web.FilterChainProxy$VirtualFilterChain.doFilter(FilterChainProxy.java:374)
	at org.springframework.security.web.session.DisableEncodeUrlFilter.doFilterInternal(DisableEncodeUrlFilter.java:42)
	at org.springframework.web.filter.OncePerRequestFilter.doFilter(OncePerRequestFilter.java:116)
	at org.springframework.security.web.FilterChainProxy$VirtualFilterChain.doFilter(FilterChainProxy.java:374)
	at org.springframework.security.web.FilterChainProxy.doFilterInternal(FilterChainProxy.java:233)
	at org.springframework.security.web.FilterChainProxy.doFilter(FilterChainProxy.java:191)
	at org.springframework.web.filter.CompositeFilter$VirtualFilterChain.doFilter(CompositeFilter.java:113)
	at org.springframework.web.filter.ServletRequestPathFilter.doFilter(ServletRequestPathFilter.java:52)
	at org.springframework.web.filter.CompositeFilter$VirtualFilterChain.doFilter(CompositeFilter.java:113)
	at org.springframework.web.filter.CompositeFilter.doFilter(CompositeFilter.java:74)
	at org.springframework.security.config.annotation.web.configuration.WebSecurityConfiguration$CompositeFilterChainProxy.doFilter(WebSecurityConfiguration.java:319)
	at org.springframework.web.filter.CompositeFilter$VirtualFilterChain.doFilter(CompositeFilter.java:113)
	at org.springframework.web.servlet.handler.HandlerMappingIntrospector.lambda$createCacheFilter$4(HandlerMappingIntrospector.java:267)
	at org.springframework.web.filter.CompositeFilter$VirtualFilterChain.doFilter(CompositeFilter.java:113)
	at org.springframework.web.filter.CompositeFilter.doFilter(CompositeFilter.java:74)
	at org.springframework.security.config.annotation.web.configuration.WebMvcSecurityConfiguration$CompositeFilterChainProxy.doFilter(WebMvcSecurityConfiguration.java:240)
	at org.springframework.web.filter.DelegatingFilterProxy.invokeDelegate(DelegatingFilterProxy.java:362)
	at org.springframework.web.filter.DelegatingFilterProxy.doFilter(DelegatingFilterProxy.java:278)
	at org.apache.catalina.core.ApplicationFilterChain.internalDoFilter(ApplicationFilterChain.java:164)
	at org.apache.catalina.core.ApplicationFilterChain.doFilter(ApplicationFilterChain.java:140)
	at org.springframework.web.filter.RequestContextFilter.doFilterInternal(RequestContextFilter.java:100)
	at org.springframework.web.filter.OncePerRequestFilter.doFilter(OncePerRequestFilter.java:116)
	at org.apache.catalina.core.ApplicationFilterChain.internalDoFilter(ApplicationFilterChain.java:164)
	at org.apache.catalina.core.ApplicationFilterChain.doFilter(ApplicationFilterChain.java:140)
	at org.springframework.web.filter.FormContentFilter.doFilterInternal(FormContentFilter.java:93)
	at org.springframework.web.filter.OncePerRequestFilter.doFilter(OncePerRequestFilter.java:116)
	at org.apache.catalina.core.ApplicationFilterChain.internalDoFilter(ApplicationFilterChain.java:164)
	at org.apache.catalina.core.ApplicationFilterChain.doFilter(ApplicationFilterChain.java:140)
	at org.springframework.web.filter.CharacterEncodingFilter.doFilterInternal(CharacterEncodingFilter.java:201)
	at org.springframework.web.filter.OncePerRequestFilter.doFilter(OncePerRequestFilter.java:116)
	at org.apache.catalina.core.ApplicationFilterChain.internalDoFilter(ApplicationFilterChain.java:164)
	at org.apache.catalina.core.ApplicationFilterChain.doFilter(ApplicationFilterChain.java:140)
	at org.apache.catalina.core.StandardWrapperValve.invoke(StandardWrapperValve.java:167)
	at org.apache.catalina.core.StandardContextValve.invoke(StandardContextValve.java:90)
	at org.apache.catalina.authenticator.AuthenticatorBase.invoke(AuthenticatorBase.java:483)
	at org.apache.catalina.core.StandardHostValve.invoke(StandardHostValve.java:116)
	at org.apache.catalina.valves.ErrorReportValve.invoke(ErrorReportValve.java:93)
	at org.apache.catalina.core.StandardEngineValve.invoke(StandardEngineValve.java:74)
	at org.apache.catalina.connector.CoyoteAdapter.service(CoyoteAdapter.java:344)
	at org.apache.coyote.http11.Http11Processor.service(Http11Processor.java:398)
	at org.apache.coyote.AbstractProcessorLight.process(AbstractProcessorLight.java:63)
	at org.apache.coyote.AbstractProtocol$ConnectionHandler.process(AbstractProtocol.java:903)
	at org.apache.tomcat.util.net.NioEndpoint$SocketProcessor.doRun(NioEndpoint.java:1769)
	at org.apache.tomcat.util.net.SocketProcessorBase.run(SocketProcessorBase.java:52)
	at org.apache.tomcat.util.threads.ThreadPoolExecutor.runWorker(ThreadPoolExecutor.java:1189)
	at org.apache.tomcat.util.threads.ThreadPoolExecutor$Worker.run(ThreadPoolExecutor.java:658)
	at org.apache.tomcat.util.threads.TaskThread$WrappingRunnable.run(TaskThread.java:63)
	at java.base/java.lang.Thread.run(Thread.java:1583)
2025-08-30 13:23:48 [http-nio-8080-exec-5] ERROR c.e.b.s.e.GlobalExceptionHandler - 🔥 Excepción no controlada: No static resource proveedores/ea3e7bb2-75d4-48b5-b219-fd802f035c4b.jpg.
org.springframework.web.servlet.resource.NoResourceFoundException: No static resource proveedores/ea3e7bb2-75d4-48b5-b219-fd802f035c4b.jpg.
	at org.springframework.web.servlet.resource.ResourceHttpRequestHandler.handleRequest(ResourceHttpRequestHandler.java:585)
	at org.springframework.web.servlet.mvc.HttpRequestHandlerAdapter.handle(HttpRequestHandlerAdapter.java:52)
	at org.springframework.web.servlet.DispatcherServlet.doDispatch(DispatcherServlet.java:1089)
	at org.springframework.web.servlet.DispatcherServlet.doService(DispatcherServlet.java:979)
	at org.springframework.web.servlet.FrameworkServlet.processRequest(FrameworkServlet.java:1014)
	at org.springframework.web.servlet.FrameworkServlet.doGet(FrameworkServlet.java:903)
	at jakarta.servlet.http.HttpServlet.service(HttpServlet.java:564)
	at org.springframework.web.servlet.FrameworkServlet.service(FrameworkServlet.java:885)
	at jakarta.servlet.http.HttpServlet.service(HttpServlet.java:658)
	at org.apache.catalina.core.ApplicationFilterChain.internalDoFilter(ApplicationFilterChain.java:195)
	at org.apache.catalina.core.ApplicationFilterChain.doFilter(ApplicationFilterChain.java:140)
	at org.apache.tomcat.websocket.server.WsFilter.doFilter(WsFilter.java:51)
	at org.apache.catalina.core.ApplicationFilterChain.internalDoFilter(ApplicationFilterChain.java:164)
	at org.apache.catalina.core.ApplicationFilterChain.doFilter(ApplicationFilterChain.java:140)
	at com.example.backend.shared.logging.RequestLoggingFilter.doFilterInternal(RequestLoggingFilter.java:29)
	at org.springframework.web.filter.OncePerRequestFilter.doFilter(OncePerRequestFilter.java:116)
	at org.apache.catalina.core.ApplicationFilterChain.internalDoFilter(ApplicationFilterChain.java:164)
	at org.apache.catalina.core.ApplicationFilterChain.doFilter(ApplicationFilterChain.java:140)
	at org.springframework.web.filter.OncePerRequestFilter.doFilter(OncePerRequestFilter.java:110)
	at org.apache.catalina.core.ApplicationFilterChain.internalDoFilter(ApplicationFilterChain.java:164)
	at org.apache.catalina.core.ApplicationFilterChain.doFilter(ApplicationFilterChain.java:140)
	at org.springframework.web.filter.CompositeFilter$VirtualFilterChain.doFilter(CompositeFilter.java:108)
	at org.springframework.web.filter.CompositeFilter$VirtualFilterChain.doFilter(CompositeFilter.java:108)
	at org.springframework.security.web.FilterChainProxy.lambda$doFilterInternal$3(FilterChainProxy.java:231)
	at org.springframework.security.web.FilterChainProxy$VirtualFilterChain.doFilter(FilterChainProxy.java:365)
	at org.springframework.security.web.access.intercept.AuthorizationFilter.doFilter(AuthorizationFilter.java:101)
	at org.springframework.security.web.FilterChainProxy$VirtualFilterChain.doFilter(FilterChainProxy.java:374)
	at org.springframework.security.web.access.ExceptionTranslationFilter.doFilter(ExceptionTranslationFilter.java:125)
	at org.springframework.security.web.access.ExceptionTranslationFilter.doFilter(ExceptionTranslationFilter.java:119)
	at org.springframework.security.web.FilterChainProxy$VirtualFilterChain.doFilter(FilterChainProxy.java:374)
	at org.springframework.security.web.session.SessionManagementFilter.doFilter(SessionManagementFilter.java:131)
	at org.springframework.security.web.session.SessionManagementFilter.doFilter(SessionManagementFilter.java:85)
	at org.springframework.security.web.FilterChainProxy$VirtualFilterChain.doFilter(FilterChainProxy.java:374)
	at org.springframework.security.web.authentication.AnonymousAuthenticationFilter.doFilter(AnonymousAuthenticationFilter.java:100)
	at org.springframework.security.web.FilterChainProxy$VirtualFilterChain.doFilter(FilterChainProxy.java:374)
	at org.springframework.security.web.servletapi.SecurityContextHolderAwareRequestFilter.doFilter(SecurityContextHolderAwareRequestFilter.java:179)
	at org.springframework.security.web.FilterChainProxy$VirtualFilterChain.doFilter(FilterChainProxy.java:374)
	at org.springframework.security.web.savedrequest.RequestCacheAwareFilter.doFilter(RequestCacheAwareFilter.java:63)
	at org.springframework.security.web.FilterChainProxy$VirtualFilterChain.doFilter(FilterChainProxy.java:374)
	at com.example.backend.config.security.JwtCookieAuthenticationFilter.doFilterInternal(JwtCookieAuthenticationFilter.java:62)
	at org.springframework.web.filter.OncePerRequestFilter.doFilter(OncePerRequestFilter.java:116)
	at org.springframework.security.web.FilterChainProxy$VirtualFilterChain.doFilter(FilterChainProxy.java:374)
	at org.springframework.security.web.authentication.AbstractAuthenticationProcessingFilter.doFilter(AbstractAuthenticationProcessingFilter.java:235)
	at org.springframework.security.web.authentication.AbstractAuthenticationProcessingFilter.doFilter(AbstractAuthenticationProcessingFilter.java:229)
	at org.springframework.security.web.FilterChainProxy$VirtualFilterChain.doFilter(FilterChainProxy.java:374)
	at org.springframework.security.oauth2.client.web.OAuth2AuthorizationRequestRedirectFilter.doFilterInternal(OAuth2AuthorizationRequestRedirectFilter.java:198)
	at org.springframework.web.filter.OncePerRequestFilter.doFilter(OncePerRequestFilter.java:116)
	at org.springframework.security.web.FilterChainProxy$VirtualFilterChain.doFilter(FilterChainProxy.java:374)
	at org.springframework.security.web.authentication.logout.LogoutFilter.doFilter(LogoutFilter.java:107)
	at org.springframework.security.web.authentication.logout.LogoutFilter.doFilter(LogoutFilter.java:93)
	at org.springframework.security.web.FilterChainProxy$VirtualFilterChain.doFilter(FilterChainProxy.java:374)
	at org.springframework.web.filter.CorsFilter.doFilterInternal(CorsFilter.java:91)
	at org.springframework.web.filter.OncePerRequestFilter.doFilter(OncePerRequestFilter.java:116)
	at org.springframework.security.web.FilterChainProxy$VirtualFilterChain.doFilter(FilterChainProxy.java:374)
	at org.springframework.security.web.header.HeaderWriterFilter.doHeadersAfter(HeaderWriterFilter.java:90)
	at org.springframework.security.web.header.HeaderWriterFilter.doFilterInternal(HeaderWriterFilter.java:75)
	at org.springframework.web.filter.OncePerRequestFilter.doFilter(OncePerRequestFilter.java:116)
	at org.springframework.security.web.FilterChainProxy$VirtualFilterChain.doFilter(FilterChainProxy.java:374)
	at org.springframework.security.web.context.SecurityContextHolderFilter.doFilter(SecurityContextHolderFilter.java:82)
	at org.springframework.security.web.context.SecurityContextHolderFilter.doFilter(SecurityContextHolderFilter.java:69)
	at org.springframework.security.web.FilterChainProxy$VirtualFilterChain.doFilter(FilterChainProxy.java:374)
	at org.springframework.security.web.context.request.async.WebAsyncManagerIntegrationFilter.doFilterInternal(WebAsyncManagerIntegrationFilter.java:62)
	at org.springframework.web.filter.OncePerRequestFilter.doFilter(OncePerRequestFilter.java:116)
	at org.springframework.security.web.FilterChainProxy$VirtualFilterChain.doFilter(FilterChainProxy.java:374)
	at org.springframework.security.web.session.DisableEncodeUrlFilter.doFilterInternal(DisableEncodeUrlFilter.java:42)
	at org.springframework.web.filter.OncePerRequestFilter.doFilter(OncePerRequestFilter.java:116)
	at org.springframework.security.web.FilterChainProxy$VirtualFilterChain.doFilter(FilterChainProxy.java:374)
	at org.springframework.security.web.FilterChainProxy.doFilterInternal(FilterChainProxy.java:233)
	at org.springframework.security.web.FilterChainProxy.doFilter(FilterChainProxy.java:191)
	at org.springframework.web.filter.CompositeFilter$VirtualFilterChain.doFilter(CompositeFilter.java:113)
	at org.springframework.web.filter.ServletRequestPathFilter.doFilter(ServletRequestPathFilter.java:52)
	at org.springframework.web.filter.CompositeFilter$VirtualFilterChain.doFilter(CompositeFilter.java:113)
	at org.springframework.web.filter.CompositeFilter.doFilter(CompositeFilter.java:74)
	at org.springframework.security.config.annotation.web.configuration.WebSecurityConfiguration$CompositeFilterChainProxy.doFilter(WebSecurityConfiguration.java:319)
	at org.springframework.web.filter.CompositeFilter$VirtualFilterChain.doFilter(CompositeFilter.java:113)
	at org.springframework.web.servlet.handler.HandlerMappingIntrospector.lambda$createCacheFilter$4(HandlerMappingIntrospector.java:267)
	at org.springframework.web.filter.CompositeFilter$VirtualFilterChain.doFilter(CompositeFilter.java:113)
	at org.springframework.web.filter.CompositeFilter.doFilter(CompositeFilter.java:74)
	at org.springframework.security.config.annotation.web.configuration.WebMvcSecurityConfiguration$CompositeFilterChainProxy.doFilter(WebMvcSecurityConfiguration.java:240)
	at org.springframework.web.filter.DelegatingFilterProxy.invokeDelegate(DelegatingFilterProxy.java:362)
	at org.springframework.web.filter.DelegatingFilterProxy.doFilter(DelegatingFilterProxy.java:278)
	at org.apache.catalina.core.ApplicationFilterChain.internalDoFilter(ApplicationFilterChain.java:164)
	at org.apache.catalina.core.ApplicationFilterChain.doFilter(ApplicationFilterChain.java:140)
	at org.springframework.web.filter.RequestContextFilter.doFilterInternal(RequestContextFilter.java:100)
	at org.springframework.web.filter.OncePerRequestFilter.doFilter(OncePerRequestFilter.java:116)
	at org.apache.catalina.core.ApplicationFilterChain.internalDoFilter(ApplicationFilterChain.java:164)
	at org.apache.catalina.core.ApplicationFilterChain.doFilter(ApplicationFilterChain.java:140)
	at org.springframework.web.filter.FormContentFilter.doFilterInternal(FormContentFilter.java:93)
	at org.springframework.web.filter.OncePerRequestFilter.doFilter(OncePerRequestFilter.java:116)
	at org.apache.catalina.core.ApplicationFilterChain.internalDoFilter(ApplicationFilterChain.java:164)
	at org.apache.catalina.core.ApplicationFilterChain.doFilter(ApplicationFilterChain.java:140)
	at org.springframework.web.filter.CharacterEncodingFilter.doFilterInternal(CharacterEncodingFilter.java:201)
	at org.springframework.web.filter.OncePerRequestFilter.doFilter(OncePerRequestFilter.java:116)
	at org.apache.catalina.core.ApplicationFilterChain.internalDoFilter(ApplicationFilterChain.java:164)
	at org.apache.catalina.core.ApplicationFilterChain.doFilter(ApplicationFilterChain.java:140)
	at org.apache.catalina.core.StandardWrapperValve.invoke(StandardWrapperValve.java:167)
	at org.apache.catalina.core.StandardContextValve.invoke(StandardContextValve.java:90)
	at org.apache.catalina.authenticator.AuthenticatorBase.invoke(AuthenticatorBase.java:483)
	at org.apache.catalina.core.StandardHostValve.invoke(StandardHostValve.java:116)
	at org.apache.catalina.valves.ErrorReportValve.invoke(ErrorReportValve.java:93)
	at org.apache.catalina.core.StandardEngineValve.invoke(StandardEngineValve.java:74)
	at org.apache.catalina.connector.CoyoteAdapter.service(CoyoteAdapter.java:344)
	at org.apache.coyote.http11.Http11Processor.service(Http11Processor.java:398)
	at org.apache.coyote.AbstractProcessorLight.process(AbstractProcessorLight.java:63)
	at org.apache.coyote.AbstractProtocol$ConnectionHandler.process(AbstractProtocol.java:903)
	at org.apache.tomcat.util.net.NioEndpoint$SocketProcessor.doRun(NioEndpoint.java:1769)
	at org.apache.tomcat.util.net.SocketProcessorBase.run(SocketProcessorBase.java:52)
	at org.apache.tomcat.util.threads.ThreadPoolExecutor.runWorker(ThreadPoolExecutor.java:1189)
	at org.apache.tomcat.util.threads.ThreadPoolExecutor$Worker.run(ThreadPoolExecutor.java:658)
	at org.apache.tomcat.util.threads.TaskThread$WrappingRunnable.run(TaskThread.java:63)
	at java.base/java.lang.Thread.run(Thread.java:1583)
2025-08-30 13:23:48 [http-nio-8080-exec-1] WARN  o.s.w.s.m.m.a.ExceptionHandlerExceptionResolver - Resolved [org.springframework.web.servlet.resource.NoResourceFoundException: No static resource proveedores/c4f2e8ea-6d56-400f-9b1f-92ce2567530e.jpg.]
2025-08-30 13:23:48 [http-nio-8080-exec-5] WARN  o.s.w.s.m.m.a.ExceptionHandlerExceptionResolver - Resolved [org.springframework.web.servlet.resource.NoResourceFoundException: No static resource proveedores/ea3e7bb2-75d4-48b5-b219-fd802f035c4b.jpg.]
2025-08-30 13:23:48 [http-nio-8080-exec-1] INFO  c.e.b.s.logging.RequestLoggingFilter - [GET] /uploads/proveedores/c4f2e8ea-6d56-400f-9b1f-92ce2567530e.jpg -> 500 (7 ms)
2025-08-30 13:23:48 [http-nio-8080-exec-5] INFO  c.e.b.s.logging.RequestLoggingFilter - [GET] /uploads/proveedores/ea3e7bb2-75d4-48b5-b219-fd802f035c4b.jpg -> 500 (7 ms)
2025-08-30 13:31:05 [SpringApplicationShutdownHook] INFO  o.s.b.w.e.tomcat.GracefulShutdown - Commencing graceful shutdown. Waiting for active requests to complete
2025-08-30 13:31:06 [tomcat-shutdown] INFO  o.s.b.w.e.tomcat.GracefulShutdown - Graceful shutdown complete
2025-08-30 13:31:06 [SpringApplicationShutdownHook] INFO  o.s.o.j.LocalContainerEntityManagerFactoryBean - Closing JPA EntityManagerFactory for persistence unit 'default'
2025-08-30 13:31:06 [SpringApplicationShutdownHook] INFO  com.zaxxer.hikari.HikariDataSource - HikariPool-1 - Shutdown initiated...
2025-08-30 13:31:06 [SpringApplicationShutdownHook] INFO  com.zaxxer.hikari.HikariDataSource - HikariPool-1 - Shutdown completed.
2025-08-30 13:31:13 [background-preinit] INFO  o.h.validator.internal.util.Version - HV000001: Hibernate Validator 8.0.2.Final
2025-08-30 13:31:13 [restartedMain] INFO  c.e.backend.PublicidadWebApplication - Starting PublicidadWebApplication using Java 21.0.6 with PID 23176 (C:\Users\jonii\OneDrive\Escritorio\Proyectos\MONOLITOS\SISTEMA DE PUBLICIDAD\Publicidad-Web\BackendPublicacionWeb\publicacionWeb\target\classes started by jonii in C:\Users\jonii\OneDrive\Escritorio\Proyectos\MONOLITOS\SISTEMA DE PUBLICIDAD\Publicidad-Web\BackendPublicacionWeb)
2025-08-30 13:31:13 [restartedMain] INFO  c.e.backend.PublicidadWebApplication - The following 1 profile is active: "dev"
2025-08-30 13:31:13 [restartedMain] INFO  o.s.b.d.e.DevToolsPropertyDefaultsPostProcessor - Devtools property defaults active! Set 'spring.devtools.add-properties' to 'false' to disable
2025-08-30 13:31:13 [restartedMain] INFO  o.s.b.d.e.DevToolsPropertyDefaultsPostProcessor - For additional web related logging consider setting the 'logging.level.web' property to 'DEBUG'
2025-08-30 13:31:15 [restartedMain] INFO  o.s.d.r.c.RepositoryConfigurationDelegate - Bootstrapping Spring Data JPA repositories in DEFAULT mode.
2025-08-30 13:31:15 [restartedMain] INFO  o.s.d.r.c.RepositoryConfigurationDelegate - Finished Spring Data repository scanning in 203 ms. Found 7 JPA repository interfaces.
2025-08-30 13:31:17 [restartedMain] INFO  o.s.b.w.e.tomcat.TomcatWebServer - Tomcat initialized with port 8080 (http)
2025-08-30 13:31:17 [restartedMain] INFO  o.a.coyote.http11.Http11NioProtocol - Initializing ProtocolHandler ["http-nio-8080"]
2025-08-30 13:31:17 [restartedMain] INFO  o.a.catalina.core.StandardService - Starting service [Tomcat]
2025-08-30 13:31:17 [restartedMain] INFO  o.a.catalina.core.StandardEngine - Starting Servlet engine: [Apache Tomcat/10.1.43]
2025-08-30 13:31:17 [restartedMain] INFO  o.a.c.c.C.[Tomcat].[localhost].[/] - Initializing Spring embedded WebApplicationContext
2025-08-30 13:31:17 [restartedMain] INFO  o.s.b.w.s.c.ServletWebServerApplicationContext - Root WebApplicationContext: initialization completed in 3343 ms
2025-08-30 13:31:17 [restartedMain] INFO  o.h.jpa.internal.util.LogHelper - HHH000204: Processing PersistenceUnitInfo [name: default]
2025-08-30 13:31:17 [restartedMain] INFO  org.hibernate.Version - HHH000412: Hibernate ORM core version 6.6.22.Final
2025-08-30 13:31:17 [restartedMain] INFO  o.h.c.i.RegionFactoryInitiator - HHH000026: Second-level cache disabled
2025-08-30 13:31:18 [restartedMain] INFO  o.s.o.j.p.SpringPersistenceUnitInfo - No LoadTimeWeaver setup: ignoring JPA class transformer
2025-08-30 13:31:18 [restartedMain] INFO  com.zaxxer.hikari.HikariDataSource - HikariPool-1 - Starting...
2025-08-30 13:31:18 [restartedMain] INFO  com.zaxxer.hikari.pool.HikariPool - HikariPool-1 - Added connection com.mysql.cj.jdbc.ConnectionImpl@4110a26f
2025-08-30 13:31:18 [restartedMain] INFO  com.zaxxer.hikari.HikariDataSource - HikariPool-1 - Start completed.
2025-08-30 13:31:18 [restartedMain] WARN  org.hibernate.orm.deprecation - HHH90000025: MySQL8Dialect does not need to be specified explicitly using 'hibernate.dialect' (remove the property setting and it will be selected by default)
2025-08-30 13:31:18 [restartedMain] WARN  org.hibernate.orm.deprecation - HHH90000026: MySQL8Dialect has been deprecated; use org.hibernate.dialect.MySQLDialect instead
2025-08-30 13:31:18 [restartedMain] INFO  o.hibernate.orm.connections.pooling - HHH10001005: Database info:
	Database JDBC URL [Connecting through datasource 'HikariDataSource (HikariPool-1)']
	Database driver: undefined/unknown
	Database version: 8.0
	Autocommit mode: undefined/unknown
	Isolation level: undefined/unknown
	Minimum pool size: undefined/unknown
	Maximum pool size: undefined/unknown
2025-08-30 13:31:19 [restartedMain] INFO  o.h.e.t.j.p.i.JtaPlatformInitiator - HHH000489: No JTA platform available (set 'hibernate.transaction.jta.platform' to enable JTA platform integration)
2025-08-30 13:31:19 [restartedMain] INFO  o.s.o.j.LocalContainerEntityManagerFactoryBean - Initialized JPA EntityManagerFactory for persistence unit 'default'
2025-08-30 13:31:20 [restartedMain] INFO  c.e.b.users.service.UserService - Ejecutando inserción de usuario ADMIN inicial...
2025-08-30 13:31:20 [restartedMain] INFO  c.e.b.users.service.UserService - Usuario ADMIN insertado correctamente (si no existía).
2025-08-30 13:31:20 [restartedMain] INFO  o.s.d.j.r.query.QueryEnhancerFactory - Hibernate is in classpath; If applicable, HQL parser will be used.
2025-08-30 13:31:21 [restartedMain] INFO  o.s.s.c.a.a.c.InitializeAuthenticationProviderBeanManagerConfigurer$InitializeAuthenticationProviderManagerConfigurer - Global AuthenticationManager configured with AuthenticationProvider bean with name authenticationProvider
2025-08-30 13:31:21 [restartedMain] WARN  o.s.s.c.a.a.c.InitializeUserDetailsBeanManagerConfigurer$InitializeUserDetailsManagerConfigurer - Global AuthenticationManager configured with an AuthenticationProvider bean. UserDetailsService beans will not be used by Spring Security for automatically configuring username/password login. Consider removing the AuthenticationProvider bean. Alternatively, consider using the UserDetailsService in a manually instantiated DaoAuthenticationProvider. If the current configuration is intentional, to turn off this warning, increase the logging level of 'org.springframework.security.config.annotation.authentication.configuration.InitializeUserDetailsBeanManagerConfigurer' to ERROR
2025-08-30 13:31:22 [restartedMain] WARN  o.s.b.a.o.j.JpaBaseConfiguration$JpaWebConfiguration - spring.jpa.open-in-view is enabled by default. Therefore, database queries may be performed during view rendering. Explicitly configure spring.jpa.open-in-view to disable this warning
2025-08-30 13:31:22 [restartedMain] INFO  o.s.b.d.a.OptionalLiveReloadServer - LiveReload server is running on port 35729
2025-08-30 13:31:22 [restartedMain] INFO  o.a.coyote.http11.Http11NioProtocol - Starting ProtocolHandler ["http-nio-8080"]
2025-08-30 13:31:23 [restartedMain] INFO  o.s.b.w.e.tomcat.TomcatWebServer - Tomcat started on port 8080 (http) with context path '/'
2025-08-30 13:31:23 [restartedMain] INFO  c.e.backend.PublicidadWebApplication - Started PublicidadWebApplication in 10.021 seconds (process running for 10.805)
2025-08-30 13:31:32 [http-nio-8080-exec-1] INFO  o.a.c.c.C.[Tomcat].[localhost].[/] - Initializing Spring DispatcherServlet 'dispatcherServlet'
2025-08-30 13:31:32 [http-nio-8080-exec-1] INFO  o.s.web.servlet.DispatcherServlet - Initializing Servlet 'dispatcherServlet'
2025-08-30 13:31:32 [http-nio-8080-exec-1] INFO  o.s.web.servlet.DispatcherServlet - Completed initialization in 1 ms
2025-08-30 13:31:32 [http-nio-8080-exec-1] ERROR c.e.b.s.e.GlobalExceptionHandler - 🔥 Excepción no controlada: No static resource proveedores/ea3e7bb2-75d4-48b5-b219-fd802f035c4b.jpg.
org.springframework.web.servlet.resource.NoResourceFoundException: No static resource proveedores/ea3e7bb2-75d4-48b5-b219-fd802f035c4b.jpg.
	at org.springframework.web.servlet.resource.ResourceHttpRequestHandler.handleRequest(ResourceHttpRequestHandler.java:585)
	at org.springframework.web.servlet.mvc.HttpRequestHandlerAdapter.handle(HttpRequestHandlerAdapter.java:52)
	at org.springframework.web.servlet.DispatcherServlet.doDispatch(DispatcherServlet.java:1089)
	at org.springframework.web.servlet.DispatcherServlet.doService(DispatcherServlet.java:979)
	at org.springframework.web.servlet.FrameworkServlet.processRequest(FrameworkServlet.java:1014)
	at org.springframework.web.servlet.FrameworkServlet.doGet(FrameworkServlet.java:903)
	at jakarta.servlet.http.HttpServlet.service(HttpServlet.java:564)
	at org.springframework.web.servlet.FrameworkServlet.service(FrameworkServlet.java:885)
	at jakarta.servlet.http.HttpServlet.service(HttpServlet.java:658)
	at org.apache.catalina.core.ApplicationFilterChain.internalDoFilter(ApplicationFilterChain.java:195)
	at org.apache.catalina.core.ApplicationFilterChain.doFilter(ApplicationFilterChain.java:140)
	at org.apache.tomcat.websocket.server.WsFilter.doFilter(WsFilter.java:51)
	at org.apache.catalina.core.ApplicationFilterChain.internalDoFilter(ApplicationFilterChain.java:164)
	at org.apache.catalina.core.ApplicationFilterChain.doFilter(ApplicationFilterChain.java:140)
	at com.example.backend.shared.logging.RequestLoggingFilter.doFilterInternal(RequestLoggingFilter.java:29)
	at org.springframework.web.filter.OncePerRequestFilter.doFilter(OncePerRequestFilter.java:116)
	at org.apache.catalina.core.ApplicationFilterChain.internalDoFilter(ApplicationFilterChain.java:164)
	at org.apache.catalina.core.ApplicationFilterChain.doFilter(ApplicationFilterChain.java:140)
	at org.springframework.web.filter.OncePerRequestFilter.doFilter(OncePerRequestFilter.java:110)
	at org.apache.catalina.core.ApplicationFilterChain.internalDoFilter(ApplicationFilterChain.java:164)
	at org.apache.catalina.core.ApplicationFilterChain.doFilter(ApplicationFilterChain.java:140)
	at org.springframework.web.filter.CompositeFilter$VirtualFilterChain.doFilter(CompositeFilter.java:108)
	at org.springframework.web.filter.CompositeFilter$VirtualFilterChain.doFilter(CompositeFilter.java:108)
	at org.springframework.security.web.FilterChainProxy.lambda$doFilterInternal$3(FilterChainProxy.java:231)
	at org.springframework.security.web.FilterChainProxy$VirtualFilterChain.doFilter(FilterChainProxy.java:365)
	at org.springframework.security.web.access.intercept.AuthorizationFilter.doFilter(AuthorizationFilter.java:101)
	at org.springframework.security.web.FilterChainProxy$VirtualFilterChain.doFilter(FilterChainProxy.java:374)
	at org.springframework.security.web.access.ExceptionTranslationFilter.doFilter(ExceptionTranslationFilter.java:125)
	at org.springframework.security.web.access.ExceptionTranslationFilter.doFilter(ExceptionTranslationFilter.java:119)
	at org.springframework.security.web.FilterChainProxy$VirtualFilterChain.doFilter(FilterChainProxy.java:374)
	at org.springframework.security.web.session.SessionManagementFilter.doFilter(SessionManagementFilter.java:131)
	at org.springframework.security.web.session.SessionManagementFilter.doFilter(SessionManagementFilter.java:85)
	at org.springframework.security.web.FilterChainProxy$VirtualFilterChain.doFilter(FilterChainProxy.java:374)
	at org.springframework.security.web.authentication.AnonymousAuthenticationFilter.doFilter(AnonymousAuthenticationFilter.java:100)
	at org.springframework.security.web.FilterChainProxy$VirtualFilterChain.doFilter(FilterChainProxy.java:374)
	at org.springframework.security.web.servletapi.SecurityContextHolderAwareRequestFilter.doFilter(SecurityContextHolderAwareRequestFilter.java:179)
	at org.springframework.security.web.FilterChainProxy$VirtualFilterChain.doFilter(FilterChainProxy.java:374)
	at org.springframework.security.web.savedrequest.RequestCacheAwareFilter.doFilter(RequestCacheAwareFilter.java:63)
	at org.springframework.security.web.FilterChainProxy$VirtualFilterChain.doFilter(FilterChainProxy.java:374)
	at com.example.backend.config.security.JwtCookieAuthenticationFilter.doFilterInternal(JwtCookieAuthenticationFilter.java:62)
	at org.springframework.web.filter.OncePerRequestFilter.doFilter(OncePerRequestFilter.java:116)
	at org.springframework.security.web.FilterChainProxy$VirtualFilterChain.doFilter(FilterChainProxy.java:374)
	at org.springframework.security.web.authentication.AbstractAuthenticationProcessingFilter.doFilter(AbstractAuthenticationProcessingFilter.java:235)
	at org.springframework.security.web.authentication.AbstractAuthenticationProcessingFilter.doFilter(AbstractAuthenticationProcessingFilter.java:229)
	at org.springframework.security.web.FilterChainProxy$VirtualFilterChain.doFilter(FilterChainProxy.java:374)
	at org.springframework.security.oauth2.client.web.OAuth2AuthorizationRequestRedirectFilter.doFilterInternal(OAuth2AuthorizationRequestRedirectFilter.java:198)
	at org.springframework.web.filter.OncePerRequestFilter.doFilter(OncePerRequestFilter.java:116)
	at org.springframework.security.web.FilterChainProxy$VirtualFilterChain.doFilter(FilterChainProxy.java:374)
	at org.springframework.security.web.authentication.logout.LogoutFilter.doFilter(LogoutFilter.java:107)
	at org.springframework.security.web.authentication.logout.LogoutFilter.doFilter(LogoutFilter.java:93)
	at org.springframework.security.web.FilterChainProxy$VirtualFilterChain.doFilter(FilterChainProxy.java:374)
	at org.springframework.web.filter.CorsFilter.doFilterInternal(CorsFilter.java:91)
	at org.springframework.web.filter.OncePerRequestFilter.doFilter(OncePerRequestFilter.java:116)
	at org.springframework.security.web.FilterChainProxy$VirtualFilterChain.doFilter(FilterChainProxy.java:374)
	at org.springframework.security.web.header.HeaderWriterFilter.doHeadersAfter(HeaderWriterFilter.java:90)
	at org.springframework.security.web.header.HeaderWriterFilter.doFilterInternal(HeaderWriterFilter.java:75)
	at org.springframework.web.filter.OncePerRequestFilter.doFilter(OncePerRequestFilter.java:116)
	at org.springframework.security.web.FilterChainProxy$VirtualFilterChain.doFilter(FilterChainProxy.java:374)
	at org.springframework.security.web.context.SecurityContextHolderFilter.doFilter(SecurityContextHolderFilter.java:82)
	at org.springframework.security.web.context.SecurityContextHolderFilter.doFilter(SecurityContextHolderFilter.java:69)
	at org.springframework.security.web.FilterChainProxy$VirtualFilterChain.doFilter(FilterChainProxy.java:374)
	at org.springframework.security.web.context.request.async.WebAsyncManagerIntegrationFilter.doFilterInternal(WebAsyncManagerIntegrationFilter.java:62)
	at org.springframework.web.filter.OncePerRequestFilter.doFilter(OncePerRequestFilter.java:116)
	at org.springframework.security.web.FilterChainProxy$VirtualFilterChain.doFilter(FilterChainProxy.java:374)
	at org.springframework.security.web.session.DisableEncodeUrlFilter.doFilterInternal(DisableEncodeUrlFilter.java:42)
	at org.springframework.web.filter.OncePerRequestFilter.doFilter(OncePerRequestFilter.java:116)
	at org.springframework.security.web.FilterChainProxy$VirtualFilterChain.doFilter(FilterChainProxy.java:374)
	at org.springframework.security.web.FilterChainProxy.doFilterInternal(FilterChainProxy.java:233)
	at org.springframework.security.web.FilterChainProxy.doFilter(FilterChainProxy.java:191)
	at org.springframework.web.filter.CompositeFilter$VirtualFilterChain.doFilter(CompositeFilter.java:113)
	at org.springframework.web.filter.ServletRequestPathFilter.doFilter(ServletRequestPathFilter.java:52)
	at org.springframework.web.filter.CompositeFilter$VirtualFilterChain.doFilter(CompositeFilter.java:113)
	at org.springframework.web.filter.CompositeFilter.doFilter(CompositeFilter.java:74)
	at org.springframework.security.config.annotation.web.configuration.WebSecurityConfiguration$CompositeFilterChainProxy.doFilter(WebSecurityConfiguration.java:319)
	at org.springframework.web.filter.CompositeFilter$VirtualFilterChain.doFilter(CompositeFilter.java:113)
	at org.springframework.web.servlet.handler.HandlerMappingIntrospector.lambda$createCacheFilter$4(HandlerMappingIntrospector.java:267)
	at org.springframework.web.filter.CompositeFilter$VirtualFilterChain.doFilter(CompositeFilter.java:113)
	at org.springframework.web.filter.CompositeFilter.doFilter(CompositeFilter.java:74)
	at org.springframework.security.config.annotation.web.configuration.WebMvcSecurityConfiguration$CompositeFilterChainProxy.doFilter(WebMvcSecurityConfiguration.java:240)
	at org.springframework.web.filter.DelegatingFilterProxy.invokeDelegate(DelegatingFilterProxy.java:362)
	at org.springframework.web.filter.DelegatingFilterProxy.doFilter(DelegatingFilterProxy.java:278)
	at org.apache.catalina.core.ApplicationFilterChain.internalDoFilter(ApplicationFilterChain.java:164)
	at org.apache.catalina.core.ApplicationFilterChain.doFilter(ApplicationFilterChain.java:140)
	at org.springframework.web.filter.RequestContextFilter.doFilterInternal(RequestContextFilter.java:100)
	at org.springframework.web.filter.OncePerRequestFilter.doFilter(OncePerRequestFilter.java:116)
	at org.apache.catalina.core.ApplicationFilterChain.internalDoFilter(ApplicationFilterChain.java:164)
	at org.apache.catalina.core.ApplicationFilterChain.doFilter(ApplicationFilterChain.java:140)
	at org.springframework.web.filter.FormContentFilter.doFilterInternal(FormContentFilter.java:93)
	at org.springframework.web.filter.OncePerRequestFilter.doFilter(OncePerRequestFilter.java:116)
	at org.apache.catalina.core.ApplicationFilterChain.internalDoFilter(ApplicationFilterChain.java:164)
	at org.apache.catalina.core.ApplicationFilterChain.doFilter(ApplicationFilterChain.java:140)
	at org.springframework.web.filter.CharacterEncodingFilter.doFilterInternal(CharacterEncodingFilter.java:201)
	at org.springframework.web.filter.OncePerRequestFilter.doFilter(OncePerRequestFilter.java:116)
	at org.apache.catalina.core.ApplicationFilterChain.internalDoFilter(ApplicationFilterChain.java:164)
	at org.apache.catalina.core.ApplicationFilterChain.doFilter(ApplicationFilterChain.java:140)
	at org.apache.catalina.core.StandardWrapperValve.invoke(StandardWrapperValve.java:167)
	at org.apache.catalina.core.StandardContextValve.invoke(StandardContextValve.java:90)
	at org.apache.catalina.authenticator.AuthenticatorBase.invoke(AuthenticatorBase.java:483)
	at org.apache.catalina.core.StandardHostValve.invoke(StandardHostValve.java:116)
	at org.apache.catalina.valves.ErrorReportValve.invoke(ErrorReportValve.java:93)
	at org.apache.catalina.core.StandardEngineValve.invoke(StandardEngineValve.java:74)
	at org.apache.catalina.connector.CoyoteAdapter.service(CoyoteAdapter.java:344)
	at org.apache.coyote.http11.Http11Processor.service(Http11Processor.java:398)
	at org.apache.coyote.AbstractProcessorLight.process(AbstractProcessorLight.java:63)
	at org.apache.coyote.AbstractProtocol$ConnectionHandler.process(AbstractProtocol.java:903)
	at org.apache.tomcat.util.net.NioEndpoint$SocketProcessor.doRun(NioEndpoint.java:1769)
	at org.apache.tomcat.util.net.SocketProcessorBase.run(SocketProcessorBase.java:52)
	at org.apache.tomcat.util.threads.ThreadPoolExecutor.runWorker(ThreadPoolExecutor.java:1189)
	at org.apache.tomcat.util.threads.ThreadPoolExecutor$Worker.run(ThreadPoolExecutor.java:658)
	at org.apache.tomcat.util.threads.TaskThread$WrappingRunnable.run(TaskThread.java:63)
	at java.base/java.lang.Thread.run(Thread.java:1583)
2025-08-30 13:31:32 [http-nio-8080-exec-1] WARN  o.s.w.s.m.m.a.ExceptionHandlerExceptionResolver - Resolved [org.springframework.web.servlet.resource.NoResourceFoundException: No static resource proveedores/ea3e7bb2-75d4-48b5-b219-fd802f035c4b.jpg.]
2025-08-30 13:31:32 [http-nio-8080-exec-1] INFO  c.e.b.s.logging.RequestLoggingFilter - [GET] /uploads/proveedores/ea3e7bb2-75d4-48b5-b219-fd802f035c4b.jpg -> 500 (60 ms)
2025-08-30 13:32:47 [SpringApplicationShutdownHook] INFO  o.s.b.w.e.tomcat.GracefulShutdown - Commencing graceful shutdown. Waiting for active requests to complete
2025-08-30 13:32:47 [tomcat-shutdown] INFO  o.s.b.w.e.tomcat.GracefulShutdown - Graceful shutdown complete
2025-08-30 13:32:47 [SpringApplicationShutdownHook] INFO  o.s.o.j.LocalContainerEntityManagerFactoryBean - Closing JPA EntityManagerFactory for persistence unit 'default'
2025-08-30 13:32:47 [SpringApplicationShutdownHook] INFO  com.zaxxer.hikari.HikariDataSource - HikariPool-1 - Shutdown initiated...
2025-08-30 13:32:47 [SpringApplicationShutdownHook] INFO  com.zaxxer.hikari.HikariDataSource - HikariPool-1 - Shutdown completed.
2025-08-30 13:32:54 [background-preinit] INFO  o.h.validator.internal.util.Version - HV000001: Hibernate Validator 8.0.2.Final
2025-08-30 13:32:54 [restartedMain] INFO  c.e.backend.PublicidadWebApplication - Starting PublicidadWebApplication using Java 21.0.6 with PID 4876 (C:\Users\jonii\OneDrive\Escritorio\Proyectos\MONOLITOS\SISTEMA DE PUBLICIDAD\Publicidad-Web\BackendPublicacionWeb\publicacionWeb\target\classes started by jonii in C:\Users\jonii\OneDrive\Escritorio\Proyectos\MONOLITOS\SISTEMA DE PUBLICIDAD\Publicidad-Web\BackendPublicacionWeb)
2025-08-30 13:32:54 [restartedMain] INFO  c.e.backend.PublicidadWebApplication - The following 1 profile is active: "dev"
2025-08-30 13:32:54 [restartedMain] INFO  o.s.b.d.e.DevToolsPropertyDefaultsPostProcessor - Devtools property defaults active! Set 'spring.devtools.add-properties' to 'false' to disable
2025-08-30 13:32:54 [restartedMain] INFO  o.s.b.d.e.DevToolsPropertyDefaultsPostProcessor - For additional web related logging consider setting the 'logging.level.web' property to 'DEBUG'
2025-08-30 13:32:56 [restartedMain] INFO  o.s.d.r.c.RepositoryConfigurationDelegate - Bootstrapping Spring Data JPA repositories in DEFAULT mode.
2025-08-30 13:32:56 [restartedMain] INFO  o.s.d.r.c.RepositoryConfigurationDelegate - Finished Spring Data repository scanning in 213 ms. Found 7 JPA repository interfaces.
2025-08-30 13:32:57 [restartedMain] INFO  o.s.b.w.e.tomcat.TomcatWebServer - Tomcat initialized with port 8080 (http)
2025-08-30 13:32:57 [restartedMain] INFO  o.a.coyote.http11.Http11NioProtocol - Initializing ProtocolHandler ["http-nio-8080"]
2025-08-30 13:32:57 [restartedMain] INFO  o.a.catalina.core.StandardService - Starting service [Tomcat]
2025-08-30 13:32:57 [restartedMain] INFO  o.a.catalina.core.StandardEngine - Starting Servlet engine: [Apache Tomcat/10.1.43]
2025-08-30 13:32:57 [restartedMain] INFO  o.a.c.c.C.[Tomcat].[localhost].[/] - Initializing Spring embedded WebApplicationContext
2025-08-30 13:32:57 [restartedMain] INFO  o.s.b.w.s.c.ServletWebServerApplicationContext - Root WebApplicationContext: initialization completed in 3361 ms
2025-08-30 13:32:58 [restartedMain] INFO  o.h.jpa.internal.util.LogHelper - HHH000204: Processing PersistenceUnitInfo [name: default]
2025-08-30 13:32:58 [restartedMain] INFO  org.hibernate.Version - HHH000412: Hibernate ORM core version 6.6.22.Final
2025-08-30 13:32:58 [restartedMain] INFO  o.h.c.i.RegionFactoryInitiator - HHH000026: Second-level cache disabled
2025-08-30 13:32:58 [restartedMain] INFO  o.s.o.j.p.SpringPersistenceUnitInfo - No LoadTimeWeaver setup: ignoring JPA class transformer
2025-08-30 13:32:58 [restartedMain] INFO  com.zaxxer.hikari.HikariDataSource - HikariPool-1 - Starting...
2025-08-30 13:32:59 [restartedMain] INFO  com.zaxxer.hikari.pool.HikariPool - HikariPool-1 - Added connection com.mysql.cj.jdbc.ConnectionImpl@15eca8c5
2025-08-30 13:32:59 [restartedMain] INFO  com.zaxxer.hikari.HikariDataSource - HikariPool-1 - Start completed.
2025-08-30 13:32:59 [restartedMain] WARN  org.hibernate.orm.deprecation - HHH90000025: MySQL8Dialect does not need to be specified explicitly using 'hibernate.dialect' (remove the property setting and it will be selected by default)
2025-08-30 13:32:59 [restartedMain] WARN  org.hibernate.orm.deprecation - HHH90000026: MySQL8Dialect has been deprecated; use org.hibernate.dialect.MySQLDialect instead
2025-08-30 13:32:59 [restartedMain] INFO  o.hibernate.orm.connections.pooling - HHH10001005: Database info:
	Database JDBC URL [Connecting through datasource 'HikariDataSource (HikariPool-1)']
	Database driver: undefined/unknown
	Database version: 8.0
	Autocommit mode: undefined/unknown
	Isolation level: undefined/unknown
	Minimum pool size: undefined/unknown
	Maximum pool size: undefined/unknown
2025-08-30 13:33:00 [restartedMain] INFO  o.h.e.t.j.p.i.JtaPlatformInitiator - HHH000489: No JTA platform available (set 'hibernate.transaction.jta.platform' to enable JTA platform integration)
2025-08-30 13:33:00 [restartedMain] INFO  o.s.o.j.LocalContainerEntityManagerFactoryBean - Initialized JPA EntityManagerFactory for persistence unit 'default'
2025-08-30 13:33:01 [restartedMain] INFO  c.e.b.users.service.UserService - Ejecutando inserción de usuario ADMIN inicial...
2025-08-30 13:33:01 [restartedMain] INFO  c.e.b.users.service.UserService - Usuario ADMIN insertado correctamente (si no existía).
2025-08-30 13:33:01 [restartedMain] INFO  o.s.d.j.r.query.QueryEnhancerFactory - Hibernate is in classpath; If applicable, HQL parser will be used.
2025-08-30 13:33:02 [restartedMain] INFO  o.s.s.c.a.a.c.InitializeAuthenticationProviderBeanManagerConfigurer$InitializeAuthenticationProviderManagerConfigurer - Global AuthenticationManager configured with AuthenticationProvider bean with name authenticationProvider
2025-08-30 13:33:02 [restartedMain] WARN  o.s.s.c.a.a.c.InitializeUserDetailsBeanManagerConfigurer$InitializeUserDetailsManagerConfigurer - Global AuthenticationManager configured with an AuthenticationProvider bean. UserDetailsService beans will not be used by Spring Security for automatically configuring username/password login. Consider removing the AuthenticationProvider bean. Alternatively, consider using the UserDetailsService in a manually instantiated DaoAuthenticationProvider. If the current configuration is intentional, to turn off this warning, increase the logging level of 'org.springframework.security.config.annotation.authentication.configuration.InitializeUserDetailsBeanManagerConfigurer' to ERROR
2025-08-30 13:33:02 [restartedMain] WARN  o.s.b.a.o.j.JpaBaseConfiguration$JpaWebConfiguration - spring.jpa.open-in-view is enabled by default. Therefore, database queries may be performed during view rendering. Explicitly configure spring.jpa.open-in-view to disable this warning
2025-08-30 13:33:03 [restartedMain] INFO  o.s.b.d.a.OptionalLiveReloadServer - LiveReload server is running on port 35729
2025-08-30 13:33:03 [restartedMain] INFO  o.a.coyote.http11.Http11NioProtocol - Starting ProtocolHandler ["http-nio-8080"]
2025-08-30 13:33:03 [restartedMain] INFO  o.s.b.w.e.tomcat.TomcatWebServer - Tomcat started on port 8080 (http) with context path '/'
2025-08-30 13:33:03 [restartedMain] INFO  c.e.backend.PublicidadWebApplication - Started PublicidadWebApplication in 10.171 seconds (process running for 10.964)
2025-08-30 13:33:09 [http-nio-8080-exec-1] INFO  o.a.c.c.C.[Tomcat].[localhost].[/] - Initializing Spring DispatcherServlet 'dispatcherServlet'
2025-08-30 13:33:09 [http-nio-8080-exec-1] INFO  o.s.web.servlet.DispatcherServlet - Initializing Servlet 'dispatcherServlet'
2025-08-30 13:33:09 [http-nio-8080-exec-1] INFO  o.s.web.servlet.DispatcherServlet - Completed initialization in 1 ms
2025-08-30 13:33:09 [http-nio-8080-exec-1] ERROR c.e.b.s.e.GlobalExceptionHandler - 🔥 Excepción no controlada: No static resource proveedores/ea3e7bb2-75d4-48b5-b219-fd802f035c4b.jpg.
org.springframework.web.servlet.resource.NoResourceFoundException: No static resource proveedores/ea3e7bb2-75d4-48b5-b219-fd802f035c4b.jpg.
	at org.springframework.web.servlet.resource.ResourceHttpRequestHandler.handleRequest(ResourceHttpRequestHandler.java:585)
	at org.springframework.web.servlet.mvc.HttpRequestHandlerAdapter.handle(HttpRequestHandlerAdapter.java:52)
	at org.springframework.web.servlet.DispatcherServlet.doDispatch(DispatcherServlet.java:1089)
	at org.springframework.web.servlet.DispatcherServlet.doService(DispatcherServlet.java:979)
	at org.springframework.web.servlet.FrameworkServlet.processRequest(FrameworkServlet.java:1014)
	at org.springframework.web.servlet.FrameworkServlet.doGet(FrameworkServlet.java:903)
	at jakarta.servlet.http.HttpServlet.service(HttpServlet.java:564)
	at org.springframework.web.servlet.FrameworkServlet.service(FrameworkServlet.java:885)
	at jakarta.servlet.http.HttpServlet.service(HttpServlet.java:658)
	at org.apache.catalina.core.ApplicationFilterChain.internalDoFilter(ApplicationFilterChain.java:195)
	at org.apache.catalina.core.ApplicationFilterChain.doFilter(ApplicationFilterChain.java:140)
	at org.apache.tomcat.websocket.server.WsFilter.doFilter(WsFilter.java:51)
	at org.apache.catalina.core.ApplicationFilterChain.internalDoFilter(ApplicationFilterChain.java:164)
	at org.apache.catalina.core.ApplicationFilterChain.doFilter(ApplicationFilterChain.java:140)
	at com.example.backend.shared.logging.RequestLoggingFilter.doFilterInternal(RequestLoggingFilter.java:29)
	at org.springframework.web.filter.OncePerRequestFilter.doFilter(OncePerRequestFilter.java:116)
	at org.apache.catalina.core.ApplicationFilterChain.internalDoFilter(ApplicationFilterChain.java:164)
	at org.apache.catalina.core.ApplicationFilterChain.doFilter(ApplicationFilterChain.java:140)
	at org.springframework.web.filter.OncePerRequestFilter.doFilter(OncePerRequestFilter.java:110)
	at org.apache.catalina.core.ApplicationFilterChain.internalDoFilter(ApplicationFilterChain.java:164)
	at org.apache.catalina.core.ApplicationFilterChain.doFilter(ApplicationFilterChain.java:140)
	at org.springframework.web.filter.CompositeFilter$VirtualFilterChain.doFilter(CompositeFilter.java:108)
	at org.springframework.web.filter.CompositeFilter$VirtualFilterChain.doFilter(CompositeFilter.java:108)
	at org.springframework.security.web.FilterChainProxy.lambda$doFilterInternal$3(FilterChainProxy.java:231)
	at org.springframework.security.web.FilterChainProxy$VirtualFilterChain.doFilter(FilterChainProxy.java:365)
	at org.springframework.security.web.access.intercept.AuthorizationFilter.doFilter(AuthorizationFilter.java:101)
	at org.springframework.security.web.FilterChainProxy$VirtualFilterChain.doFilter(FilterChainProxy.java:374)
	at org.springframework.security.web.access.ExceptionTranslationFilter.doFilter(ExceptionTranslationFilter.java:125)
	at org.springframework.security.web.access.ExceptionTranslationFilter.doFilter(ExceptionTranslationFilter.java:119)
	at org.springframework.security.web.FilterChainProxy$VirtualFilterChain.doFilter(FilterChainProxy.java:374)
	at org.springframework.security.web.session.SessionManagementFilter.doFilter(SessionManagementFilter.java:131)
	at org.springframework.security.web.session.SessionManagementFilter.doFilter(SessionManagementFilter.java:85)
	at org.springframework.security.web.FilterChainProxy$VirtualFilterChain.doFilter(FilterChainProxy.java:374)
	at org.springframework.security.web.authentication.AnonymousAuthenticationFilter.doFilter(AnonymousAuthenticationFilter.java:100)
	at org.springframework.security.web.FilterChainProxy$VirtualFilterChain.doFilter(FilterChainProxy.java:374)
	at org.springframework.security.web.servletapi.SecurityContextHolderAwareRequestFilter.doFilter(SecurityContextHolderAwareRequestFilter.java:179)
	at org.springframework.security.web.FilterChainProxy$VirtualFilterChain.doFilter(FilterChainProxy.java:374)
	at org.springframework.security.web.savedrequest.RequestCacheAwareFilter.doFilter(RequestCacheAwareFilter.java:63)
	at org.springframework.security.web.FilterChainProxy$VirtualFilterChain.doFilter(FilterChainProxy.java:374)
	at com.example.backend.config.security.JwtCookieAuthenticationFilter.doFilterInternal(JwtCookieAuthenticationFilter.java:62)
	at org.springframework.web.filter.OncePerRequestFilter.doFilter(OncePerRequestFilter.java:116)
	at org.springframework.security.web.FilterChainProxy$VirtualFilterChain.doFilter(FilterChainProxy.java:374)
	at org.springframework.security.web.authentication.AbstractAuthenticationProcessingFilter.doFilter(AbstractAuthenticationProcessingFilter.java:235)
	at org.springframework.security.web.authentication.AbstractAuthenticationProcessingFilter.doFilter(AbstractAuthenticationProcessingFilter.java:229)
	at org.springframework.security.web.FilterChainProxy$VirtualFilterChain.doFilter(FilterChainProxy.java:374)
	at org.springframework.security.oauth2.client.web.OAuth2AuthorizationRequestRedirectFilter.doFilterInternal(OAuth2AuthorizationRequestRedirectFilter.java:198)
	at org.springframework.web.filter.OncePerRequestFilter.doFilter(OncePerRequestFilter.java:116)
	at org.springframework.security.web.FilterChainProxy$VirtualFilterChain.doFilter(FilterChainProxy.java:374)
	at org.springframework.security.web.authentication.logout.LogoutFilter.doFilter(LogoutFilter.java:107)
	at org.springframework.security.web.authentication.logout.LogoutFilter.doFilter(LogoutFilter.java:93)
	at org.springframework.security.web.FilterChainProxy$VirtualFilterChain.doFilter(FilterChainProxy.java:374)
	at org.springframework.web.filter.CorsFilter.doFilterInternal(CorsFilter.java:91)
	at org.springframework.web.filter.OncePerRequestFilter.doFilter(OncePerRequestFilter.java:116)
	at org.springframework.security.web.FilterChainProxy$VirtualFilterChain.doFilter(FilterChainProxy.java:374)
	at org.springframework.security.web.header.HeaderWriterFilter.doHeadersAfter(HeaderWriterFilter.java:90)
	at org.springframework.security.web.header.HeaderWriterFilter.doFilterInternal(HeaderWriterFilter.java:75)
	at org.springframework.web.filter.OncePerRequestFilter.doFilter(OncePerRequestFilter.java:116)
	at org.springframework.security.web.FilterChainProxy$VirtualFilterChain.doFilter(FilterChainProxy.java:374)
	at org.springframework.security.web.context.SecurityContextHolderFilter.doFilter(SecurityContextHolderFilter.java:82)
	at org.springframework.security.web.context.SecurityContextHolderFilter.doFilter(SecurityContextHolderFilter.java:69)
	at org.springframework.security.web.FilterChainProxy$VirtualFilterChain.doFilter(FilterChainProxy.java:374)
	at org.springframework.security.web.context.request.async.WebAsyncManagerIntegrationFilter.doFilterInternal(WebAsyncManagerIntegrationFilter.java:62)
	at org.springframework.web.filter.OncePerRequestFilter.doFilter(OncePerRequestFilter.java:116)
	at org.springframework.security.web.FilterChainProxy$VirtualFilterChain.doFilter(FilterChainProxy.java:374)
	at org.springframework.security.web.session.DisableEncodeUrlFilter.doFilterInternal(DisableEncodeUrlFilter.java:42)
	at org.springframework.web.filter.OncePerRequestFilter.doFilter(OncePerRequestFilter.java:116)
	at org.springframework.security.web.FilterChainProxy$VirtualFilterChain.doFilter(FilterChainProxy.java:374)
	at org.springframework.security.web.FilterChainProxy.doFilterInternal(FilterChainProxy.java:233)
	at org.springframework.security.web.FilterChainProxy.doFilter(FilterChainProxy.java:191)
	at org.springframework.web.filter.CompositeFilter$VirtualFilterChain.doFilter(CompositeFilter.java:113)
	at org.springframework.web.filter.ServletRequestPathFilter.doFilter(ServletRequestPathFilter.java:52)
	at org.springframework.web.filter.CompositeFilter$VirtualFilterChain.doFilter(CompositeFilter.java:113)
	at org.springframework.web.filter.CompositeFilter.doFilter(CompositeFilter.java:74)
	at org.springframework.security.config.annotation.web.configuration.WebSecurityConfiguration$CompositeFilterChainProxy.doFilter(WebSecurityConfiguration.java:319)
	at org.springframework.web.filter.CompositeFilter$VirtualFilterChain.doFilter(CompositeFilter.java:113)
	at org.springframework.web.servlet.handler.HandlerMappingIntrospector.lambda$createCacheFilter$4(HandlerMappingIntrospector.java:267)
	at org.springframework.web.filter.CompositeFilter$VirtualFilterChain.doFilter(CompositeFilter.java:113)
	at org.springframework.web.filter.CompositeFilter.doFilter(CompositeFilter.java:74)
	at org.springframework.security.config.annotation.web.configuration.WebMvcSecurityConfiguration$CompositeFilterChainProxy.doFilter(WebMvcSecurityConfiguration.java:240)
	at org.springframework.web.filter.DelegatingFilterProxy.invokeDelegate(DelegatingFilterProxy.java:362)
	at org.springframework.web.filter.DelegatingFilterProxy.doFilter(DelegatingFilterProxy.java:278)
	at org.apache.catalina.core.ApplicationFilterChain.internalDoFilter(ApplicationFilterChain.java:164)
	at org.apache.catalina.core.ApplicationFilterChain.doFilter(ApplicationFilterChain.java:140)
	at org.springframework.web.filter.RequestContextFilter.doFilterInternal(RequestContextFilter.java:100)
	at org.springframework.web.filter.OncePerRequestFilter.doFilter(OncePerRequestFilter.java:116)
	at org.apache.catalina.core.ApplicationFilterChain.internalDoFilter(ApplicationFilterChain.java:164)
	at org.apache.catalina.core.ApplicationFilterChain.doFilter(ApplicationFilterChain.java:140)
	at org.springframework.web.filter.FormContentFilter.doFilterInternal(FormContentFilter.java:93)
	at org.springframework.web.filter.OncePerRequestFilter.doFilter(OncePerRequestFilter.java:116)
	at org.apache.catalina.core.ApplicationFilterChain.internalDoFilter(ApplicationFilterChain.java:164)
	at org.apache.catalina.core.ApplicationFilterChain.doFilter(ApplicationFilterChain.java:140)
	at org.springframework.web.filter.CharacterEncodingFilter.doFilterInternal(CharacterEncodingFilter.java:201)
	at org.springframework.web.filter.OncePerRequestFilter.doFilter(OncePerRequestFilter.java:116)
	at org.apache.catalina.core.ApplicationFilterChain.internalDoFilter(ApplicationFilterChain.java:164)
	at org.apache.catalina.core.ApplicationFilterChain.doFilter(ApplicationFilterChain.java:140)
	at org.apache.catalina.core.StandardWrapperValve.invoke(StandardWrapperValve.java:167)
	at org.apache.catalina.core.StandardContextValve.invoke(StandardContextValve.java:90)
	at org.apache.catalina.authenticator.AuthenticatorBase.invoke(AuthenticatorBase.java:483)
	at org.apache.catalina.core.StandardHostValve.invoke(StandardHostValve.java:116)
	at org.apache.catalina.valves.ErrorReportValve.invoke(ErrorReportValve.java:93)
	at org.apache.catalina.core.StandardEngineValve.invoke(StandardEngineValve.java:74)
	at org.apache.catalina.connector.CoyoteAdapter.service(CoyoteAdapter.java:344)
	at org.apache.coyote.http11.Http11Processor.service(Http11Processor.java:398)
	at org.apache.coyote.AbstractProcessorLight.process(AbstractProcessorLight.java:63)
	at org.apache.coyote.AbstractProtocol$ConnectionHandler.process(AbstractProtocol.java:903)
	at org.apache.tomcat.util.net.NioEndpoint$SocketProcessor.doRun(NioEndpoint.java:1769)
	at org.apache.tomcat.util.net.SocketProcessorBase.run(SocketProcessorBase.java:52)
	at org.apache.tomcat.util.threads.ThreadPoolExecutor.runWorker(ThreadPoolExecutor.java:1189)
	at org.apache.tomcat.util.threads.ThreadPoolExecutor$Worker.run(ThreadPoolExecutor.java:658)
	at org.apache.tomcat.util.threads.TaskThread$WrappingRunnable.run(TaskThread.java:63)
	at java.base/java.lang.Thread.run(Thread.java:1583)
2025-08-30 13:33:09 [http-nio-8080-exec-1] WARN  o.s.w.s.m.m.a.ExceptionHandlerExceptionResolver - Resolved [org.springframework.web.servlet.resource.NoResourceFoundException: No static resource proveedores/ea3e7bb2-75d4-48b5-b219-fd802f035c4b.jpg.]
2025-08-30 13:33:09 [http-nio-8080-exec-1] INFO  c.e.b.s.logging.RequestLoggingFilter - [GET] /uploads/proveedores/ea3e7bb2-75d4-48b5-b219-fd802f035c4b.jpg -> 500 (65 ms)
2025-08-30 13:35:00 [SpringApplicationShutdownHook] INFO  o.s.b.w.e.tomcat.GracefulShutdown - Commencing graceful shutdown. Waiting for active requests to complete
2025-08-30 13:35:00 [tomcat-shutdown] INFO  o.s.b.w.e.tomcat.GracefulShutdown - Graceful shutdown complete
2025-08-30 13:35:00 [SpringApplicationShutdownHook] INFO  o.s.o.j.LocalContainerEntityManagerFactoryBean - Closing JPA EntityManagerFactory for persistence unit 'default'
2025-08-30 13:35:00 [SpringApplicationShutdownHook] INFO  com.zaxxer.hikari.HikariDataSource - HikariPool-1 - Shutdown initiated...
2025-08-30 13:35:00 [SpringApplicationShutdownHook] INFO  com.zaxxer.hikari.HikariDataSource - HikariPool-1 - Shutdown completed.
2025-08-30 13:35:06 [background-preinit] INFO  o.h.validator.internal.util.Version - HV000001: Hibernate Validator 8.0.2.Final
2025-08-30 13:35:06 [restartedMain] INFO  c.e.backend.PublicidadWebApplication - Starting PublicidadWebApplication using Java 21.0.6 with PID 10620 (C:\Users\jonii\OneDrive\Escritorio\Proyectos\MONOLITOS\SISTEMA DE PUBLICIDAD\Publicidad-Web\BackendPublicacionWeb\publicacionWeb\target\classes started by jonii in C:\Users\jonii\OneDrive\Escritorio\Proyectos\MONOLITOS\SISTEMA DE PUBLICIDAD\Publicidad-Web\BackendPublicacionWeb)
2025-08-30 13:35:06 [restartedMain] INFO  c.e.backend.PublicidadWebApplication - The following 1 profile is active: "dev"
2025-08-30 13:35:06 [restartedMain] INFO  o.s.b.d.e.DevToolsPropertyDefaultsPostProcessor - Devtools property defaults active! Set 'spring.devtools.add-properties' to 'false' to disable
2025-08-30 13:35:06 [restartedMain] INFO  o.s.b.d.e.DevToolsPropertyDefaultsPostProcessor - For additional web related logging consider setting the 'logging.level.web' property to 'DEBUG'
2025-08-30 13:35:08 [restartedMain] INFO  o.s.d.r.c.RepositoryConfigurationDelegate - Bootstrapping Spring Data JPA repositories in DEFAULT mode.
2025-08-30 13:35:08 [restartedMain] INFO  o.s.d.r.c.RepositoryConfigurationDelegate - Finished Spring Data repository scanning in 205 ms. Found 7 JPA repository interfaces.
2025-08-30 13:35:09 [restartedMain] INFO  o.s.b.w.e.tomcat.TomcatWebServer - Tomcat initialized with port 8080 (http)
2025-08-30 13:35:09 [restartedMain] INFO  o.a.coyote.http11.Http11NioProtocol - Initializing ProtocolHandler ["http-nio-8080"]
2025-08-30 13:35:09 [restartedMain] INFO  o.a.catalina.core.StandardService - Starting service [Tomcat]
2025-08-30 13:35:09 [restartedMain] INFO  o.a.catalina.core.StandardEngine - Starting Servlet engine: [Apache Tomcat/10.1.43]
2025-08-30 13:35:09 [restartedMain] INFO  o.a.c.c.C.[Tomcat].[localhost].[/] - Initializing Spring embedded WebApplicationContext
2025-08-30 13:35:09 [restartedMain] INFO  o.s.b.w.s.c.ServletWebServerApplicationContext - Root WebApplicationContext: initialization completed in 3383 ms
2025-08-30 13:35:09 [restartedMain] INFO  o.h.jpa.internal.util.LogHelper - HHH000204: Processing PersistenceUnitInfo [name: default]
2025-08-30 13:35:10 [restartedMain] INFO  org.hibernate.Version - HHH000412: Hibernate ORM core version 6.6.22.Final
2025-08-30 13:35:10 [restartedMain] INFO  o.h.c.i.RegionFactoryInitiator - HHH000026: Second-level cache disabled
2025-08-30 13:35:10 [restartedMain] INFO  o.s.o.j.p.SpringPersistenceUnitInfo - No LoadTimeWeaver setup: ignoring JPA class transformer
2025-08-30 13:35:10 [restartedMain] INFO  com.zaxxer.hikari.HikariDataSource - HikariPool-1 - Starting...
2025-08-30 13:35:10 [restartedMain] INFO  com.zaxxer.hikari.pool.HikariPool - HikariPool-1 - Added connection com.mysql.cj.jdbc.ConnectionImpl@42be02da
2025-08-30 13:35:10 [restartedMain] INFO  com.zaxxer.hikari.HikariDataSource - HikariPool-1 - Start completed.
2025-08-30 13:35:10 [restartedMain] WARN  org.hibernate.orm.deprecation - HHH90000025: MySQL8Dialect does not need to be specified explicitly using 'hibernate.dialect' (remove the property setting and it will be selected by default)
2025-08-30 13:35:10 [restartedMain] WARN  org.hibernate.orm.deprecation - HHH90000026: MySQL8Dialect has been deprecated; use org.hibernate.dialect.MySQLDialect instead
2025-08-30 13:35:10 [restartedMain] INFO  o.hibernate.orm.connections.pooling - HHH10001005: Database info:
	Database JDBC URL [Connecting through datasource 'HikariDataSource (HikariPool-1)']
	Database driver: undefined/unknown
	Database version: 8.0
	Autocommit mode: undefined/unknown
	Isolation level: undefined/unknown
	Minimum pool size: undefined/unknown
	Maximum pool size: undefined/unknown
2025-08-30 13:35:11 [restartedMain] INFO  o.h.e.t.j.p.i.JtaPlatformInitiator - HHH000489: No JTA platform available (set 'hibernate.transaction.jta.platform' to enable JTA platform integration)
2025-08-30 13:35:12 [restartedMain] INFO  o.s.o.j.LocalContainerEntityManagerFactoryBean - Initialized JPA EntityManagerFactory for persistence unit 'default'
2025-08-30 13:35:12 [restartedMain] INFO  c.e.b.users.service.UserService - Ejecutando inserción de usuario ADMIN inicial...
2025-08-30 13:35:12 [restartedMain] INFO  c.e.b.users.service.UserService - Usuario ADMIN insertado correctamente (si no existía).
2025-08-30 13:35:13 [restartedMain] INFO  o.s.d.j.r.query.QueryEnhancerFactory - Hibernate is in classpath; If applicable, HQL parser will be used.
2025-08-30 13:35:14 [restartedMain] INFO  o.s.s.c.a.a.c.InitializeAuthenticationProviderBeanManagerConfigurer$InitializeAuthenticationProviderManagerConfigurer - Global AuthenticationManager configured with AuthenticationProvider bean with name authenticationProvider
2025-08-30 13:35:14 [restartedMain] WARN  o.s.s.c.a.a.c.InitializeUserDetailsBeanManagerConfigurer$InitializeUserDetailsManagerConfigurer - Global AuthenticationManager configured with an AuthenticationProvider bean. UserDetailsService beans will not be used by Spring Security for automatically configuring username/password login. Consider removing the AuthenticationProvider bean. Alternatively, consider using the UserDetailsService in a manually instantiated DaoAuthenticationProvider. If the current configuration is intentional, to turn off this warning, increase the logging level of 'org.springframework.security.config.annotation.authentication.configuration.InitializeUserDetailsBeanManagerConfigurer' to ERROR
2025-08-30 13:35:14 [restartedMain] WARN  o.s.b.a.o.j.JpaBaseConfiguration$JpaWebConfiguration - spring.jpa.open-in-view is enabled by default. Therefore, database queries may be performed during view rendering. Explicitly configure spring.jpa.open-in-view to disable this warning
2025-08-30 13:35:15 [restartedMain] INFO  o.s.b.d.a.OptionalLiveReloadServer - LiveReload server is running on port 35729
2025-08-30 13:35:15 [restartedMain] INFO  o.a.coyote.http11.Http11NioProtocol - Starting ProtocolHandler ["http-nio-8080"]
2025-08-30 13:35:15 [restartedMain] INFO  o.s.b.w.e.tomcat.TomcatWebServer - Tomcat started on port 8080 (http) with context path '/'
2025-08-30 13:35:15 [restartedMain] INFO  c.e.backend.PublicidadWebApplication - Started PublicidadWebApplication in 10.18 seconds (process running for 10.985)
2025-08-30 13:35:21 [http-nio-8080-exec-1] INFO  o.a.c.c.C.[Tomcat].[localhost].[/] - Initializing Spring DispatcherServlet 'dispatcherServlet'
2025-08-30 13:35:21 [http-nio-8080-exec-1] INFO  o.s.web.servlet.DispatcherServlet - Initializing Servlet 'dispatcherServlet'
2025-08-30 13:35:21 [http-nio-8080-exec-1] INFO  o.s.web.servlet.DispatcherServlet - Completed initialization in 1 ms
2025-08-30 13:35:21 [http-nio-8080-exec-1] ERROR c.e.b.s.e.GlobalExceptionHandler - 🔥 Excepción no controlada: No static resource proveedores/ea3e7bb2-75d4-48b5-b219-fd802f035c4b.jpg.
org.springframework.web.servlet.resource.NoResourceFoundException: No static resource proveedores/ea3e7bb2-75d4-48b5-b219-fd802f035c4b.jpg.
	at org.springframework.web.servlet.resource.ResourceHttpRequestHandler.handleRequest(ResourceHttpRequestHandler.java:585)
	at org.springframework.web.servlet.mvc.HttpRequestHandlerAdapter.handle(HttpRequestHandlerAdapter.java:52)
	at org.springframework.web.servlet.DispatcherServlet.doDispatch(DispatcherServlet.java:1089)
	at org.springframework.web.servlet.DispatcherServlet.doService(DispatcherServlet.java:979)
	at org.springframework.web.servlet.FrameworkServlet.processRequest(FrameworkServlet.java:1014)
	at org.springframework.web.servlet.FrameworkServlet.doGet(FrameworkServlet.java:903)
	at jakarta.servlet.http.HttpServlet.service(HttpServlet.java:564)
	at org.springframework.web.servlet.FrameworkServlet.service(FrameworkServlet.java:885)
	at jakarta.servlet.http.HttpServlet.service(HttpServlet.java:658)
	at org.apache.catalina.core.ApplicationFilterChain.internalDoFilter(ApplicationFilterChain.java:195)
	at org.apache.catalina.core.ApplicationFilterChain.doFilter(ApplicationFilterChain.java:140)
	at org.apache.tomcat.websocket.server.WsFilter.doFilter(WsFilter.java:51)
	at org.apache.catalina.core.ApplicationFilterChain.internalDoFilter(ApplicationFilterChain.java:164)
	at org.apache.catalina.core.ApplicationFilterChain.doFilter(ApplicationFilterChain.java:140)
	at com.example.backend.shared.logging.RequestLoggingFilter.doFilterInternal(RequestLoggingFilter.java:29)
	at org.springframework.web.filter.OncePerRequestFilter.doFilter(OncePerRequestFilter.java:116)
	at org.apache.catalina.core.ApplicationFilterChain.internalDoFilter(ApplicationFilterChain.java:164)
	at org.apache.catalina.core.ApplicationFilterChain.doFilter(ApplicationFilterChain.java:140)
	at org.springframework.web.filter.OncePerRequestFilter.doFilter(OncePerRequestFilter.java:110)
	at org.apache.catalina.core.ApplicationFilterChain.internalDoFilter(ApplicationFilterChain.java:164)
	at org.apache.catalina.core.ApplicationFilterChain.doFilter(ApplicationFilterChain.java:140)
	at org.springframework.web.filter.CompositeFilter$VirtualFilterChain.doFilter(CompositeFilter.java:108)
	at org.springframework.web.filter.CompositeFilter$VirtualFilterChain.doFilter(CompositeFilter.java:108)
	at org.springframework.security.web.FilterChainProxy.lambda$doFilterInternal$3(FilterChainProxy.java:231)
	at org.springframework.security.web.FilterChainProxy$VirtualFilterChain.doFilter(FilterChainProxy.java:365)
	at org.springframework.security.web.access.intercept.AuthorizationFilter.doFilter(AuthorizationFilter.java:101)
	at org.springframework.security.web.FilterChainProxy$VirtualFilterChain.doFilter(FilterChainProxy.java:374)
	at org.springframework.security.web.access.ExceptionTranslationFilter.doFilter(ExceptionTranslationFilter.java:125)
	at org.springframework.security.web.access.ExceptionTranslationFilter.doFilter(ExceptionTranslationFilter.java:119)
	at org.springframework.security.web.FilterChainProxy$VirtualFilterChain.doFilter(FilterChainProxy.java:374)
	at org.springframework.security.web.session.SessionManagementFilter.doFilter(SessionManagementFilter.java:131)
	at org.springframework.security.web.session.SessionManagementFilter.doFilter(SessionManagementFilter.java:85)
	at org.springframework.security.web.FilterChainProxy$VirtualFilterChain.doFilter(FilterChainProxy.java:374)
	at org.springframework.security.web.authentication.AnonymousAuthenticationFilter.doFilter(AnonymousAuthenticationFilter.java:100)
	at org.springframework.security.web.FilterChainProxy$VirtualFilterChain.doFilter(FilterChainProxy.java:374)
	at org.springframework.security.web.servletapi.SecurityContextHolderAwareRequestFilter.doFilter(SecurityContextHolderAwareRequestFilter.java:179)
	at org.springframework.security.web.FilterChainProxy$VirtualFilterChain.doFilter(FilterChainProxy.java:374)
	at org.springframework.security.web.savedrequest.RequestCacheAwareFilter.doFilter(RequestCacheAwareFilter.java:63)
	at org.springframework.security.web.FilterChainProxy$VirtualFilterChain.doFilter(FilterChainProxy.java:374)
	at com.example.backend.config.security.JwtCookieAuthenticationFilter.doFilterInternal(JwtCookieAuthenticationFilter.java:62)
	at org.springframework.web.filter.OncePerRequestFilter.doFilter(OncePerRequestFilter.java:116)
	at org.springframework.security.web.FilterChainProxy$VirtualFilterChain.doFilter(FilterChainProxy.java:374)
	at org.springframework.security.web.authentication.AbstractAuthenticationProcessingFilter.doFilter(AbstractAuthenticationProcessingFilter.java:235)
	at org.springframework.security.web.authentication.AbstractAuthenticationProcessingFilter.doFilter(AbstractAuthenticationProcessingFilter.java:229)
	at org.springframework.security.web.FilterChainProxy$VirtualFilterChain.doFilter(FilterChainProxy.java:374)
	at org.springframework.security.oauth2.client.web.OAuth2AuthorizationRequestRedirectFilter.doFilterInternal(OAuth2AuthorizationRequestRedirectFilter.java:198)
	at org.springframework.web.filter.OncePerRequestFilter.doFilter(OncePerRequestFilter.java:116)
	at org.springframework.security.web.FilterChainProxy$VirtualFilterChain.doFilter(FilterChainProxy.java:374)
	at org.springframework.security.web.authentication.logout.LogoutFilter.doFilter(LogoutFilter.java:107)
	at org.springframework.security.web.authentication.logout.LogoutFilter.doFilter(LogoutFilter.java:93)
	at org.springframework.security.web.FilterChainProxy$VirtualFilterChain.doFilter(FilterChainProxy.java:374)
	at org.springframework.web.filter.CorsFilter.doFilterInternal(CorsFilter.java:91)
	at org.springframework.web.filter.OncePerRequestFilter.doFilter(OncePerRequestFilter.java:116)
	at org.springframework.security.web.FilterChainProxy$VirtualFilterChain.doFilter(FilterChainProxy.java:374)
	at org.springframework.security.web.header.HeaderWriterFilter.doHeadersAfter(HeaderWriterFilter.java:90)
	at org.springframework.security.web.header.HeaderWriterFilter.doFilterInternal(HeaderWriterFilter.java:75)
	at org.springframework.web.filter.OncePerRequestFilter.doFilter(OncePerRequestFilter.java:116)
	at org.springframework.security.web.FilterChainProxy$VirtualFilterChain.doFilter(FilterChainProxy.java:374)
	at org.springframework.security.web.context.SecurityContextHolderFilter.doFilter(SecurityContextHolderFilter.java:82)
	at org.springframework.security.web.context.SecurityContextHolderFilter.doFilter(SecurityContextHolderFilter.java:69)
	at org.springframework.security.web.FilterChainProxy$VirtualFilterChain.doFilter(FilterChainProxy.java:374)
	at org.springframework.security.web.context.request.async.WebAsyncManagerIntegrationFilter.doFilterInternal(WebAsyncManagerIntegrationFilter.java:62)
	at org.springframework.web.filter.OncePerRequestFilter.doFilter(OncePerRequestFilter.java:116)
	at org.springframework.security.web.FilterChainProxy$VirtualFilterChain.doFilter(FilterChainProxy.java:374)
	at org.springframework.security.web.session.DisableEncodeUrlFilter.doFilterInternal(DisableEncodeUrlFilter.java:42)
	at org.springframework.web.filter.OncePerRequestFilter.doFilter(OncePerRequestFilter.java:116)
	at org.springframework.security.web.FilterChainProxy$VirtualFilterChain.doFilter(FilterChainProxy.java:374)
	at org.springframework.security.web.FilterChainProxy.doFilterInternal(FilterChainProxy.java:233)
	at org.springframework.security.web.FilterChainProxy.doFilter(FilterChainProxy.java:191)
	at org.springframework.web.filter.CompositeFilter$VirtualFilterChain.doFilter(CompositeFilter.java:113)
	at org.springframework.web.filter.ServletRequestPathFilter.doFilter(ServletRequestPathFilter.java:52)
	at org.springframework.web.filter.CompositeFilter$VirtualFilterChain.doFilter(CompositeFilter.java:113)
	at org.springframework.web.filter.CompositeFilter.doFilter(CompositeFilter.java:74)
	at org.springframework.security.config.annotation.web.configuration.WebSecurityConfiguration$CompositeFilterChainProxy.doFilter(WebSecurityConfiguration.java:319)
	at org.springframework.web.filter.CompositeFilter$VirtualFilterChain.doFilter(CompositeFilter.java:113)
	at org.springframework.web.servlet.handler.HandlerMappingIntrospector.lambda$createCacheFilter$4(HandlerMappingIntrospector.java:267)
	at org.springframework.web.filter.CompositeFilter$VirtualFilterChain.doFilter(CompositeFilter.java:113)
	at org.springframework.web.filter.CompositeFilter.doFilter(CompositeFilter.java:74)
	at org.springframework.security.config.annotation.web.configuration.WebMvcSecurityConfiguration$CompositeFilterChainProxy.doFilter(WebMvcSecurityConfiguration.java:240)
	at org.springframework.web.filter.DelegatingFilterProxy.invokeDelegate(DelegatingFilterProxy.java:362)
	at org.springframework.web.filter.DelegatingFilterProxy.doFilter(DelegatingFilterProxy.java:278)
	at org.apache.catalina.core.ApplicationFilterChain.internalDoFilter(ApplicationFilterChain.java:164)
	at org.apache.catalina.core.ApplicationFilterChain.doFilter(ApplicationFilterChain.java:140)
	at org.springframework.web.filter.RequestContextFilter.doFilterInternal(RequestContextFilter.java:100)
	at org.springframework.web.filter.OncePerRequestFilter.doFilter(OncePerRequestFilter.java:116)
	at org.apache.catalina.core.ApplicationFilterChain.internalDoFilter(ApplicationFilterChain.java:164)
	at org.apache.catalina.core.ApplicationFilterChain.doFilter(ApplicationFilterChain.java:140)
	at org.springframework.web.filter.FormContentFilter.doFilterInternal(FormContentFilter.java:93)
	at org.springframework.web.filter.OncePerRequestFilter.doFilter(OncePerRequestFilter.java:116)
	at org.apache.catalina.core.ApplicationFilterChain.internalDoFilter(ApplicationFilterChain.java:164)
	at org.apache.catalina.core.ApplicationFilterChain.doFilter(ApplicationFilterChain.java:140)
	at org.springframework.web.filter.CharacterEncodingFilter.doFilterInternal(CharacterEncodingFilter.java:201)
	at org.springframework.web.filter.OncePerRequestFilter.doFilter(OncePerRequestFilter.java:116)
	at org.apache.catalina.core.ApplicationFilterChain.internalDoFilter(ApplicationFilterChain.java:164)
	at org.apache.catalina.core.ApplicationFilterChain.doFilter(ApplicationFilterChain.java:140)
	at org.apache.catalina.core.StandardWrapperValve.invoke(StandardWrapperValve.java:167)
	at org.apache.catalina.core.StandardContextValve.invoke(StandardContextValve.java:90)
	at org.apache.catalina.authenticator.AuthenticatorBase.invoke(AuthenticatorBase.java:483)
	at org.apache.catalina.core.StandardHostValve.invoke(StandardHostValve.java:116)
	at org.apache.catalina.valves.ErrorReportValve.invoke(ErrorReportValve.java:93)
	at org.apache.catalina.core.StandardEngineValve.invoke(StandardEngineValve.java:74)
	at org.apache.catalina.connector.CoyoteAdapter.service(CoyoteAdapter.java:344)
	at org.apache.coyote.http11.Http11Processor.service(Http11Processor.java:398)
	at org.apache.coyote.AbstractProcessorLight.process(AbstractProcessorLight.java:63)
	at org.apache.coyote.AbstractProtocol$ConnectionHandler.process(AbstractProtocol.java:903)
	at org.apache.tomcat.util.net.NioEndpoint$SocketProcessor.doRun(NioEndpoint.java:1769)
	at org.apache.tomcat.util.net.SocketProcessorBase.run(SocketProcessorBase.java:52)
	at org.apache.tomcat.util.threads.ThreadPoolExecutor.runWorker(ThreadPoolExecutor.java:1189)
	at org.apache.tomcat.util.threads.ThreadPoolExecutor$Worker.run(ThreadPoolExecutor.java:658)
	at org.apache.tomcat.util.threads.TaskThread$WrappingRunnable.run(TaskThread.java:63)
	at java.base/java.lang.Thread.run(Thread.java:1583)
2025-08-30 13:35:21 [http-nio-8080-exec-1] WARN  o.s.w.s.m.m.a.ExceptionHandlerExceptionResolver - Resolved [org.springframework.web.servlet.resource.NoResourceFoundException: No static resource proveedores/ea3e7bb2-75d4-48b5-b219-fd802f035c4b.jpg.]
2025-08-30 13:35:21 [http-nio-8080-exec-1] INFO  c.e.b.s.logging.RequestLoggingFilter - [GET] /uploads/proveedores/ea3e7bb2-75d4-48b5-b219-fd802f035c4b.jpg -> 500 (59 ms)
2025-08-30 13:35:46 [SpringApplicationShutdownHook] INFO  o.s.b.w.e.tomcat.GracefulShutdown - Commencing graceful shutdown. Waiting for active requests to complete
2025-08-30 13:35:46 [tomcat-shutdown] INFO  o.s.b.w.e.tomcat.GracefulShutdown - Graceful shutdown complete
2025-08-30 13:35:46 [SpringApplicationShutdownHook] INFO  o.s.o.j.LocalContainerEntityManagerFactoryBean - Closing JPA EntityManagerFactory for persistence unit 'default'
2025-08-30 13:35:46 [SpringApplicationShutdownHook] INFO  com.zaxxer.hikari.HikariDataSource - HikariPool-1 - Shutdown initiated...
2025-08-30 13:35:46 [SpringApplicationShutdownHook] INFO  com.zaxxer.hikari.HikariDataSource - HikariPool-1 - Shutdown completed.
2025-08-30 13:35:51 [background-preinit] INFO  o.h.validator.internal.util.Version - HV000001: Hibernate Validator 8.0.2.Final
2025-08-30 13:35:51 [restartedMain] INFO  c.e.backend.PublicidadWebApplication - Starting PublicidadWebApplication using Java 21.0.6 with PID 7412 (C:\Users\jonii\OneDrive\Escritorio\Proyectos\MONOLITOS\SISTEMA DE PUBLICIDAD\Publicidad-Web\BackendPublicacionWeb\publicacionWeb\target\classes started by jonii in C:\Users\jonii\OneDrive\Escritorio\Proyectos\MONOLITOS\SISTEMA DE PUBLICIDAD\Publicidad-Web\BackendPublicacionWeb)
2025-08-30 13:35:51 [restartedMain] INFO  c.e.backend.PublicidadWebApplication - The following 1 profile is active: "dev"
2025-08-30 13:35:51 [restartedMain] INFO  o.s.b.d.e.DevToolsPropertyDefaultsPostProcessor - Devtools property defaults active! Set 'spring.devtools.add-properties' to 'false' to disable
2025-08-30 13:35:51 [restartedMain] INFO  o.s.b.d.e.DevToolsPropertyDefaultsPostProcessor - For additional web related logging consider setting the 'logging.level.web' property to 'DEBUG'
2025-08-30 13:35:53 [restartedMain] INFO  o.s.d.r.c.RepositoryConfigurationDelegate - Bootstrapping Spring Data JPA repositories in DEFAULT mode.
2025-08-30 13:35:53 [restartedMain] INFO  o.s.d.r.c.RepositoryConfigurationDelegate - Finished Spring Data repository scanning in 193 ms. Found 7 JPA repository interfaces.
2025-08-30 13:35:55 [restartedMain] INFO  o.s.b.w.e.tomcat.TomcatWebServer - Tomcat initialized with port 8080 (http)
2025-08-30 13:35:55 [restartedMain] INFO  o.a.coyote.http11.Http11NioProtocol - Initializing ProtocolHandler ["http-nio-8080"]
2025-08-30 13:35:55 [restartedMain] INFO  o.a.catalina.core.StandardService - Starting service [Tomcat]
2025-08-30 13:35:55 [restartedMain] INFO  o.a.catalina.core.StandardEngine - Starting Servlet engine: [Apache Tomcat/10.1.43]
2025-08-30 13:35:55 [restartedMain] INFO  o.a.c.c.C.[Tomcat].[localhost].[/] - Initializing Spring embedded WebApplicationContext
2025-08-30 13:35:55 [restartedMain] INFO  o.s.b.w.s.c.ServletWebServerApplicationContext - Root WebApplicationContext: initialization completed in 3377 ms
2025-08-30 13:35:55 [restartedMain] INFO  o.h.jpa.internal.util.LogHelper - HHH000204: Processing PersistenceUnitInfo [name: default]
2025-08-30 13:35:55 [restartedMain] INFO  org.hibernate.Version - HHH000412: Hibernate ORM core version 6.6.22.Final
2025-08-30 13:35:55 [restartedMain] INFO  o.h.c.i.RegionFactoryInitiator - HHH000026: Second-level cache disabled
2025-08-30 13:35:56 [restartedMain] INFO  o.s.o.j.p.SpringPersistenceUnitInfo - No LoadTimeWeaver setup: ignoring JPA class transformer
2025-08-30 13:35:56 [restartedMain] INFO  com.zaxxer.hikari.HikariDataSource - HikariPool-1 - Starting...
2025-08-30 13:35:56 [restartedMain] INFO  com.zaxxer.hikari.pool.HikariPool - HikariPool-1 - Added connection com.mysql.cj.jdbc.ConnectionImpl@508a736e
2025-08-30 13:35:56 [restartedMain] INFO  com.zaxxer.hikari.HikariDataSource - HikariPool-1 - Start completed.
2025-08-30 13:35:56 [restartedMain] WARN  org.hibernate.orm.deprecation - HHH90000025: MySQL8Dialect does not need to be specified explicitly using 'hibernate.dialect' (remove the property setting and it will be selected by default)
2025-08-30 13:35:56 [restartedMain] WARN  org.hibernate.orm.deprecation - HHH90000026: MySQL8Dialect has been deprecated; use org.hibernate.dialect.MySQLDialect instead
2025-08-30 13:35:56 [restartedMain] INFO  o.hibernate.orm.connections.pooling - HHH10001005: Database info:
	Database JDBC URL [Connecting through datasource 'HikariDataSource (HikariPool-1)']
	Database driver: undefined/unknown
	Database version: 8.0
	Autocommit mode: undefined/unknown
	Isolation level: undefined/unknown
	Minimum pool size: undefined/unknown
	Maximum pool size: undefined/unknown
2025-08-30 13:35:57 [restartedMain] INFO  o.h.e.t.j.p.i.JtaPlatformInitiator - HHH000489: No JTA platform available (set 'hibernate.transaction.jta.platform' to enable JTA platform integration)
2025-08-30 13:35:57 [restartedMain] INFO  o.s.o.j.LocalContainerEntityManagerFactoryBean - Initialized JPA EntityManagerFactory for persistence unit 'default'
2025-08-30 13:35:58 [restartedMain] INFO  c.e.b.users.service.UserService - Ejecutando inserción de usuario ADMIN inicial...
2025-08-30 13:35:58 [restartedMain] INFO  c.e.b.users.service.UserService - Usuario ADMIN insertado correctamente (si no existía).
2025-08-30 13:35:58 [restartedMain] INFO  o.s.d.j.r.query.QueryEnhancerFactory - Hibernate is in classpath; If applicable, HQL parser will be used.
2025-08-30 13:36:00 [restartedMain] INFO  o.s.s.c.a.a.c.InitializeAuthenticationProviderBeanManagerConfigurer$InitializeAuthenticationProviderManagerConfigurer - Global AuthenticationManager configured with AuthenticationProvider bean with name authenticationProvider
2025-08-30 13:36:00 [restartedMain] WARN  o.s.s.c.a.a.c.InitializeUserDetailsBeanManagerConfigurer$InitializeUserDetailsManagerConfigurer - Global AuthenticationManager configured with an AuthenticationProvider bean. UserDetailsService beans will not be used by Spring Security for automatically configuring username/password login. Consider removing the AuthenticationProvider bean. Alternatively, consider using the UserDetailsService in a manually instantiated DaoAuthenticationProvider. If the current configuration is intentional, to turn off this warning, increase the logging level of 'org.springframework.security.config.annotation.authentication.configuration.InitializeUserDetailsBeanManagerConfigurer' to ERROR
2025-08-30 13:36:00 [restartedMain] WARN  o.s.b.a.o.j.JpaBaseConfiguration$JpaWebConfiguration - spring.jpa.open-in-view is enabled by default. Therefore, database queries may be performed during view rendering. Explicitly configure spring.jpa.open-in-view to disable this warning
2025-08-30 13:36:01 [restartedMain] INFO  o.s.b.d.a.OptionalLiveReloadServer - LiveReload server is running on port 35729
2025-08-30 13:36:01 [restartedMain] INFO  o.a.coyote.http11.Http11NioProtocol - Starting ProtocolHandler ["http-nio-8080"]
2025-08-30 13:36:01 [restartedMain] INFO  o.s.b.w.e.tomcat.TomcatWebServer - Tomcat started on port 8080 (http) with context path '/'
2025-08-30 13:36:01 [restartedMain] INFO  c.e.backend.PublicidadWebApplication - Started PublicidadWebApplication in 10.227 seconds (process running for 11.06)
2025-08-30 13:36:05 [http-nio-8080-exec-1] INFO  o.a.c.c.C.[Tomcat].[localhost].[/] - Initializing Spring DispatcherServlet 'dispatcherServlet'
2025-08-30 13:36:05 [http-nio-8080-exec-1] INFO  o.s.web.servlet.DispatcherServlet - Initializing Servlet 'dispatcherServlet'
2025-08-30 13:36:05 [http-nio-8080-exec-1] INFO  o.s.web.servlet.DispatcherServlet - Completed initialization in 1 ms
2025-08-30 13:36:05 [http-nio-8080-exec-1] INFO  c.e.b.s.logging.RequestLoggingFilter - [GET] /uploads/proveedores/ea3e7bb2-75d4-48b5-b219-fd802f035c4b.jpg -> 200 (24 ms)
2025-08-30 13:36:13 [http-nio-8080-exec-3] INFO  c.e.b.c.c.c.CategoryController - Petición recibida para listar todas las categorías
2025-08-30 13:36:13 [http-nio-8080-exec-3] INFO  c.e.b.c.service.CategoryService - Recuperando todas las categorías...
2025-08-30 13:36:13 [http-nio-8080-exec-3] INFO  c.e.b.c.s.i.GetAllCategories - → [GetAllCategories] Solicitud para obtener todas las categorías ordenadas por nombre
2025-08-30 13:36:13 [http-nio-8080-exec-3] INFO  c.e.b.c.s.i.GetAllCategories - ✓ [GetAllCategories] Se recuperaron 6 categorías
2025-08-30 13:36:13 [http-nio-8080-exec-3] INFO  c.e.b.c.service.CategoryService - Se recuperaron 6 categorías
2025-08-30 13:36:13 [http-nio-8080-exec-3] INFO  c.e.b.c.c.c.CategoryController - Se recuperaron 6 categorías
2025-08-30 13:36:13 [http-nio-8080-exec-10] INFO  c.e.b.p.c.c.ProviderController - → [ProviderController] Solicitud para listar proveedores paginados | page=0 | size=5
2025-08-30 13:36:13 [http-nio-8080-exec-10] INFO  c.e.b.p.service.ProviderService - → [ProviderService] Iniciando recuperación de prestadores | página=0 | size=5
2025-08-30 13:36:13 [http-nio-8080-exec-3] INFO  c.e.b.s.logging.RequestLoggingFilter - [GET] /api/categories/getAll -> 200 (128 ms)
2025-08-30 13:36:13 [http-nio-8080-exec-8] INFO  c.e.b.c.c.c.CategoryController - Petición recibida para listar todas las categorías
2025-08-30 13:36:13 [http-nio-8080-exec-8] INFO  c.e.b.c.service.CategoryService - Recuperando todas las categorías...
2025-08-30 13:36:13 [http-nio-8080-exec-8] INFO  c.e.b.c.s.i.GetAllCategories - → [GetAllCategories] Solicitud para obtener todas las categorías ordenadas por nombre
2025-08-30 13:36:13 [http-nio-8080-exec-8] INFO  c.e.b.c.s.i.GetAllCategories - ✓ [GetAllCategories] Se recuperaron 6 categorías
2025-08-30 13:36:13 [http-nio-8080-exec-8] INFO  c.e.b.c.service.CategoryService - Se recuperaron 6 categorías
2025-08-30 13:36:13 [http-nio-8080-exec-8] INFO  c.e.b.c.c.c.CategoryController - Se recuperaron 6 categorías
2025-08-30 13:36:13 [http-nio-8080-exec-8] INFO  c.e.b.s.logging.RequestLoggingFilter - [GET] /api/categories/getAll -> 200 (8 ms)
2025-08-30 13:36:13 [http-nio-8080-exec-10] INFO  c.e.b.p.service.ProviderService - ✓ [ProviderService] Recuperados 5 prestadores | página=0 de 3 | totalElements=13
2025-08-30 13:36:13 [http-nio-8080-exec-10] INFO  c.e.b.p.c.c.ProviderController - ✓ [ProviderController] Se recuperaron 5 proveedores en la página 0 de 3 (total elementos=13)
2025-08-30 13:36:13 [http-nio-8080-exec-10] WARN  o.s.d.w.c.SpringDataJacksonConfiguration$PageModule$WarningLoggingModifier - Serializing PageImpl instances as-is is not supported, meaning that there is no guarantee about the stability of the resulting JSON structure!
	For a stable JSON structure, please use Spring Data's PagedModel (globally via @EnableSpringDataWebSupport(pageSerializationMode = VIA_DTO))
	or Spring HATEOAS and Spring Data's PagedResourcesAssembler as documented in https://docs.spring.io/spring-data/commons/reference/repositories/core-extensions.html#core.web.pageables.

2025-08-30 13:36:13 [http-nio-8080-exec-10] INFO  c.e.b.s.logging.RequestLoggingFilter - [GET] /api/providers/paged -> 200 (173 ms)
2025-08-30 13:36:13 [http-nio-8080-exec-7] INFO  c.e.b.p.c.c.ProviderController - → [ProviderController] Solicitud para listar proveedores paginados | page=0 | size=5
2025-08-30 13:36:13 [http-nio-8080-exec-7] INFO  c.e.b.p.service.ProviderService - → [ProviderService] Iniciando recuperación de prestadores | página=0 | size=5
2025-08-30 13:36:13 [http-nio-8080-exec-7] INFO  c.e.b.p.service.ProviderService - ✓ [ProviderService] Recuperados 5 prestadores | página=0 de 3 | totalElements=13
2025-08-30 13:36:13 [http-nio-8080-exec-7] INFO  c.e.b.p.c.c.ProviderController - ✓ [ProviderController] Se recuperaron 5 proveedores en la página 0 de 3 (total elementos=13)
2025-08-30 13:36:13 [http-nio-8080-exec-7] INFO  c.e.b.s.logging.RequestLoggingFilter - [GET] /api/providers/paged -> 200 (32 ms)
2025-08-30 13:36:13 [http-nio-8080-exec-9] INFO  c.e.b.p.c.c.ProviderController - → [ProviderController] Solicitud para listar proveedores paginados | page=0 | size=5
2025-08-30 13:36:13 [http-nio-8080-exec-9] INFO  c.e.b.p.service.ProviderService - → [ProviderService] Iniciando recuperación de prestadores | página=0 | size=5
2025-08-30 13:36:14 [http-nio-8080-exec-9] INFO  c.e.b.p.service.ProviderService - ✓ [ProviderService] Recuperados 5 prestadores | página=0 de 3 | totalElements=13
2025-08-30 13:36:14 [http-nio-8080-exec-9] INFO  c.e.b.p.c.c.ProviderController - ✓ [ProviderController] Se recuperaron 5 proveedores en la página 0 de 3 (total elementos=13)
2025-08-30 13:36:14 [http-nio-8080-exec-9] INFO  c.e.b.s.logging.RequestLoggingFilter - [GET] /api/providers/paged -> 200 (30 ms)
2025-08-30 13:36:18 [http-nio-8080-exec-4] INFO  c.e.b.p.c.c.ProviderController - → [ProviderController] Solicitud para listar proveedores paginados | page=1 | size=5
2025-08-30 13:36:18 [http-nio-8080-exec-4] INFO  c.e.b.p.service.ProviderService - → [ProviderService] Iniciando recuperación de prestadores | página=1 | size=5
2025-08-30 13:36:18 [http-nio-8080-exec-4] INFO  c.e.b.p.service.ProviderService - ✓ [ProviderService] Recuperados 5 prestadores | página=1 de 3 | totalElements=13
2025-08-30 13:36:18 [http-nio-8080-exec-4] INFO  c.e.b.p.c.c.ProviderController - ✓ [ProviderController] Se recuperaron 5 proveedores en la página 1 de 3 (total elementos=13)
2025-08-30 13:36:18 [http-nio-8080-exec-4] INFO  c.e.b.s.logging.RequestLoggingFilter - [GET] /api/providers/paged -> 200 (33 ms)
2025-08-30 13:36:18 [http-nio-8080-exec-2] INFO  c.e.b.s.logging.RequestLoggingFilter - [GET] /uploads/proveedores/ea3e7bb2-75d4-48b5-b219-fd802f035c4b.jpg -> 200 (3 ms)
2025-08-30 13:36:18 [http-nio-8080-exec-1] INFO  c.e.b.s.logging.RequestLoggingFilter - [GET] /uploads/proveedores/c4f2e8ea-6d56-400f-9b1f-92ce2567530e.jpg -> 200 (3 ms)
2025-08-30 13:36:19 [http-nio-8080-exec-5] INFO  c.e.b.p.c.c.ProviderController - → [ProviderController] Solicitud para listar proveedores paginados | page=2 | size=5
2025-08-30 13:36:19 [http-nio-8080-exec-5] INFO  c.e.b.p.service.ProviderService - → [ProviderService] Iniciando recuperación de prestadores | página=2 | size=5
2025-08-30 13:36:19 [http-nio-8080-exec-5] INFO  c.e.b.p.service.ProviderService - ✓ [ProviderService] Recuperados 3 prestadores | página=2 de 3 | totalElements=13
2025-08-30 13:36:19 [http-nio-8080-exec-5] INFO  c.e.b.p.c.c.ProviderController - ✓ [ProviderController] Se recuperaron 3 proveedores en la página 2 de 3 (total elementos=13)
2025-08-30 13:36:19 [http-nio-8080-exec-5] INFO  c.e.b.s.logging.RequestLoggingFilter - [GET] /api/providers/paged -> 200 (18 ms)
2025-08-30 13:36:19 [http-nio-8080-exec-6] INFO  c.e.b.s.logging.RequestLoggingFilter - [GET] /uploads/proveedores/3a75494f-438f-4af7-86e0-9e95938a0cfd.png -> 200 (4 ms)
2025-08-30 13:36:19 [http-nio-8080-exec-3] INFO  c.e.b.s.logging.RequestLoggingFilter - [GET] /uploads/proveedores/8fa6f2ac-ea85-49b3-b313-4d15d9a7b5a9.png -> 200 (3 ms)
2025-08-30 13:36:53 [http-nio-8080-exec-9] INFO  c.e.b.u.c.controllers.UserController - Intentando registrar un nuevo usuario con email: jime@illescas.com
2025-08-30 13:36:53 [http-nio-8080-exec-9] INFO  c.e.b.users.service.UserService - Registrando nuevo usuario con email: jime@illescas.com
2025-08-30 13:36:53 [http-nio-8080-exec-9] INFO  c.e.b.u.s.implement.RegisterUser - Iniciando registro de usuario con email: jime@illescas.com y username: jimenaIlles
2025-08-30 13:36:53 [http-nio-8080-exec-9] WARN  o.h.e.jdbc.spi.SqlExceptionHelper - SQL Error: 1364, SQLState: HY000
2025-08-30 13:36:53 [http-nio-8080-exec-9] ERROR o.h.e.jdbc.spi.SqlExceptionHelper - Field 'updated_at' doesn't have a default value
2025-08-30 13:36:53 [http-nio-8080-exec-9] ERROR c.e.b.s.e.GlobalExceptionHandler - 🔥 Excepción no controlada: could not execute statement [Field 'updated_at' doesn't have a default value] [insert into usuarios (account_locked,created_at,created_by,email,enabled,last_login_at,login_attempts,modified_at,modified_by,password,password_changed_at,role,username) values (?,?,?,?,?,?,?,?,?,?,?,?,?)]
org.springframework.orm.jpa.JpaSystemException: could not execute statement [Field 'updated_at' doesn't have a default value] [insert into usuarios (account_locked,created_at,created_by,email,enabled,last_login_at,login_attempts,modified_at,modified_by,password,password_changed_at,role,username) values (?,?,?,?,?,?,?,?,?,?,?,?,?)]
	at org.springframework.orm.jpa.vendor.HibernateJpaDialect.convertHibernateAccessException(HibernateJpaDialect.java:348)
	at org.springframework.orm.jpa.vendor.HibernateJpaDialect.convertHibernateAccessException(HibernateJpaDialect.java:256)
	at org.springframework.orm.jpa.vendor.HibernateJpaDialect.translateExceptionIfPossible(HibernateJpaDialect.java:241)
	at org.springframework.orm.jpa.AbstractEntityManagerFactoryBean.translateExceptionIfPossible(AbstractEntityManagerFactoryBean.java:560)
	at org.springframework.dao.support.ChainedPersistenceExceptionTranslator.translateExceptionIfPossible(ChainedPersistenceExceptionTranslator.java:61)
	at org.springframework.dao.support.DataAccessUtils.translateIfNecessary(DataAccessUtils.java:343)
	at org.springframework.dao.support.PersistenceExceptionTranslationInterceptor.invoke(PersistenceExceptionTranslationInterceptor.java:160)
	at org.springframework.aop.framework.ReflectiveMethodInvocation.proceed(ReflectiveMethodInvocation.java:184)
	at org.springframework.data.jpa.repository.support.CrudMethodMetadataPostProcessor$CrudMethodMetadataPopulatingMethodInterceptor.invoke(CrudMethodMetadataPostProcessor.java:165)
	at org.springframework.aop.framework.ReflectiveMethodInvocation.proceed(ReflectiveMethodInvocation.java:184)
	at org.springframework.aop.framework.JdkDynamicAopProxy.invoke(JdkDynamicAopProxy.java:223)
	at jdk.proxy4/jdk.proxy4.$Proxy170.save(Unknown Source)
	at com.example.backend.users.service.implement.RegisterUser.execute(RegisterUser.java:55)
	at com.example.backend.users.service.UserService.save(UserService.java:46)
	at com.example.backend.users.controller.controllers.UserController.userRegister(UserController.java:48)
	at java.base/jdk.internal.reflect.DirectMethodHandleAccessor.invoke(DirectMethodHandleAccessor.java:103)
	at java.base/java.lang.reflect.Method.invoke(Method.java:580)
	at org.springframework.web.method.support.InvocableHandlerMethod.doInvoke(InvocableHandlerMethod.java:258)
	at org.springframework.web.method.support.InvocableHandlerMethod.invokeForRequest(InvocableHandlerMethod.java:191)
	at org.springframework.web.servlet.mvc.method.annotation.ServletInvocableHandlerMethod.invokeAndHandle(ServletInvocableHandlerMethod.java:118)
	at org.springframework.web.servlet.mvc.method.annotation.RequestMappingHandlerAdapter.invokeHandlerMethod(RequestMappingHandlerAdapter.java:991)
	at org.springframework.web.servlet.mvc.method.annotation.RequestMappingHandlerAdapter.handleInternal(RequestMappingHandlerAdapter.java:896)
	at org.springframework.web.servlet.mvc.method.AbstractHandlerMethodAdapter.handle(AbstractHandlerMethodAdapter.java:87)
	at org.springframework.web.servlet.DispatcherServlet.doDispatch(DispatcherServlet.java:1089)
	at org.springframework.web.servlet.DispatcherServlet.doService(DispatcherServlet.java:979)
	at org.springframework.web.servlet.FrameworkServlet.processRequest(FrameworkServlet.java:1014)
	at org.springframework.web.servlet.FrameworkServlet.doPost(FrameworkServlet.java:914)
	at jakarta.servlet.http.HttpServlet.service(HttpServlet.java:590)
	at org.springframework.web.servlet.FrameworkServlet.service(FrameworkServlet.java:885)
	at jakarta.servlet.http.HttpServlet.service(HttpServlet.java:658)
	at org.apache.catalina.core.ApplicationFilterChain.internalDoFilter(ApplicationFilterChain.java:195)
	at org.apache.catalina.core.ApplicationFilterChain.doFilter(ApplicationFilterChain.java:140)
	at org.apache.tomcat.websocket.server.WsFilter.doFilter(WsFilter.java:51)
	at org.apache.catalina.core.ApplicationFilterChain.internalDoFilter(ApplicationFilterChain.java:164)
	at org.apache.catalina.core.ApplicationFilterChain.doFilter(ApplicationFilterChain.java:140)
	at com.example.backend.shared.logging.RequestLoggingFilter.doFilterInternal(RequestLoggingFilter.java:29)
	at org.springframework.web.filter.OncePerRequestFilter.doFilter(OncePerRequestFilter.java:116)
	at org.apache.catalina.core.ApplicationFilterChain.internalDoFilter(ApplicationFilterChain.java:164)
	at org.apache.catalina.core.ApplicationFilterChain.doFilter(ApplicationFilterChain.java:140)
	at org.springframework.web.filter.OncePerRequestFilter.doFilter(OncePerRequestFilter.java:110)
	at org.apache.catalina.core.ApplicationFilterChain.internalDoFilter(ApplicationFilterChain.java:164)
	at org.apache.catalina.core.ApplicationFilterChain.doFilter(ApplicationFilterChain.java:140)
	at org.springframework.web.filter.CompositeFilter$VirtualFilterChain.doFilter(CompositeFilter.java:108)
	at org.springframework.web.filter.CompositeFilter$VirtualFilterChain.doFilter(CompositeFilter.java:108)
	at org.springframework.security.web.FilterChainProxy.lambda$doFilterInternal$3(FilterChainProxy.java:231)
	at org.springframework.security.web.FilterChainProxy$VirtualFilterChain.doFilter(FilterChainProxy.java:365)
	at org.springframework.security.web.access.intercept.AuthorizationFilter.doFilter(AuthorizationFilter.java:101)
	at org.springframework.security.web.FilterChainProxy$VirtualFilterChain.doFilter(FilterChainProxy.java:374)
	at org.springframework.security.web.access.ExceptionTranslationFilter.doFilter(ExceptionTranslationFilter.java:125)
	at org.springframework.security.web.access.ExceptionTranslationFilter.doFilter(ExceptionTranslationFilter.java:119)
	at org.springframework.security.web.FilterChainProxy$VirtualFilterChain.doFilter(FilterChainProxy.java:374)
	at org.springframework.security.web.session.SessionManagementFilter.doFilter(SessionManagementFilter.java:131)
	at org.springframework.security.web.session.SessionManagementFilter.doFilter(SessionManagementFilter.java:85)
	at org.springframework.security.web.FilterChainProxy$VirtualFilterChain.doFilter(FilterChainProxy.java:374)
	at org.springframework.security.web.authentication.AnonymousAuthenticationFilter.doFilter(AnonymousAuthenticationFilter.java:100)
	at org.springframework.security.web.FilterChainProxy$VirtualFilterChain.doFilter(FilterChainProxy.java:374)
	at org.springframework.security.web.servletapi.SecurityContextHolderAwareRequestFilter.doFilter(SecurityContextHolderAwareRequestFilter.java:179)
	at org.springframework.security.web.FilterChainProxy$VirtualFilterChain.doFilter(FilterChainProxy.java:374)
	at org.springframework.security.web.savedrequest.RequestCacheAwareFilter.doFilter(RequestCacheAwareFilter.java:63)
	at org.springframework.security.web.FilterChainProxy$VirtualFilterChain.doFilter(FilterChainProxy.java:374)
	at com.example.backend.config.security.JwtCookieAuthenticationFilter.doFilterInternal(JwtCookieAuthenticationFilter.java:62)
	at org.springframework.web.filter.OncePerRequestFilter.doFilter(OncePerRequestFilter.java:116)
	at org.springframework.security.web.FilterChainProxy$VirtualFilterChain.doFilter(FilterChainProxy.java:374)
	at org.springframework.security.web.authentication.AbstractAuthenticationProcessingFilter.doFilter(AbstractAuthenticationProcessingFilter.java:235)
	at org.springframework.security.web.authentication.AbstractAuthenticationProcessingFilter.doFilter(AbstractAuthenticationProcessingFilter.java:229)
	at org.springframework.security.web.FilterChainProxy$VirtualFilterChain.doFilter(FilterChainProxy.java:374)
	at org.springframework.security.oauth2.client.web.OAuth2AuthorizationRequestRedirectFilter.doFilterInternal(OAuth2AuthorizationRequestRedirectFilter.java:198)
	at org.springframework.web.filter.OncePerRequestFilter.doFilter(OncePerRequestFilter.java:116)
	at org.springframework.security.web.FilterChainProxy$VirtualFilterChain.doFilter(FilterChainProxy.java:374)
	at org.springframework.security.web.authentication.logout.LogoutFilter.doFilter(LogoutFilter.java:107)
	at org.springframework.security.web.authentication.logout.LogoutFilter.doFilter(LogoutFilter.java:93)
	at org.springframework.security.web.FilterChainProxy$VirtualFilterChain.doFilter(FilterChainProxy.java:374)
	at org.springframework.web.filter.CorsFilter.doFilterInternal(CorsFilter.java:91)
	at org.springframework.web.filter.OncePerRequestFilter.doFilter(OncePerRequestFilter.java:116)
	at org.springframework.security.web.FilterChainProxy$VirtualFilterChain.doFilter(FilterChainProxy.java:374)
	at org.springframework.security.web.header.HeaderWriterFilter.doHeadersAfter(HeaderWriterFilter.java:90)
	at org.springframework.security.web.header.HeaderWriterFilter.doFilterInternal(HeaderWriterFilter.java:75)
	at org.springframework.web.filter.OncePerRequestFilter.doFilter(OncePerRequestFilter.java:116)
	at org.springframework.security.web.FilterChainProxy$VirtualFilterChain.doFilter(FilterChainProxy.java:374)
	at org.springframework.security.web.context.SecurityContextHolderFilter.doFilter(SecurityContextHolderFilter.java:82)
	at org.springframework.security.web.context.SecurityContextHolderFilter.doFilter(SecurityContextHolderFilter.java:69)
	at org.springframework.security.web.FilterChainProxy$VirtualFilterChain.doFilter(FilterChainProxy.java:374)
	at org.springframework.security.web.context.request.async.WebAsyncManagerIntegrationFilter.doFilterInternal(WebAsyncManagerIntegrationFilter.java:62)
	at org.springframework.web.filter.OncePerRequestFilter.doFilter(OncePerRequestFilter.java:116)
	at org.springframework.security.web.FilterChainProxy$VirtualFilterChain.doFilter(FilterChainProxy.java:374)
	at org.springframework.security.web.session.DisableEncodeUrlFilter.doFilterInternal(DisableEncodeUrlFilter.java:42)
	at org.springframework.web.filter.OncePerRequestFilter.doFilter(OncePerRequestFilter.java:116)
	at org.springframework.security.web.FilterChainProxy$VirtualFilterChain.doFilter(FilterChainProxy.java:374)
	at org.springframework.security.web.FilterChainProxy.doFilterInternal(FilterChainProxy.java:233)
	at org.springframework.security.web.FilterChainProxy.doFilter(FilterChainProxy.java:191)
	at org.springframework.web.filter.CompositeFilter$VirtualFilterChain.doFilter(CompositeFilter.java:113)
	at org.springframework.web.filter.ServletRequestPathFilter.doFilter(ServletRequestPathFilter.java:52)
	at org.springframework.web.filter.CompositeFilter$VirtualFilterChain.doFilter(CompositeFilter.java:113)
	at org.springframework.web.filter.CompositeFilter.doFilter(CompositeFilter.java:74)
	at org.springframework.security.config.annotation.web.configuration.WebSecurityConfiguration$CompositeFilterChainProxy.doFilter(WebSecurityConfiguration.java:319)
	at org.springframework.web.filter.CompositeFilter$VirtualFilterChain.doFilter(CompositeFilter.java:113)
	at org.springframework.web.servlet.handler.HandlerMappingIntrospector.lambda$createCacheFilter$4(HandlerMappingIntrospector.java:267)
	at org.springframework.web.filter.CompositeFilter$VirtualFilterChain.doFilter(CompositeFilter.java:113)
	at org.springframework.web.filter.CompositeFilter.doFilter(CompositeFilter.java:74)
	at org.springframework.security.config.annotation.web.configuration.WebMvcSecurityConfiguration$CompositeFilterChainProxy.doFilter(WebMvcSecurityConfiguration.java:240)
	at org.springframework.web.filter.DelegatingFilterProxy.invokeDelegate(DelegatingFilterProxy.java:362)
	at org.springframework.web.filter.DelegatingFilterProxy.doFilter(DelegatingFilterProxy.java:278)
	at org.apache.catalina.core.ApplicationFilterChain.internalDoFilter(ApplicationFilterChain.java:164)
	at org.apache.catalina.core.ApplicationFilterChain.doFilter(ApplicationFilterChain.java:140)
	at org.springframework.web.filter.RequestContextFilter.doFilterInternal(RequestContextFilter.java:100)
	at org.springframework.web.filter.OncePerRequestFilter.doFilter(OncePerRequestFilter.java:116)
	at org.apache.catalina.core.ApplicationFilterChain.internalDoFilter(ApplicationFilterChain.java:164)
	at org.apache.catalina.core.ApplicationFilterChain.doFilter(ApplicationFilterChain.java:140)
	at org.springframework.web.filter.FormContentFilter.doFilterInternal(FormContentFilter.java:93)
	at org.springframework.web.filter.OncePerRequestFilter.doFilter(OncePerRequestFilter.java:116)
	at org.apache.catalina.core.ApplicationFilterChain.internalDoFilter(ApplicationFilterChain.java:164)
	at org.apache.catalina.core.ApplicationFilterChain.doFilter(ApplicationFilterChain.java:140)
	at org.springframework.web.filter.CharacterEncodingFilter.doFilterInternal(CharacterEncodingFilter.java:201)
	at org.springframework.web.filter.OncePerRequestFilter.doFilter(OncePerRequestFilter.java:116)
	at org.apache.catalina.core.ApplicationFilterChain.internalDoFilter(ApplicationFilterChain.java:164)
	at org.apache.catalina.core.ApplicationFilterChain.doFilter(ApplicationFilterChain.java:140)
	at org.apache.catalina.core.StandardWrapperValve.invoke(StandardWrapperValve.java:167)
	at org.apache.catalina.core.StandardContextValve.invoke(StandardContextValve.java:90)
	at org.apache.catalina.authenticator.AuthenticatorBase.invoke(AuthenticatorBase.java:483)
	at org.apache.catalina.core.StandardHostValve.invoke(StandardHostValve.java:116)
	at org.apache.catalina.valves.ErrorReportValve.invoke(ErrorReportValve.java:93)
	at org.apache.catalina.core.StandardEngineValve.invoke(StandardEngineValve.java:74)
	at org.apache.catalina.connector.CoyoteAdapter.service(CoyoteAdapter.java:344)
	at org.apache.coyote.http11.Http11Processor.service(Http11Processor.java:398)
	at org.apache.coyote.AbstractProcessorLight.process(AbstractProcessorLight.java:63)
	at org.apache.coyote.AbstractProtocol$ConnectionHandler.process(AbstractProtocol.java:903)
	at org.apache.tomcat.util.net.NioEndpoint$SocketProcessor.doRun(NioEndpoint.java:1769)
	at org.apache.tomcat.util.net.SocketProcessorBase.run(SocketProcessorBase.java:52)
	at org.apache.tomcat.util.threads.ThreadPoolExecutor.runWorker(ThreadPoolExecutor.java:1189)
	at org.apache.tomcat.util.threads.ThreadPoolExecutor$Worker.run(ThreadPoolExecutor.java:658)
	at org.apache.tomcat.util.threads.TaskThread$WrappingRunnable.run(TaskThread.java:63)
	at java.base/java.lang.Thread.run(Thread.java:1583)
Caused by: org.hibernate.exception.GenericJDBCException: could not execute statement [Field 'updated_at' doesn't have a default value] [insert into usuarios (account_locked,created_at,created_by,email,enabled,last_login_at,login_attempts,modified_at,modified_by,password,password_changed_at,role,username) values (?,?,?,?,?,?,?,?,?,?,?,?,?)]
	at org.hibernate.exception.internal.StandardSQLExceptionConverter.convert(StandardSQLExceptionConverter.java:63)
	at org.hibernate.engine.jdbc.spi.SqlExceptionHelper.convert(SqlExceptionHelper.java:108)
	at org.hibernate.engine.jdbc.internal.ResultSetReturnImpl.executeUpdate(ResultSetReturnImpl.java:197)
	at org.hibernate.id.insert.GetGeneratedKeysDelegate.performMutation(GetGeneratedKeysDelegate.java:116)
	at org.hibernate.engine.jdbc.mutation.internal.MutationExecutorSingleNonBatched.performNonBatchedOperations(MutationExecutorSingleNonBatched.java:47)
	at org.hibernate.engine.jdbc.mutation.internal.AbstractMutationExecutor.execute(AbstractMutationExecutor.java:55)
	at org.hibernate.persister.entity.mutation.InsertCoordinatorStandard.doStaticInserts(InsertCoordinatorStandard.java:194)
	at org.hibernate.persister.entity.mutation.InsertCoordinatorStandard.coordinateInsert(InsertCoordinatorStandard.java:132)
	at org.hibernate.persister.entity.mutation.InsertCoordinatorStandard.insert(InsertCoordinatorStandard.java:95)
	at org.hibernate.action.internal.EntityIdentityInsertAction.execute(EntityIdentityInsertAction.java:85)
	at org.hibernate.engine.spi.ActionQueue.execute(ActionQueue.java:682)
	at org.hibernate.engine.spi.ActionQueue.addResolvedEntityInsertAction(ActionQueue.java:293)
	at org.hibernate.engine.spi.ActionQueue.addInsertAction(ActionQueue.java:274)
	at org.hibernate.engine.spi.ActionQueue.addAction(ActionQueue.java:324)
	at org.hibernate.event.internal.AbstractSaveEventListener.addInsertAction(AbstractSaveEventListener.java:394)
	at org.hibernate.event.internal.AbstractSaveEventListener.performSaveOrReplicate(AbstractSaveEventListener.java:308)
	at org.hibernate.event.internal.AbstractSaveEventListener.performSave(AbstractSaveEventListener.java:224)
	at org.hibernate.event.internal.AbstractSaveEventListener.saveWithGeneratedId(AbstractSaveEventListener.java:136)
	at org.hibernate.event.internal.DefaultPersistEventListener.entityIsTransient(DefaultPersistEventListener.java:177)
	at org.hibernate.event.internal.DefaultPersistEventListener.persist(DefaultPersistEventListener.java:95)
	at org.hibernate.event.internal.DefaultPersistEventListener.onPersist(DefaultPersistEventListener.java:79)
	at org.hibernate.event.internal.DefaultPersistEventListener.onPersist(DefaultPersistEventListener.java:55)
	at org.hibernate.event.service.internal.EventListenerGroupImpl.fireEventOnEachListener(EventListenerGroupImpl.java:127)
	at org.hibernate.internal.SessionImpl.firePersist(SessionImpl.java:761)
	at org.hibernate.internal.SessionImpl.persist(SessionImpl.java:745)
	at java.base/jdk.internal.reflect.DirectMethodHandleAccessor.invoke(DirectMethodHandleAccessor.java:103)
	at java.base/java.lang.reflect.Method.invoke(Method.java:580)
	at org.springframework.orm.jpa.ExtendedEntityManagerCreator$ExtendedEntityManagerInvocationHandler.invoke(ExtendedEntityManagerCreator.java:364)
	at jdk.proxy4/jdk.proxy4.$Proxy167.persist(Unknown Source)
	at java.base/jdk.internal.reflect.DirectMethodHandleAccessor.invoke(DirectMethodHandleAccessor.java:103)
	at java.base/java.lang.reflect.Method.invoke(Method.java:580)
	at org.springframework.orm.jpa.SharedEntityManagerCreator$SharedEntityManagerInvocationHandler.invoke(SharedEntityManagerCreator.java:320)
	at jdk.proxy4/jdk.proxy4.$Proxy167.persist(Unknown Source)
	at org.springframework.data.jpa.repository.support.SimpleJpaRepository.save(SimpleJpaRepository.java:654)
	at java.base/jdk.internal.reflect.DirectMethodHandleAccessor.invoke(DirectMethodHandleAccessor.java:103)
	at java.base/java.lang.reflect.Method.invoke(Method.java:580)
	at org.springframework.aop.support.AopUtils.invokeJoinpointUsingReflection(AopUtils.java:360)
	at org.springframework.data.repository.core.support.RepositoryMethodInvoker$RepositoryFragmentMethodInvoker.lambda$new$0(RepositoryMethodInvoker.java:277)
	at org.springframework.data.repository.core.support.RepositoryMethodInvoker.doInvoke(RepositoryMethodInvoker.java:170)
	at org.springframework.data.repository.core.support.RepositoryMethodInvoker.invoke(RepositoryMethodInvoker.java:158)
	at org.springframework.data.repository.core.support.RepositoryComposition$RepositoryFragments.invoke(RepositoryComposition.java:515)
	at org.springframework.data.repository.core.support.RepositoryComposition.invoke(RepositoryComposition.java:284)
	at org.springframework.data.repository.core.support.RepositoryFactorySupport$ImplementationMethodExecutionInterceptor.invoke(RepositoryFactorySupport.java:734)
	at org.springframework.aop.framework.ReflectiveMethodInvocation.proceed(ReflectiveMethodInvocation.java:184)
	at org.springframework.data.repository.core.support.QueryExecutorMethodInterceptor.doInvoke(QueryExecutorMethodInterceptor.java:174)
	at org.springframework.data.repository.core.support.QueryExecutorMethodInterceptor.invoke(QueryExecutorMethodInterceptor.java:149)
	at org.springframework.aop.framework.ReflectiveMethodInvocation.proceed(ReflectiveMethodInvocation.java:184)
	at org.springframework.data.projection.DefaultMethodInvokingMethodInterceptor.invoke(DefaultMethodInvokingMethodInterceptor.java:69)
	at org.springframework.aop.framework.ReflectiveMethodInvocation.proceed(ReflectiveMethodInvocation.java:184)
	at org.springframework.transaction.interceptor.TransactionAspectSupport.invokeWithinTransaction(TransactionAspectSupport.java:380)
	at org.springframework.transaction.interceptor.TransactionInterceptor.invoke(TransactionInterceptor.java:119)
	at org.springframework.aop.framework.ReflectiveMethodInvocation.proceed(ReflectiveMethodInvocation.java:184)
	at org.springframework.dao.support.PersistenceExceptionTranslationInterceptor.invoke(PersistenceExceptionTranslationInterceptor.java:138)
	... 125 common frames omitted
Caused by: java.sql.SQLException: Field 'updated_at' doesn't have a default value
	at com.mysql.cj.jdbc.exceptions.SQLError.createSQLException(SQLError.java:121)
	at com.mysql.cj.jdbc.exceptions.SQLExceptionsMapping.translateException(SQLExceptionsMapping.java:114)
	at com.mysql.cj.jdbc.ClientPreparedStatement.executeInternal(ClientPreparedStatement.java:990)
	at com.mysql.cj.jdbc.ClientPreparedStatement.executeUpdateInternal(ClientPreparedStatement.java:1168)
	at com.mysql.cj.jdbc.ClientPreparedStatement.executeUpdateInternal(ClientPreparedStatement.java:1103)
	at com.mysql.cj.jdbc.ClientPreparedStatement.executeLargeUpdate(ClientPreparedStatement.java:1450)
	at com.mysql.cj.jdbc.ClientPreparedStatement.executeUpdate(ClientPreparedStatement.java:1086)
	at com.zaxxer.hikari.pool.ProxyPreparedStatement.executeUpdate(ProxyPreparedStatement.java:61)
	at com.zaxxer.hikari.pool.HikariProxyPreparedStatement.executeUpdate(HikariProxyPreparedStatement.java)
	at org.hibernate.engine.jdbc.internal.ResultSetReturnImpl.executeUpdate(ResultSetReturnImpl.java:194)
	... 175 common frames omitted
2025-08-30 13:36:53 [http-nio-8080-exec-9] WARN  o.s.w.s.m.m.a.ExceptionHandlerExceptionResolver - Resolved [org.springframework.orm.jpa.JpaSystemException: could not execute statement [Field 'updated_at' doesn't have a default value] [insert into usuarios (account_locked,created_at,created_by,email,enabled,last_login_at,login_attempts,modified_at,modified_by,password,password_changed_at,role,username) values (?,?,?,?,?,?,?,?,?,?,?,?,?)]]
2025-08-30 13:36:53 [http-nio-8080-exec-9] INFO  c.e.b.s.logging.RequestLoggingFilter - [POST] /user/userRegister -> 500 (754 ms)
2025-08-30 13:37:46 [SpringApplicationShutdownHook] INFO  o.s.b.w.e.tomcat.GracefulShutdown - Commencing graceful shutdown. Waiting for active requests to complete
2025-08-30 13:37:46 [tomcat-shutdown] INFO  o.s.b.w.e.tomcat.GracefulShutdown - Graceful shutdown complete
2025-08-30 13:37:46 [SpringApplicationShutdownHook] INFO  o.s.o.j.LocalContainerEntityManagerFactoryBean - Closing JPA EntityManagerFactory for persistence unit 'default'
2025-08-30 13:37:46 [SpringApplicationShutdownHook] INFO  com.zaxxer.hikari.HikariDataSource - HikariPool-1 - Shutdown initiated...
2025-08-30 13:37:46 [SpringApplicationShutdownHook] INFO  com.zaxxer.hikari.HikariDataSource - HikariPool-1 - Shutdown completed.
2025-08-30 13:37:54 [background-preinit] INFO  o.h.validator.internal.util.Version - HV000001: Hibernate Validator 8.0.2.Final
2025-08-30 13:37:54 [restartedMain] INFO  c.e.backend.PublicidadWebApplication - Starting PublicidadWebApplication using Java 21.0.6 with PID 50488 (C:\Users\jonii\OneDrive\Escritorio\Proyectos\MONOLITOS\SISTEMA DE PUBLICIDAD\Publicidad-Web\BackendPublicacionWeb\publicacionWeb\target\classes started by jonii in C:\Users\jonii\OneDrive\Escritorio\Proyectos\MONOLITOS\SISTEMA DE PUBLICIDAD\Publicidad-Web\BackendPublicacionWeb)
2025-08-30 13:37:54 [restartedMain] INFO  c.e.backend.PublicidadWebApplication - The following 1 profile is active: "dev"
2025-08-30 13:37:54 [restartedMain] INFO  o.s.b.d.e.DevToolsPropertyDefaultsPostProcessor - Devtools property defaults active! Set 'spring.devtools.add-properties' to 'false' to disable
2025-08-30 13:37:54 [restartedMain] INFO  o.s.b.d.e.DevToolsPropertyDefaultsPostProcessor - For additional web related logging consider setting the 'logging.level.web' property to 'DEBUG'
2025-08-30 13:37:56 [restartedMain] INFO  o.s.d.r.c.RepositoryConfigurationDelegate - Bootstrapping Spring Data JPA repositories in DEFAULT mode.
2025-08-30 13:37:56 [restartedMain] INFO  o.s.d.r.c.RepositoryConfigurationDelegate - Finished Spring Data repository scanning in 192 ms. Found 7 JPA repository interfaces.
2025-08-30 13:37:57 [restartedMain] INFO  o.s.b.w.e.tomcat.TomcatWebServer - Tomcat initialized with port 8080 (http)
2025-08-30 13:37:57 [restartedMain] INFO  o.a.coyote.http11.Http11NioProtocol - Initializing ProtocolHandler ["http-nio-8080"]
2025-08-30 13:37:57 [restartedMain] INFO  o.a.catalina.core.StandardService - Starting service [Tomcat]
2025-08-30 13:37:57 [restartedMain] INFO  o.a.catalina.core.StandardEngine - Starting Servlet engine: [Apache Tomcat/10.1.43]
2025-08-30 13:37:57 [restartedMain] INFO  o.a.c.c.C.[Tomcat].[localhost].[/] - Initializing Spring embedded WebApplicationContext
2025-08-30 13:37:57 [restartedMain] INFO  o.s.b.w.s.c.ServletWebServerApplicationContext - Root WebApplicationContext: initialization completed in 3291 ms
2025-08-30 13:37:57 [restartedMain] INFO  o.h.jpa.internal.util.LogHelper - HHH000204: Processing PersistenceUnitInfo [name: default]
2025-08-30 13:37:58 [restartedMain] INFO  org.hibernate.Version - HHH000412: Hibernate ORM core version 6.6.22.Final
2025-08-30 13:37:58 [restartedMain] INFO  o.h.c.i.RegionFactoryInitiator - HHH000026: Second-level cache disabled
2025-08-30 13:37:58 [restartedMain] INFO  o.s.o.j.p.SpringPersistenceUnitInfo - No LoadTimeWeaver setup: ignoring JPA class transformer
2025-08-30 13:37:58 [restartedMain] INFO  com.zaxxer.hikari.HikariDataSource - HikariPool-1 - Starting...
2025-08-30 13:37:58 [restartedMain] INFO  com.zaxxer.hikari.pool.HikariPool - HikariPool-1 - Added connection com.mysql.cj.jdbc.ConnectionImpl@66011d48
2025-08-30 13:37:58 [restartedMain] INFO  com.zaxxer.hikari.HikariDataSource - HikariPool-1 - Start completed.
2025-08-30 13:37:58 [restartedMain] WARN  org.hibernate.orm.deprecation - HHH90000025: MySQL8Dialect does not need to be specified explicitly using 'hibernate.dialect' (remove the property setting and it will be selected by default)
2025-08-30 13:37:58 [restartedMain] WARN  org.hibernate.orm.deprecation - HHH90000026: MySQL8Dialect has been deprecated; use org.hibernate.dialect.MySQLDialect instead
2025-08-30 13:37:58 [restartedMain] INFO  o.hibernate.orm.connections.pooling - HHH10001005: Database info:
	Database JDBC URL [Connecting through datasource 'HikariDataSource (HikariPool-1)']
	Database driver: undefined/unknown
	Database version: 8.0
	Autocommit mode: undefined/unknown
	Isolation level: undefined/unknown
	Minimum pool size: undefined/unknown
	Maximum pool size: undefined/unknown
2025-08-30 13:37:59 [restartedMain] INFO  o.h.e.t.j.p.i.JtaPlatformInitiator - HHH000489: No JTA platform available (set 'hibernate.transaction.jta.platform' to enable JTA platform integration)
2025-08-30 13:38:00 [restartedMain] INFO  o.s.o.j.LocalContainerEntityManagerFactoryBean - Initialized JPA EntityManagerFactory for persistence unit 'default'
2025-08-30 13:38:00 [restartedMain] INFO  c.e.b.users.service.UserService - Ejecutando inserción de usuario ADMIN inicial...
2025-08-30 13:38:00 [restartedMain] INFO  c.e.b.users.service.UserService - Usuario ADMIN insertado correctamente (si no existía).
2025-08-30 13:38:00 [restartedMain] INFO  o.s.d.j.r.query.QueryEnhancerFactory - Hibernate is in classpath; If applicable, HQL parser will be used.
2025-08-30 13:38:02 [restartedMain] INFO  o.s.s.c.a.a.c.InitializeAuthenticationProviderBeanManagerConfigurer$InitializeAuthenticationProviderManagerConfigurer - Global AuthenticationManager configured with AuthenticationProvider bean with name authenticationProvider
2025-08-30 13:38:02 [restartedMain] WARN  o.s.s.c.a.a.c.InitializeUserDetailsBeanManagerConfigurer$InitializeUserDetailsManagerConfigurer - Global AuthenticationManager configured with an AuthenticationProvider bean. UserDetailsService beans will not be used by Spring Security for automatically configuring username/password login. Consider removing the AuthenticationProvider bean. Alternatively, consider using the UserDetailsService in a manually instantiated DaoAuthenticationProvider. If the current configuration is intentional, to turn off this warning, increase the logging level of 'org.springframework.security.config.annotation.authentication.configuration.InitializeUserDetailsBeanManagerConfigurer' to ERROR
2025-08-30 13:38:02 [restartedMain] WARN  o.s.b.a.o.j.JpaBaseConfiguration$JpaWebConfiguration - spring.jpa.open-in-view is enabled by default. Therefore, database queries may be performed during view rendering. Explicitly configure spring.jpa.open-in-view to disable this warning
2025-08-30 13:38:03 [restartedMain] INFO  o.s.b.d.a.OptionalLiveReloadServer - LiveReload server is running on port 35729
2025-08-30 13:38:03 [restartedMain] INFO  o.a.coyote.http11.Http11NioProtocol - Starting ProtocolHandler ["http-nio-8080"]
2025-08-30 13:38:03 [restartedMain] INFO  o.s.b.w.e.tomcat.TomcatWebServer - Tomcat started on port 8080 (http) with context path '/'
2025-08-30 13:38:03 [restartedMain] INFO  c.e.backend.PublicidadWebApplication - Started PublicidadWebApplication in 9.881 seconds (process running for 10.627)
2025-08-30 13:38:08 [http-nio-8080-exec-1] INFO  o.a.c.c.C.[Tomcat].[localhost].[/] - Initializing Spring DispatcherServlet 'dispatcherServlet'
2025-08-30 13:38:08 [http-nio-8080-exec-1] INFO  o.s.web.servlet.DispatcherServlet - Initializing Servlet 'dispatcherServlet'
2025-08-30 13:38:08 [http-nio-8080-exec-1] INFO  o.s.web.servlet.DispatcherServlet - Completed initialization in 2 ms
2025-08-30 13:38:08 [http-nio-8080-exec-2] INFO  c.e.b.u.c.controllers.UserController - Intentando registrar un nuevo usuario con email: jime@illescas.com
2025-08-30 13:38:08 [http-nio-8080-exec-2] INFO  c.e.b.users.service.UserService - Registrando nuevo usuario con email: jime@illescas.com
2025-08-30 13:38:08 [http-nio-8080-exec-2] INFO  c.e.b.u.s.implement.RegisterUser - Iniciando registro de usuario con email: jime@illescas.com y username: jimenaIlles
2025-08-30 13:38:09 [http-nio-8080-exec-2] WARN  o.h.e.jdbc.spi.SqlExceptionHelper - SQL Error: 1364, SQLState: HY000
2025-08-30 13:38:09 [http-nio-8080-exec-2] ERROR o.h.e.jdbc.spi.SqlExceptionHelper - Field 'updated_at' doesn't have a default value
2025-08-30 13:38:09 [http-nio-8080-exec-2] ERROR c.e.b.s.e.GlobalExceptionHandler - 🔥 Excepción no controlada: could not execute statement [Field 'updated_at' doesn't have a default value] [insert into usuarios (account_locked,created_at,created_by,email,enabled,last_login_at,login_attempts,modified_at,modified_by,password,password_changed_at,role,username) values (?,?,?,?,?,?,?,?,?,?,?,?,?)]
org.springframework.orm.jpa.JpaSystemException: could not execute statement [Field 'updated_at' doesn't have a default value] [insert into usuarios (account_locked,created_at,created_by,email,enabled,last_login_at,login_attempts,modified_at,modified_by,password,password_changed_at,role,username) values (?,?,?,?,?,?,?,?,?,?,?,?,?)]
	at org.springframework.orm.jpa.vendor.HibernateJpaDialect.convertHibernateAccessException(HibernateJpaDialect.java:348)
	at org.springframework.orm.jpa.vendor.HibernateJpaDialect.convertHibernateAccessException(HibernateJpaDialect.java:256)
	at org.springframework.orm.jpa.vendor.HibernateJpaDialect.translateExceptionIfPossible(HibernateJpaDialect.java:241)
	at org.springframework.orm.jpa.AbstractEntityManagerFactoryBean.translateExceptionIfPossible(AbstractEntityManagerFactoryBean.java:560)
	at org.springframework.dao.support.ChainedPersistenceExceptionTranslator.translateExceptionIfPossible(ChainedPersistenceExceptionTranslator.java:61)
	at org.springframework.dao.support.DataAccessUtils.translateIfNecessary(DataAccessUtils.java:343)
	at org.springframework.dao.support.PersistenceExceptionTranslationInterceptor.invoke(PersistenceExceptionTranslationInterceptor.java:160)
	at org.springframework.aop.framework.ReflectiveMethodInvocation.proceed(ReflectiveMethodInvocation.java:184)
	at org.springframework.data.jpa.repository.support.CrudMethodMetadataPostProcessor$CrudMethodMetadataPopulatingMethodInterceptor.invoke(CrudMethodMetadataPostProcessor.java:165)
	at org.springframework.aop.framework.ReflectiveMethodInvocation.proceed(ReflectiveMethodInvocation.java:184)
	at org.springframework.aop.framework.JdkDynamicAopProxy.invoke(JdkDynamicAopProxy.java:223)
	at jdk.proxy4/jdk.proxy4.$Proxy170.save(Unknown Source)
	at com.example.backend.users.service.implement.RegisterUser.execute(RegisterUser.java:57)
	at com.example.backend.users.service.UserService.save(UserService.java:46)
	at com.example.backend.users.controller.controllers.UserController.userRegister(UserController.java:48)
	at java.base/jdk.internal.reflect.DirectMethodHandleAccessor.invoke(DirectMethodHandleAccessor.java:103)
	at java.base/java.lang.reflect.Method.invoke(Method.java:580)
	at org.springframework.web.method.support.InvocableHandlerMethod.doInvoke(InvocableHandlerMethod.java:258)
	at org.springframework.web.method.support.InvocableHandlerMethod.invokeForRequest(InvocableHandlerMethod.java:191)
	at org.springframework.web.servlet.mvc.method.annotation.ServletInvocableHandlerMethod.invokeAndHandle(ServletInvocableHandlerMethod.java:118)
	at org.springframework.web.servlet.mvc.method.annotation.RequestMappingHandlerAdapter.invokeHandlerMethod(RequestMappingHandlerAdapter.java:991)
	at org.springframework.web.servlet.mvc.method.annotation.RequestMappingHandlerAdapter.handleInternal(RequestMappingHandlerAdapter.java:896)
	at org.springframework.web.servlet.mvc.method.AbstractHandlerMethodAdapter.handle(AbstractHandlerMethodAdapter.java:87)
	at org.springframework.web.servlet.DispatcherServlet.doDispatch(DispatcherServlet.java:1089)
	at org.springframework.web.servlet.DispatcherServlet.doService(DispatcherServlet.java:979)
	at org.springframework.web.servlet.FrameworkServlet.processRequest(FrameworkServlet.java:1014)
	at org.springframework.web.servlet.FrameworkServlet.doPost(FrameworkServlet.java:914)
	at jakarta.servlet.http.HttpServlet.service(HttpServlet.java:590)
	at org.springframework.web.servlet.FrameworkServlet.service(FrameworkServlet.java:885)
	at jakarta.servlet.http.HttpServlet.service(HttpServlet.java:658)
	at org.apache.catalina.core.ApplicationFilterChain.internalDoFilter(ApplicationFilterChain.java:195)
	at org.apache.catalina.core.ApplicationFilterChain.doFilter(ApplicationFilterChain.java:140)
	at org.apache.tomcat.websocket.server.WsFilter.doFilter(WsFilter.java:51)
	at org.apache.catalina.core.ApplicationFilterChain.internalDoFilter(ApplicationFilterChain.java:164)
	at org.apache.catalina.core.ApplicationFilterChain.doFilter(ApplicationFilterChain.java:140)
	at com.example.backend.shared.logging.RequestLoggingFilter.doFilterInternal(RequestLoggingFilter.java:29)
	at org.springframework.web.filter.OncePerRequestFilter.doFilter(OncePerRequestFilter.java:116)
	at org.apache.catalina.core.ApplicationFilterChain.internalDoFilter(ApplicationFilterChain.java:164)
	at org.apache.catalina.core.ApplicationFilterChain.doFilter(ApplicationFilterChain.java:140)
	at org.springframework.web.filter.OncePerRequestFilter.doFilter(OncePerRequestFilter.java:110)
	at org.apache.catalina.core.ApplicationFilterChain.internalDoFilter(ApplicationFilterChain.java:164)
	at org.apache.catalina.core.ApplicationFilterChain.doFilter(ApplicationFilterChain.java:140)
	at org.springframework.web.filter.CompositeFilter$VirtualFilterChain.doFilter(CompositeFilter.java:108)
	at org.springframework.web.filter.CompositeFilter$VirtualFilterChain.doFilter(CompositeFilter.java:108)
	at org.springframework.security.web.FilterChainProxy.lambda$doFilterInternal$3(FilterChainProxy.java:231)
	at org.springframework.security.web.FilterChainProxy$VirtualFilterChain.doFilter(FilterChainProxy.java:365)
	at org.springframework.security.web.access.intercept.AuthorizationFilter.doFilter(AuthorizationFilter.java:101)
	at org.springframework.security.web.FilterChainProxy$VirtualFilterChain.doFilter(FilterChainProxy.java:374)
	at org.springframework.security.web.access.ExceptionTranslationFilter.doFilter(ExceptionTranslationFilter.java:125)
	at org.springframework.security.web.access.ExceptionTranslationFilter.doFilter(ExceptionTranslationFilter.java:119)
	at org.springframework.security.web.FilterChainProxy$VirtualFilterChain.doFilter(FilterChainProxy.java:374)
	at org.springframework.security.web.session.SessionManagementFilter.doFilter(SessionManagementFilter.java:131)
	at org.springframework.security.web.session.SessionManagementFilter.doFilter(SessionManagementFilter.java:85)
	at org.springframework.security.web.FilterChainProxy$VirtualFilterChain.doFilter(FilterChainProxy.java:374)
	at org.springframework.security.web.authentication.AnonymousAuthenticationFilter.doFilter(AnonymousAuthenticationFilter.java:100)
	at org.springframework.security.web.FilterChainProxy$VirtualFilterChain.doFilter(FilterChainProxy.java:374)
	at org.springframework.security.web.servletapi.SecurityContextHolderAwareRequestFilter.doFilter(SecurityContextHolderAwareRequestFilter.java:179)
	at org.springframework.security.web.FilterChainProxy$VirtualFilterChain.doFilter(FilterChainProxy.java:374)
	at org.springframework.security.web.savedrequest.RequestCacheAwareFilter.doFilter(RequestCacheAwareFilter.java:63)
	at org.springframework.security.web.FilterChainProxy$VirtualFilterChain.doFilter(FilterChainProxy.java:374)
	at com.example.backend.config.security.JwtCookieAuthenticationFilter.doFilterInternal(JwtCookieAuthenticationFilter.java:62)
	at org.springframework.web.filter.OncePerRequestFilter.doFilter(OncePerRequestFilter.java:116)
	at org.springframework.security.web.FilterChainProxy$VirtualFilterChain.doFilter(FilterChainProxy.java:374)
	at org.springframework.security.web.authentication.AbstractAuthenticationProcessingFilter.doFilter(AbstractAuthenticationProcessingFilter.java:235)
	at org.springframework.security.web.authentication.AbstractAuthenticationProcessingFilter.doFilter(AbstractAuthenticationProcessingFilter.java:229)
	at org.springframework.security.web.FilterChainProxy$VirtualFilterChain.doFilter(FilterChainProxy.java:374)
	at org.springframework.security.oauth2.client.web.OAuth2AuthorizationRequestRedirectFilter.doFilterInternal(OAuth2AuthorizationRequestRedirectFilter.java:198)
	at org.springframework.web.filter.OncePerRequestFilter.doFilter(OncePerRequestFilter.java:116)
	at org.springframework.security.web.FilterChainProxy$VirtualFilterChain.doFilter(FilterChainProxy.java:374)
	at org.springframework.security.web.authentication.logout.LogoutFilter.doFilter(LogoutFilter.java:107)
	at org.springframework.security.web.authentication.logout.LogoutFilter.doFilter(LogoutFilter.java:93)
	at org.springframework.security.web.FilterChainProxy$VirtualFilterChain.doFilter(FilterChainProxy.java:374)
	at org.springframework.web.filter.CorsFilter.doFilterInternal(CorsFilter.java:91)
	at org.springframework.web.filter.OncePerRequestFilter.doFilter(OncePerRequestFilter.java:116)
	at org.springframework.security.web.FilterChainProxy$VirtualFilterChain.doFilter(FilterChainProxy.java:374)
	at org.springframework.security.web.header.HeaderWriterFilter.doHeadersAfter(HeaderWriterFilter.java:90)
	at org.springframework.security.web.header.HeaderWriterFilter.doFilterInternal(HeaderWriterFilter.java:75)
	at org.springframework.web.filter.OncePerRequestFilter.doFilter(OncePerRequestFilter.java:116)
	at org.springframework.security.web.FilterChainProxy$VirtualFilterChain.doFilter(FilterChainProxy.java:374)
	at org.springframework.security.web.context.SecurityContextHolderFilter.doFilter(SecurityContextHolderFilter.java:82)
	at org.springframework.security.web.context.SecurityContextHolderFilter.doFilter(SecurityContextHolderFilter.java:69)
	at org.springframework.security.web.FilterChainProxy$VirtualFilterChain.doFilter(FilterChainProxy.java:374)
	at org.springframework.security.web.context.request.async.WebAsyncManagerIntegrationFilter.doFilterInternal(WebAsyncManagerIntegrationFilter.java:62)
	at org.springframework.web.filter.OncePerRequestFilter.doFilter(OncePerRequestFilter.java:116)
	at org.springframework.security.web.FilterChainProxy$VirtualFilterChain.doFilter(FilterChainProxy.java:374)
	at org.springframework.security.web.session.DisableEncodeUrlFilter.doFilterInternal(DisableEncodeUrlFilter.java:42)
	at org.springframework.web.filter.OncePerRequestFilter.doFilter(OncePerRequestFilter.java:116)
	at org.springframework.security.web.FilterChainProxy$VirtualFilterChain.doFilter(FilterChainProxy.java:374)
	at org.springframework.security.web.FilterChainProxy.doFilterInternal(FilterChainProxy.java:233)
	at org.springframework.security.web.FilterChainProxy.doFilter(FilterChainProxy.java:191)
	at org.springframework.web.filter.CompositeFilter$VirtualFilterChain.doFilter(CompositeFilter.java:113)
	at org.springframework.web.filter.ServletRequestPathFilter.doFilter(ServletRequestPathFilter.java:52)
	at org.springframework.web.filter.CompositeFilter$VirtualFilterChain.doFilter(CompositeFilter.java:113)
	at org.springframework.web.filter.CompositeFilter.doFilter(CompositeFilter.java:74)
	at org.springframework.security.config.annotation.web.configuration.WebSecurityConfiguration$CompositeFilterChainProxy.doFilter(WebSecurityConfiguration.java:319)
	at org.springframework.web.filter.CompositeFilter$VirtualFilterChain.doFilter(CompositeFilter.java:113)
	at org.springframework.web.servlet.handler.HandlerMappingIntrospector.lambda$createCacheFilter$4(HandlerMappingIntrospector.java:267)
	at org.springframework.web.filter.CompositeFilter$VirtualFilterChain.doFilter(CompositeFilter.java:113)
	at org.springframework.web.filter.CompositeFilter.doFilter(CompositeFilter.java:74)
	at org.springframework.security.config.annotation.web.configuration.WebMvcSecurityConfiguration$CompositeFilterChainProxy.doFilter(WebMvcSecurityConfiguration.java:240)
	at org.springframework.web.filter.DelegatingFilterProxy.invokeDelegate(DelegatingFilterProxy.java:362)
	at org.springframework.web.filter.DelegatingFilterProxy.doFilter(DelegatingFilterProxy.java:278)
	at org.apache.catalina.core.ApplicationFilterChain.internalDoFilter(ApplicationFilterChain.java:164)
	at org.apache.catalina.core.ApplicationFilterChain.doFilter(ApplicationFilterChain.java:140)
	at org.springframework.web.filter.RequestContextFilter.doFilterInternal(RequestContextFilter.java:100)
	at org.springframework.web.filter.OncePerRequestFilter.doFilter(OncePerRequestFilter.java:116)
	at org.apache.catalina.core.ApplicationFilterChain.internalDoFilter(ApplicationFilterChain.java:164)
	at org.apache.catalina.core.ApplicationFilterChain.doFilter(ApplicationFilterChain.java:140)
	at org.springframework.web.filter.FormContentFilter.doFilterInternal(FormContentFilter.java:93)
	at org.springframework.web.filter.OncePerRequestFilter.doFilter(OncePerRequestFilter.java:116)
	at org.apache.catalina.core.ApplicationFilterChain.internalDoFilter(ApplicationFilterChain.java:164)
	at org.apache.catalina.core.ApplicationFilterChain.doFilter(ApplicationFilterChain.java:140)
	at org.springframework.web.filter.CharacterEncodingFilter.doFilterInternal(CharacterEncodingFilter.java:201)
	at org.springframework.web.filter.OncePerRequestFilter.doFilter(OncePerRequestFilter.java:116)
	at org.apache.catalina.core.ApplicationFilterChain.internalDoFilter(ApplicationFilterChain.java:164)
	at org.apache.catalina.core.ApplicationFilterChain.doFilter(ApplicationFilterChain.java:140)
	at org.apache.catalina.core.StandardWrapperValve.invoke(StandardWrapperValve.java:167)
	at org.apache.catalina.core.StandardContextValve.invoke(StandardContextValve.java:90)
	at org.apache.catalina.authenticator.AuthenticatorBase.invoke(AuthenticatorBase.java:483)
	at org.apache.catalina.core.StandardHostValve.invoke(StandardHostValve.java:116)
	at org.apache.catalina.valves.ErrorReportValve.invoke(ErrorReportValve.java:93)
	at org.apache.catalina.core.StandardEngineValve.invoke(StandardEngineValve.java:74)
	at org.apache.catalina.connector.CoyoteAdapter.service(CoyoteAdapter.java:344)
	at org.apache.coyote.http11.Http11Processor.service(Http11Processor.java:398)
	at org.apache.coyote.AbstractProcessorLight.process(AbstractProcessorLight.java:63)
	at org.apache.coyote.AbstractProtocol$ConnectionHandler.process(AbstractProtocol.java:903)
	at org.apache.tomcat.util.net.NioEndpoint$SocketProcessor.doRun(NioEndpoint.java:1769)
	at org.apache.tomcat.util.net.SocketProcessorBase.run(SocketProcessorBase.java:52)
	at org.apache.tomcat.util.threads.ThreadPoolExecutor.runWorker(ThreadPoolExecutor.java:1189)
	at org.apache.tomcat.util.threads.ThreadPoolExecutor$Worker.run(ThreadPoolExecutor.java:658)
	at org.apache.tomcat.util.threads.TaskThread$WrappingRunnable.run(TaskThread.java:63)
	at java.base/java.lang.Thread.run(Thread.java:1583)
Caused by: org.hibernate.exception.GenericJDBCException: could not execute statement [Field 'updated_at' doesn't have a default value] [insert into usuarios (account_locked,created_at,created_by,email,enabled,last_login_at,login_attempts,modified_at,modified_by,password,password_changed_at,role,username) values (?,?,?,?,?,?,?,?,?,?,?,?,?)]
	at org.hibernate.exception.internal.StandardSQLExceptionConverter.convert(StandardSQLExceptionConverter.java:63)
	at org.hibernate.engine.jdbc.spi.SqlExceptionHelper.convert(SqlExceptionHelper.java:108)
	at org.hibernate.engine.jdbc.internal.ResultSetReturnImpl.executeUpdate(ResultSetReturnImpl.java:197)
	at org.hibernate.id.insert.GetGeneratedKeysDelegate.performMutation(GetGeneratedKeysDelegate.java:116)
	at org.hibernate.engine.jdbc.mutation.internal.MutationExecutorSingleNonBatched.performNonBatchedOperations(MutationExecutorSingleNonBatched.java:47)
	at org.hibernate.engine.jdbc.mutation.internal.AbstractMutationExecutor.execute(AbstractMutationExecutor.java:55)
	at org.hibernate.persister.entity.mutation.InsertCoordinatorStandard.doStaticInserts(InsertCoordinatorStandard.java:194)
	at org.hibernate.persister.entity.mutation.InsertCoordinatorStandard.coordinateInsert(InsertCoordinatorStandard.java:132)
	at org.hibernate.persister.entity.mutation.InsertCoordinatorStandard.insert(InsertCoordinatorStandard.java:95)
	at org.hibernate.action.internal.EntityIdentityInsertAction.execute(EntityIdentityInsertAction.java:85)
	at org.hibernate.engine.spi.ActionQueue.execute(ActionQueue.java:682)
	at org.hibernate.engine.spi.ActionQueue.addResolvedEntityInsertAction(ActionQueue.java:293)
	at org.hibernate.engine.spi.ActionQueue.addInsertAction(ActionQueue.java:274)
	at org.hibernate.engine.spi.ActionQueue.addAction(ActionQueue.java:324)
	at org.hibernate.event.internal.AbstractSaveEventListener.addInsertAction(AbstractSaveEventListener.java:394)
	at org.hibernate.event.internal.AbstractSaveEventListener.performSaveOrReplicate(AbstractSaveEventListener.java:308)
	at org.hibernate.event.internal.AbstractSaveEventListener.performSave(AbstractSaveEventListener.java:224)
	at org.hibernate.event.internal.AbstractSaveEventListener.saveWithGeneratedId(AbstractSaveEventListener.java:136)
	at org.hibernate.event.internal.DefaultPersistEventListener.entityIsTransient(DefaultPersistEventListener.java:177)
	at org.hibernate.event.internal.DefaultPersistEventListener.persist(DefaultPersistEventListener.java:95)
	at org.hibernate.event.internal.DefaultPersistEventListener.onPersist(DefaultPersistEventListener.java:79)
	at org.hibernate.event.internal.DefaultPersistEventListener.onPersist(DefaultPersistEventListener.java:55)
	at org.hibernate.event.service.internal.EventListenerGroupImpl.fireEventOnEachListener(EventListenerGroupImpl.java:127)
	at org.hibernate.internal.SessionImpl.firePersist(SessionImpl.java:761)
	at org.hibernate.internal.SessionImpl.persist(SessionImpl.java:745)
	at java.base/jdk.internal.reflect.DirectMethodHandleAccessor.invoke(DirectMethodHandleAccessor.java:103)
	at java.base/java.lang.reflect.Method.invoke(Method.java:580)
	at org.springframework.orm.jpa.ExtendedEntityManagerCreator$ExtendedEntityManagerInvocationHandler.invoke(ExtendedEntityManagerCreator.java:364)
	at jdk.proxy4/jdk.proxy4.$Proxy167.persist(Unknown Source)
	at java.base/jdk.internal.reflect.DirectMethodHandleAccessor.invoke(DirectMethodHandleAccessor.java:103)
	at java.base/java.lang.reflect.Method.invoke(Method.java:580)
	at org.springframework.orm.jpa.SharedEntityManagerCreator$SharedEntityManagerInvocationHandler.invoke(SharedEntityManagerCreator.java:320)
	at jdk.proxy4/jdk.proxy4.$Proxy167.persist(Unknown Source)
	at org.springframework.data.jpa.repository.support.SimpleJpaRepository.save(SimpleJpaRepository.java:654)
	at java.base/jdk.internal.reflect.DirectMethodHandleAccessor.invoke(DirectMethodHandleAccessor.java:103)
	at java.base/java.lang.reflect.Method.invoke(Method.java:580)
	at org.springframework.aop.support.AopUtils.invokeJoinpointUsingReflection(AopUtils.java:360)
	at org.springframework.data.repository.core.support.RepositoryMethodInvoker$RepositoryFragmentMethodInvoker.lambda$new$0(RepositoryMethodInvoker.java:277)
	at org.springframework.data.repository.core.support.RepositoryMethodInvoker.doInvoke(RepositoryMethodInvoker.java:170)
	at org.springframework.data.repository.core.support.RepositoryMethodInvoker.invoke(RepositoryMethodInvoker.java:158)
	at org.springframework.data.repository.core.support.RepositoryComposition$RepositoryFragments.invoke(RepositoryComposition.java:515)
	at org.springframework.data.repository.core.support.RepositoryComposition.invoke(RepositoryComposition.java:284)
	at org.springframework.data.repository.core.support.RepositoryFactorySupport$ImplementationMethodExecutionInterceptor.invoke(RepositoryFactorySupport.java:734)
	at org.springframework.aop.framework.ReflectiveMethodInvocation.proceed(ReflectiveMethodInvocation.java:184)
	at org.springframework.data.repository.core.support.QueryExecutorMethodInterceptor.doInvoke(QueryExecutorMethodInterceptor.java:174)
	at org.springframework.data.repository.core.support.QueryExecutorMethodInterceptor.invoke(QueryExecutorMethodInterceptor.java:149)
	at org.springframework.aop.framework.ReflectiveMethodInvocation.proceed(ReflectiveMethodInvocation.java:184)
	at org.springframework.data.projection.DefaultMethodInvokingMethodInterceptor.invoke(DefaultMethodInvokingMethodInterceptor.java:69)
	at org.springframework.aop.framework.ReflectiveMethodInvocation.proceed(ReflectiveMethodInvocation.java:184)
	at org.springframework.transaction.interceptor.TransactionAspectSupport.invokeWithinTransaction(TransactionAspectSupport.java:380)
	at org.springframework.transaction.interceptor.TransactionInterceptor.invoke(TransactionInterceptor.java:119)
	at org.springframework.aop.framework.ReflectiveMethodInvocation.proceed(ReflectiveMethodInvocation.java:184)
	at org.springframework.dao.support.PersistenceExceptionTranslationInterceptor.invoke(PersistenceExceptionTranslationInterceptor.java:138)
	... 125 common frames omitted
Caused by: java.sql.SQLException: Field 'updated_at' doesn't have a default value
	at com.mysql.cj.jdbc.exceptions.SQLError.createSQLException(SQLError.java:121)
	at com.mysql.cj.jdbc.exceptions.SQLExceptionsMapping.translateException(SQLExceptionsMapping.java:114)
	at com.mysql.cj.jdbc.ClientPreparedStatement.executeInternal(ClientPreparedStatement.java:990)
	at com.mysql.cj.jdbc.ClientPreparedStatement.executeUpdateInternal(ClientPreparedStatement.java:1168)
	at com.mysql.cj.jdbc.ClientPreparedStatement.executeUpdateInternal(ClientPreparedStatement.java:1103)
	at com.mysql.cj.jdbc.ClientPreparedStatement.executeLargeUpdate(ClientPreparedStatement.java:1450)
	at com.mysql.cj.jdbc.ClientPreparedStatement.executeUpdate(ClientPreparedStatement.java:1086)
	at com.zaxxer.hikari.pool.ProxyPreparedStatement.executeUpdate(ProxyPreparedStatement.java:61)
	at com.zaxxer.hikari.pool.HikariProxyPreparedStatement.executeUpdate(HikariProxyPreparedStatement.java)
	at org.hibernate.engine.jdbc.internal.ResultSetReturnImpl.executeUpdate(ResultSetReturnImpl.java:194)
	... 175 common frames omitted
2025-08-30 13:38:09 [http-nio-8080-exec-2] WARN  o.s.w.s.m.m.a.ExceptionHandlerExceptionResolver - Resolved [org.springframework.orm.jpa.JpaSystemException: could not execute statement [Field 'updated_at' doesn't have a default value] [insert into usuarios (account_locked,created_at,created_by,email,enabled,last_login_at,login_attempts,modified_at,modified_by,password,password_changed_at,role,username) values (?,?,?,?,?,?,?,?,?,?,?,?,?)]]
2025-08-30 13:38:09 [http-nio-8080-exec-2] INFO  c.e.b.s.logging.RequestLoggingFilter - [POST] /user/userRegister -> 500 (736 ms)
2025-08-30 13:38:19 [http-nio-8080-exec-4] INFO  c.e.b.u.c.controllers.UserController - Intentando registrar un nuevo usuario con email: jime@illescas.com
2025-08-30 13:38:19 [http-nio-8080-exec-4] INFO  c.e.b.users.service.UserService - Registrando nuevo usuario con email: jime@illescas.com
2025-08-30 13:38:19 [http-nio-8080-exec-4] INFO  c.e.b.u.s.implement.RegisterUser - Iniciando registro de usuario con email: jime@illescas.com y username: jimenaIlles
2025-08-30 13:38:19 [http-nio-8080-exec-4] WARN  o.h.e.jdbc.spi.SqlExceptionHelper - SQL Error: 1364, SQLState: HY000
2025-08-30 13:38:19 [http-nio-8080-exec-4] ERROR o.h.e.jdbc.spi.SqlExceptionHelper - Field 'updated_at' doesn't have a default value
2025-08-30 13:38:19 [http-nio-8080-exec-4] ERROR c.e.b.s.e.GlobalExceptionHandler - 🔥 Excepción no controlada: could not execute statement [Field 'updated_at' doesn't have a default value] [insert into usuarios (account_locked,created_at,created_by,email,enabled,last_login_at,login_attempts,modified_at,modified_by,password,password_changed_at,role,username) values (?,?,?,?,?,?,?,?,?,?,?,?,?)]
org.springframework.orm.jpa.JpaSystemException: could not execute statement [Field 'updated_at' doesn't have a default value] [insert into usuarios (account_locked,created_at,created_by,email,enabled,last_login_at,login_attempts,modified_at,modified_by,password,password_changed_at,role,username) values (?,?,?,?,?,?,?,?,?,?,?,?,?)]
	at org.springframework.orm.jpa.vendor.HibernateJpaDialect.convertHibernateAccessException(HibernateJpaDialect.java:348)
	at org.springframework.orm.jpa.vendor.HibernateJpaDialect.convertHibernateAccessException(HibernateJpaDialect.java:256)
	at org.springframework.orm.jpa.vendor.HibernateJpaDialect.translateExceptionIfPossible(HibernateJpaDialect.java:241)
	at org.springframework.orm.jpa.AbstractEntityManagerFactoryBean.translateExceptionIfPossible(AbstractEntityManagerFactoryBean.java:560)
	at org.springframework.dao.support.ChainedPersistenceExceptionTranslator.translateExceptionIfPossible(ChainedPersistenceExceptionTranslator.java:61)
	at org.springframework.dao.support.DataAccessUtils.translateIfNecessary(DataAccessUtils.java:343)
	at org.springframework.dao.support.PersistenceExceptionTranslationInterceptor.invoke(PersistenceExceptionTranslationInterceptor.java:160)
	at org.springframework.aop.framework.ReflectiveMethodInvocation.proceed(ReflectiveMethodInvocation.java:184)
	at org.springframework.data.jpa.repository.support.CrudMethodMetadataPostProcessor$CrudMethodMetadataPopulatingMethodInterceptor.invoke(CrudMethodMetadataPostProcessor.java:165)
	at org.springframework.aop.framework.ReflectiveMethodInvocation.proceed(ReflectiveMethodInvocation.java:184)
	at org.springframework.aop.framework.JdkDynamicAopProxy.invoke(JdkDynamicAopProxy.java:223)
	at jdk.proxy4/jdk.proxy4.$Proxy170.save(Unknown Source)
	at com.example.backend.users.service.implement.RegisterUser.execute(RegisterUser.java:57)
	at com.example.backend.users.service.UserService.save(UserService.java:46)
	at com.example.backend.users.controller.controllers.UserController.userRegister(UserController.java:48)
	at java.base/jdk.internal.reflect.DirectMethodHandleAccessor.invoke(DirectMethodHandleAccessor.java:103)
	at java.base/java.lang.reflect.Method.invoke(Method.java:580)
	at org.springframework.web.method.support.InvocableHandlerMethod.doInvoke(InvocableHandlerMethod.java:258)
	at org.springframework.web.method.support.InvocableHandlerMethod.invokeForRequest(InvocableHandlerMethod.java:191)
	at org.springframework.web.servlet.mvc.method.annotation.ServletInvocableHandlerMethod.invokeAndHandle(ServletInvocableHandlerMethod.java:118)
	at org.springframework.web.servlet.mvc.method.annotation.RequestMappingHandlerAdapter.invokeHandlerMethod(RequestMappingHandlerAdapter.java:991)
	at org.springframework.web.servlet.mvc.method.annotation.RequestMappingHandlerAdapter.handleInternal(RequestMappingHandlerAdapter.java:896)
	at org.springframework.web.servlet.mvc.method.AbstractHandlerMethodAdapter.handle(AbstractHandlerMethodAdapter.java:87)
	at org.springframework.web.servlet.DispatcherServlet.doDispatch(DispatcherServlet.java:1089)
	at org.springframework.web.servlet.DispatcherServlet.doService(DispatcherServlet.java:979)
	at org.springframework.web.servlet.FrameworkServlet.processRequest(FrameworkServlet.java:1014)
	at org.springframework.web.servlet.FrameworkServlet.doPost(FrameworkServlet.java:914)
	at jakarta.servlet.http.HttpServlet.service(HttpServlet.java:590)
	at org.springframework.web.servlet.FrameworkServlet.service(FrameworkServlet.java:885)
	at jakarta.servlet.http.HttpServlet.service(HttpServlet.java:658)
	at org.apache.catalina.core.ApplicationFilterChain.internalDoFilter(ApplicationFilterChain.java:195)
	at org.apache.catalina.core.ApplicationFilterChain.doFilter(ApplicationFilterChain.java:140)
	at org.apache.tomcat.websocket.server.WsFilter.doFilter(WsFilter.java:51)
	at org.apache.catalina.core.ApplicationFilterChain.internalDoFilter(ApplicationFilterChain.java:164)
	at org.apache.catalina.core.ApplicationFilterChain.doFilter(ApplicationFilterChain.java:140)
	at com.example.backend.shared.logging.RequestLoggingFilter.doFilterInternal(RequestLoggingFilter.java:29)
	at org.springframework.web.filter.OncePerRequestFilter.doFilter(OncePerRequestFilter.java:116)
	at org.apache.catalina.core.ApplicationFilterChain.internalDoFilter(ApplicationFilterChain.java:164)
	at org.apache.catalina.core.ApplicationFilterChain.doFilter(ApplicationFilterChain.java:140)
	at org.springframework.web.filter.OncePerRequestFilter.doFilter(OncePerRequestFilter.java:110)
	at org.apache.catalina.core.ApplicationFilterChain.internalDoFilter(ApplicationFilterChain.java:164)
	at org.apache.catalina.core.ApplicationFilterChain.doFilter(ApplicationFilterChain.java:140)
	at org.springframework.web.filter.CompositeFilter$VirtualFilterChain.doFilter(CompositeFilter.java:108)
	at org.springframework.web.filter.CompositeFilter$VirtualFilterChain.doFilter(CompositeFilter.java:108)
	at org.springframework.security.web.FilterChainProxy.lambda$doFilterInternal$3(FilterChainProxy.java:231)
	at org.springframework.security.web.FilterChainProxy$VirtualFilterChain.doFilter(FilterChainProxy.java:365)
	at org.springframework.security.web.access.intercept.AuthorizationFilter.doFilter(AuthorizationFilter.java:101)
	at org.springframework.security.web.FilterChainProxy$VirtualFilterChain.doFilter(FilterChainProxy.java:374)
	at org.springframework.security.web.access.ExceptionTranslationFilter.doFilter(ExceptionTranslationFilter.java:125)
	at org.springframework.security.web.access.ExceptionTranslationFilter.doFilter(ExceptionTranslationFilter.java:119)
	at org.springframework.security.web.FilterChainProxy$VirtualFilterChain.doFilter(FilterChainProxy.java:374)
	at org.springframework.security.web.session.SessionManagementFilter.doFilter(SessionManagementFilter.java:131)
	at org.springframework.security.web.session.SessionManagementFilter.doFilter(SessionManagementFilter.java:85)
	at org.springframework.security.web.FilterChainProxy$VirtualFilterChain.doFilter(FilterChainProxy.java:374)
	at org.springframework.security.web.authentication.AnonymousAuthenticationFilter.doFilter(AnonymousAuthenticationFilter.java:100)
	at org.springframework.security.web.FilterChainProxy$VirtualFilterChain.doFilter(FilterChainProxy.java:374)
	at org.springframework.security.web.servletapi.SecurityContextHolderAwareRequestFilter.doFilter(SecurityContextHolderAwareRequestFilter.java:179)
	at org.springframework.security.web.FilterChainProxy$VirtualFilterChain.doFilter(FilterChainProxy.java:374)
	at org.springframework.security.web.savedrequest.RequestCacheAwareFilter.doFilter(RequestCacheAwareFilter.java:63)
	at org.springframework.security.web.FilterChainProxy$VirtualFilterChain.doFilter(FilterChainProxy.java:374)
	at com.example.backend.config.security.JwtCookieAuthenticationFilter.doFilterInternal(JwtCookieAuthenticationFilter.java:62)
	at org.springframework.web.filter.OncePerRequestFilter.doFilter(OncePerRequestFilter.java:116)
	at org.springframework.security.web.FilterChainProxy$VirtualFilterChain.doFilter(FilterChainProxy.java:374)
	at org.springframework.security.web.authentication.AbstractAuthenticationProcessingFilter.doFilter(AbstractAuthenticationProcessingFilter.java:235)
	at org.springframework.security.web.authentication.AbstractAuthenticationProcessingFilter.doFilter(AbstractAuthenticationProcessingFilter.java:229)
	at org.springframework.security.web.FilterChainProxy$VirtualFilterChain.doFilter(FilterChainProxy.java:374)
	at org.springframework.security.oauth2.client.web.OAuth2AuthorizationRequestRedirectFilter.doFilterInternal(OAuth2AuthorizationRequestRedirectFilter.java:198)
	at org.springframework.web.filter.OncePerRequestFilter.doFilter(OncePerRequestFilter.java:116)
	at org.springframework.security.web.FilterChainProxy$VirtualFilterChain.doFilter(FilterChainProxy.java:374)
	at org.springframework.security.web.authentication.logout.LogoutFilter.doFilter(LogoutFilter.java:107)
	at org.springframework.security.web.authentication.logout.LogoutFilter.doFilter(LogoutFilter.java:93)
	at org.springframework.security.web.FilterChainProxy$VirtualFilterChain.doFilter(FilterChainProxy.java:374)
	at org.springframework.web.filter.CorsFilter.doFilterInternal(CorsFilter.java:91)
	at org.springframework.web.filter.OncePerRequestFilter.doFilter(OncePerRequestFilter.java:116)
	at org.springframework.security.web.FilterChainProxy$VirtualFilterChain.doFilter(FilterChainProxy.java:374)
	at org.springframework.security.web.header.HeaderWriterFilter.doHeadersAfter(HeaderWriterFilter.java:90)
	at org.springframework.security.web.header.HeaderWriterFilter.doFilterInternal(HeaderWriterFilter.java:75)
	at org.springframework.web.filter.OncePerRequestFilter.doFilter(OncePerRequestFilter.java:116)
	at org.springframework.security.web.FilterChainProxy$VirtualFilterChain.doFilter(FilterChainProxy.java:374)
	at org.springframework.security.web.context.SecurityContextHolderFilter.doFilter(SecurityContextHolderFilter.java:82)
	at org.springframework.security.web.context.SecurityContextHolderFilter.doFilter(SecurityContextHolderFilter.java:69)
	at org.springframework.security.web.FilterChainProxy$VirtualFilterChain.doFilter(FilterChainProxy.java:374)
	at org.springframework.security.web.context.request.async.WebAsyncManagerIntegrationFilter.doFilterInternal(WebAsyncManagerIntegrationFilter.java:62)
	at org.springframework.web.filter.OncePerRequestFilter.doFilter(OncePerRequestFilter.java:116)
	at org.springframework.security.web.FilterChainProxy$VirtualFilterChain.doFilter(FilterChainProxy.java:374)
	at org.springframework.security.web.session.DisableEncodeUrlFilter.doFilterInternal(DisableEncodeUrlFilter.java:42)
	at org.springframework.web.filter.OncePerRequestFilter.doFilter(OncePerRequestFilter.java:116)
	at org.springframework.security.web.FilterChainProxy$VirtualFilterChain.doFilter(FilterChainProxy.java:374)
	at org.springframework.security.web.FilterChainProxy.doFilterInternal(FilterChainProxy.java:233)
	at org.springframework.security.web.FilterChainProxy.doFilter(FilterChainProxy.java:191)
	at org.springframework.web.filter.CompositeFilter$VirtualFilterChain.doFilter(CompositeFilter.java:113)
	at org.springframework.web.filter.ServletRequestPathFilter.doFilter(ServletRequestPathFilter.java:52)
	at org.springframework.web.filter.CompositeFilter$VirtualFilterChain.doFilter(CompositeFilter.java:113)
	at org.springframework.web.filter.CompositeFilter.doFilter(CompositeFilter.java:74)
	at org.springframework.security.config.annotation.web.configuration.WebSecurityConfiguration$CompositeFilterChainProxy.doFilter(WebSecurityConfiguration.java:319)
	at org.springframework.web.filter.CompositeFilter$VirtualFilterChain.doFilter(CompositeFilter.java:113)
	at org.springframework.web.servlet.handler.HandlerMappingIntrospector.lambda$createCacheFilter$4(HandlerMappingIntrospector.java:267)
	at org.springframework.web.filter.CompositeFilter$VirtualFilterChain.doFilter(CompositeFilter.java:113)
	at org.springframework.web.filter.CompositeFilter.doFilter(CompositeFilter.java:74)
	at org.springframework.security.config.annotation.web.configuration.WebMvcSecurityConfiguration$CompositeFilterChainProxy.doFilter(WebMvcSecurityConfiguration.java:240)
	at org.springframework.web.filter.DelegatingFilterProxy.invokeDelegate(DelegatingFilterProxy.java:362)
	at org.springframework.web.filter.DelegatingFilterProxy.doFilter(DelegatingFilterProxy.java:278)
	at org.apache.catalina.core.ApplicationFilterChain.internalDoFilter(ApplicationFilterChain.java:164)
	at org.apache.catalina.core.ApplicationFilterChain.doFilter(ApplicationFilterChain.java:140)
	at org.springframework.web.filter.RequestContextFilter.doFilterInternal(RequestContextFilter.java:100)
	at org.springframework.web.filter.OncePerRequestFilter.doFilter(OncePerRequestFilter.java:116)
	at org.apache.catalina.core.ApplicationFilterChain.internalDoFilter(ApplicationFilterChain.java:164)
	at org.apache.catalina.core.ApplicationFilterChain.doFilter(ApplicationFilterChain.java:140)
	at org.springframework.web.filter.FormContentFilter.doFilterInternal(FormContentFilter.java:93)
	at org.springframework.web.filter.OncePerRequestFilter.doFilter(OncePerRequestFilter.java:116)
	at org.apache.catalina.core.ApplicationFilterChain.internalDoFilter(ApplicationFilterChain.java:164)
	at org.apache.catalina.core.ApplicationFilterChain.doFilter(ApplicationFilterChain.java:140)
	at org.springframework.web.filter.CharacterEncodingFilter.doFilterInternal(CharacterEncodingFilter.java:201)
	at org.springframework.web.filter.OncePerRequestFilter.doFilter(OncePerRequestFilter.java:116)
	at org.apache.catalina.core.ApplicationFilterChain.internalDoFilter(ApplicationFilterChain.java:164)
	at org.apache.catalina.core.ApplicationFilterChain.doFilter(ApplicationFilterChain.java:140)
	at org.apache.catalina.core.StandardWrapperValve.invoke(StandardWrapperValve.java:167)
	at org.apache.catalina.core.StandardContextValve.invoke(StandardContextValve.java:90)
	at org.apache.catalina.authenticator.AuthenticatorBase.invoke(AuthenticatorBase.java:483)
	at org.apache.catalina.core.StandardHostValve.invoke(StandardHostValve.java:116)
	at org.apache.catalina.valves.ErrorReportValve.invoke(ErrorReportValve.java:93)
	at org.apache.catalina.core.StandardEngineValve.invoke(StandardEngineValve.java:74)
	at org.apache.catalina.connector.CoyoteAdapter.service(CoyoteAdapter.java:344)
	at org.apache.coyote.http11.Http11Processor.service(Http11Processor.java:398)
	at org.apache.coyote.AbstractProcessorLight.process(AbstractProcessorLight.java:63)
	at org.apache.coyote.AbstractProtocol$ConnectionHandler.process(AbstractProtocol.java:903)
	at org.apache.tomcat.util.net.NioEndpoint$SocketProcessor.doRun(NioEndpoint.java:1769)
	at org.apache.tomcat.util.net.SocketProcessorBase.run(SocketProcessorBase.java:52)
	at org.apache.tomcat.util.threads.ThreadPoolExecutor.runWorker(ThreadPoolExecutor.java:1189)
	at org.apache.tomcat.util.threads.ThreadPoolExecutor$Worker.run(ThreadPoolExecutor.java:658)
	at org.apache.tomcat.util.threads.TaskThread$WrappingRunnable.run(TaskThread.java:63)
	at java.base/java.lang.Thread.run(Thread.java:1583)
Caused by: org.hibernate.exception.GenericJDBCException: could not execute statement [Field 'updated_at' doesn't have a default value] [insert into usuarios (account_locked,created_at,created_by,email,enabled,last_login_at,login_attempts,modified_at,modified_by,password,password_changed_at,role,username) values (?,?,?,?,?,?,?,?,?,?,?,?,?)]
	at org.hibernate.exception.internal.StandardSQLExceptionConverter.convert(StandardSQLExceptionConverter.java:63)
	at org.hibernate.engine.jdbc.spi.SqlExceptionHelper.convert(SqlExceptionHelper.java:108)
	at org.hibernate.engine.jdbc.internal.ResultSetReturnImpl.executeUpdate(ResultSetReturnImpl.java:197)
	at org.hibernate.id.insert.GetGeneratedKeysDelegate.performMutation(GetGeneratedKeysDelegate.java:116)
	at org.hibernate.engine.jdbc.mutation.internal.MutationExecutorSingleNonBatched.performNonBatchedOperations(MutationExecutorSingleNonBatched.java:47)
	at org.hibernate.engine.jdbc.mutation.internal.AbstractMutationExecutor.execute(AbstractMutationExecutor.java:55)
	at org.hibernate.persister.entity.mutation.InsertCoordinatorStandard.doStaticInserts(InsertCoordinatorStandard.java:194)
	at org.hibernate.persister.entity.mutation.InsertCoordinatorStandard.coordinateInsert(InsertCoordinatorStandard.java:132)
	at org.hibernate.persister.entity.mutation.InsertCoordinatorStandard.insert(InsertCoordinatorStandard.java:95)
	at org.hibernate.action.internal.EntityIdentityInsertAction.execute(EntityIdentityInsertAction.java:85)
	at org.hibernate.engine.spi.ActionQueue.execute(ActionQueue.java:682)
	at org.hibernate.engine.spi.ActionQueue.addResolvedEntityInsertAction(ActionQueue.java:293)
	at org.hibernate.engine.spi.ActionQueue.addInsertAction(ActionQueue.java:274)
	at org.hibernate.engine.spi.ActionQueue.addAction(ActionQueue.java:324)
	at org.hibernate.event.internal.AbstractSaveEventListener.addInsertAction(AbstractSaveEventListener.java:394)
	at org.hibernate.event.internal.AbstractSaveEventListener.performSaveOrReplicate(AbstractSaveEventListener.java:308)
	at org.hibernate.event.internal.AbstractSaveEventListener.performSave(AbstractSaveEventListener.java:224)
	at org.hibernate.event.internal.AbstractSaveEventListener.saveWithGeneratedId(AbstractSaveEventListener.java:136)
	at org.hibernate.event.internal.DefaultPersistEventListener.entityIsTransient(DefaultPersistEventListener.java:177)
	at org.hibernate.event.internal.DefaultPersistEventListener.persist(DefaultPersistEventListener.java:95)
	at org.hibernate.event.internal.DefaultPersistEventListener.onPersist(DefaultPersistEventListener.java:79)
	at org.hibernate.event.internal.DefaultPersistEventListener.onPersist(DefaultPersistEventListener.java:55)
	at org.hibernate.event.service.internal.EventListenerGroupImpl.fireEventOnEachListener(EventListenerGroupImpl.java:127)
	at org.hibernate.internal.SessionImpl.firePersist(SessionImpl.java:761)
	at org.hibernate.internal.SessionImpl.persist(SessionImpl.java:745)
	at java.base/jdk.internal.reflect.DirectMethodHandleAccessor.invoke(DirectMethodHandleAccessor.java:103)
	at java.base/java.lang.reflect.Method.invoke(Method.java:580)
	at org.springframework.orm.jpa.ExtendedEntityManagerCreator$ExtendedEntityManagerInvocationHandler.invoke(ExtendedEntityManagerCreator.java:364)
	at jdk.proxy4/jdk.proxy4.$Proxy167.persist(Unknown Source)
	at java.base/jdk.internal.reflect.DirectMethodHandleAccessor.invoke(DirectMethodHandleAccessor.java:103)
	at java.base/java.lang.reflect.Method.invoke(Method.java:580)
	at org.springframework.orm.jpa.SharedEntityManagerCreator$SharedEntityManagerInvocationHandler.invoke(SharedEntityManagerCreator.java:320)
	at jdk.proxy4/jdk.proxy4.$Proxy167.persist(Unknown Source)
	at org.springframework.data.jpa.repository.support.SimpleJpaRepository.save(SimpleJpaRepository.java:654)
	at java.base/jdk.internal.reflect.DirectMethodHandleAccessor.invoke(DirectMethodHandleAccessor.java:103)
	at java.base/java.lang.reflect.Method.invoke(Method.java:580)
	at org.springframework.aop.support.AopUtils.invokeJoinpointUsingReflection(AopUtils.java:360)
	at org.springframework.data.repository.core.support.RepositoryMethodInvoker$RepositoryFragmentMethodInvoker.lambda$new$0(RepositoryMethodInvoker.java:277)
	at org.springframework.data.repository.core.support.RepositoryMethodInvoker.doInvoke(RepositoryMethodInvoker.java:170)
	at org.springframework.data.repository.core.support.RepositoryMethodInvoker.invoke(RepositoryMethodInvoker.java:158)
	at org.springframework.data.repository.core.support.RepositoryComposition$RepositoryFragments.invoke(RepositoryComposition.java:515)
	at org.springframework.data.repository.core.support.RepositoryComposition.invoke(RepositoryComposition.java:284)
	at org.springframework.data.repository.core.support.RepositoryFactorySupport$ImplementationMethodExecutionInterceptor.invoke(RepositoryFactorySupport.java:734)
	at org.springframework.aop.framework.ReflectiveMethodInvocation.proceed(ReflectiveMethodInvocation.java:184)
	at org.springframework.data.repository.core.support.QueryExecutorMethodInterceptor.doInvoke(QueryExecutorMethodInterceptor.java:174)
	at org.springframework.data.repository.core.support.QueryExecutorMethodInterceptor.invoke(QueryExecutorMethodInterceptor.java:149)
	at org.springframework.aop.framework.ReflectiveMethodInvocation.proceed(ReflectiveMethodInvocation.java:184)
	at org.springframework.data.projection.DefaultMethodInvokingMethodInterceptor.invoke(DefaultMethodInvokingMethodInterceptor.java:69)
	at org.springframework.aop.framework.ReflectiveMethodInvocation.proceed(ReflectiveMethodInvocation.java:184)
	at org.springframework.transaction.interceptor.TransactionAspectSupport.invokeWithinTransaction(TransactionAspectSupport.java:380)
	at org.springframework.transaction.interceptor.TransactionInterceptor.invoke(TransactionInterceptor.java:119)
	at org.springframework.aop.framework.ReflectiveMethodInvocation.proceed(ReflectiveMethodInvocation.java:184)
	at org.springframework.dao.support.PersistenceExceptionTranslationInterceptor.invoke(PersistenceExceptionTranslationInterceptor.java:138)
	... 125 common frames omitted
Caused by: java.sql.SQLException: Field 'updated_at' doesn't have a default value
	at com.mysql.cj.jdbc.exceptions.SQLError.createSQLException(SQLError.java:121)
	at com.mysql.cj.jdbc.exceptions.SQLExceptionsMapping.translateException(SQLExceptionsMapping.java:114)
	at com.mysql.cj.jdbc.ClientPreparedStatement.executeInternal(ClientPreparedStatement.java:990)
	at com.mysql.cj.jdbc.ClientPreparedStatement.executeUpdateInternal(ClientPreparedStatement.java:1168)
	at com.mysql.cj.jdbc.ClientPreparedStatement.executeUpdateInternal(ClientPreparedStatement.java:1103)
	at com.mysql.cj.jdbc.ClientPreparedStatement.executeLargeUpdate(ClientPreparedStatement.java:1450)
	at com.mysql.cj.jdbc.ClientPreparedStatement.executeUpdate(ClientPreparedStatement.java:1086)
	at com.zaxxer.hikari.pool.ProxyPreparedStatement.executeUpdate(ProxyPreparedStatement.java:61)
	at com.zaxxer.hikari.pool.HikariProxyPreparedStatement.executeUpdate(HikariProxyPreparedStatement.java)
	at org.hibernate.engine.jdbc.internal.ResultSetReturnImpl.executeUpdate(ResultSetReturnImpl.java:194)
	... 175 common frames omitted
2025-08-30 13:38:19 [http-nio-8080-exec-4] WARN  o.s.w.s.m.m.a.ExceptionHandlerExceptionResolver - Resolved [org.springframework.orm.jpa.JpaSystemException: could not execute statement [Field 'updated_at' doesn't have a default value] [insert into usuarios (account_locked,created_at,created_by,email,enabled,last_login_at,login_attempts,modified_at,modified_by,password,password_changed_at,role,username) values (?,?,?,?,?,?,?,?,?,?,?,?,?)]]
2025-08-30 13:38:19 [http-nio-8080-exec-4] INFO  c.e.b.s.logging.RequestLoggingFilter - [POST] /user/userRegister -> 500 (79 ms)
2025-08-30 13:40:18 [SpringApplicationShutdownHook] INFO  o.s.b.w.e.tomcat.GracefulShutdown - Commencing graceful shutdown. Waiting for active requests to complete
2025-08-30 13:40:18 [tomcat-shutdown] INFO  o.s.b.w.e.tomcat.GracefulShutdown - Graceful shutdown complete
2025-08-30 13:40:18 [SpringApplicationShutdownHook] INFO  o.s.o.j.LocalContainerEntityManagerFactoryBean - Closing JPA EntityManagerFactory for persistence unit 'default'
2025-08-30 13:40:18 [SpringApplicationShutdownHook] INFO  com.zaxxer.hikari.HikariDataSource - HikariPool-1 - Shutdown initiated...
2025-08-30 13:40:18 [SpringApplicationShutdownHook] INFO  com.zaxxer.hikari.HikariDataSource - HikariPool-1 - Shutdown completed.
2025-08-30 13:42:26 [background-preinit] INFO  o.h.validator.internal.util.Version - HV000001: Hibernate Validator 8.0.2.Final
2025-08-30 13:42:26 [restartedMain] INFO  c.e.backend.PublicidadWebApplication - Starting PublicidadWebApplication using Java 21.0.6 with PID 43428 (C:\Users\jonii\OneDrive\Escritorio\Proyectos\MONOLITOS\SISTEMA DE PUBLICIDAD\Publicidad-Web\BackendPublicacionWeb\publicacionWeb\target\classes started by jonii in C:\Users\jonii\OneDrive\Escritorio\Proyectos\MONOLITOS\SISTEMA DE PUBLICIDAD\Publicidad-Web\BackendPublicacionWeb)
2025-08-30 13:42:26 [restartedMain] INFO  c.e.backend.PublicidadWebApplication - The following 1 profile is active: "dev"
2025-08-30 13:42:26 [restartedMain] INFO  o.s.b.d.e.DevToolsPropertyDefaultsPostProcessor - Devtools property defaults active! Set 'spring.devtools.add-properties' to 'false' to disable
2025-08-30 13:42:26 [restartedMain] INFO  o.s.b.d.e.DevToolsPropertyDefaultsPostProcessor - For additional web related logging consider setting the 'logging.level.web' property to 'DEBUG'
2025-08-30 13:42:28 [restartedMain] INFO  o.s.d.r.c.RepositoryConfigurationDelegate - Bootstrapping Spring Data JPA repositories in DEFAULT mode.
2025-08-30 13:42:28 [restartedMain] INFO  o.s.d.r.c.RepositoryConfigurationDelegate - Finished Spring Data repository scanning in 209 ms. Found 7 JPA repository interfaces.
2025-08-30 13:42:29 [restartedMain] INFO  o.s.b.w.e.tomcat.TomcatWebServer - Tomcat initialized with port 8080 (http)
2025-08-30 13:42:29 [restartedMain] INFO  o.a.coyote.http11.Http11NioProtocol - Initializing ProtocolHandler ["http-nio-8080"]
2025-08-30 13:42:29 [restartedMain] INFO  o.a.catalina.core.StandardService - Starting service [Tomcat]
2025-08-30 13:42:29 [restartedMain] INFO  o.a.catalina.core.StandardEngine - Starting Servlet engine: [Apache Tomcat/10.1.43]
2025-08-30 13:42:29 [restartedMain] INFO  o.a.c.c.C.[Tomcat].[localhost].[/] - Initializing Spring embedded WebApplicationContext
2025-08-30 13:42:29 [restartedMain] INFO  o.s.b.w.s.c.ServletWebServerApplicationContext - Root WebApplicationContext: initialization completed in 3274 ms
2025-08-30 13:42:29 [restartedMain] INFO  o.h.jpa.internal.util.LogHelper - HHH000204: Processing PersistenceUnitInfo [name: default]
2025-08-30 13:42:29 [restartedMain] INFO  org.hibernate.Version - HHH000412: Hibernate ORM core version 6.6.22.Final
2025-08-30 13:42:29 [restartedMain] INFO  o.h.c.i.RegionFactoryInitiator - HHH000026: Second-level cache disabled
2025-08-30 13:42:30 [restartedMain] INFO  o.s.o.j.p.SpringPersistenceUnitInfo - No LoadTimeWeaver setup: ignoring JPA class transformer
2025-08-30 13:42:30 [restartedMain] INFO  com.zaxxer.hikari.HikariDataSource - HikariPool-1 - Starting...
2025-08-30 13:42:30 [restartedMain] INFO  com.zaxxer.hikari.pool.HikariPool - HikariPool-1 - Added connection com.mysql.cj.jdbc.ConnectionImpl@7092cc9a
2025-08-30 13:42:30 [restartedMain] INFO  com.zaxxer.hikari.HikariDataSource - HikariPool-1 - Start completed.
2025-08-30 13:42:31 [restartedMain] WARN  org.hibernate.orm.deprecation - HHH90000025: MySQL8Dialect does not need to be specified explicitly using 'hibernate.dialect' (remove the property setting and it will be selected by default)
2025-08-30 13:42:31 [restartedMain] WARN  org.hibernate.orm.deprecation - HHH90000026: MySQL8Dialect has been deprecated; use org.hibernate.dialect.MySQLDialect instead
2025-08-30 13:42:31 [restartedMain] INFO  o.hibernate.orm.connections.pooling - HHH10001005: Database info:
	Database JDBC URL [Connecting through datasource 'HikariDataSource (HikariPool-1)']
	Database driver: undefined/unknown
	Database version: 8.0
	Autocommit mode: undefined/unknown
	Isolation level: undefined/unknown
	Minimum pool size: undefined/unknown
	Maximum pool size: undefined/unknown
2025-08-30 13:42:32 [restartedMain] INFO  o.h.e.t.j.p.i.JtaPlatformInitiator - HHH000489: No JTA platform available (set 'hibernate.transaction.jta.platform' to enable JTA platform integration)
2025-08-30 13:42:32 [restartedMain] INFO  o.s.o.j.LocalContainerEntityManagerFactoryBean - Initialized JPA EntityManagerFactory for persistence unit 'default'
2025-08-30 13:42:33 [restartedMain] INFO  c.e.b.users.service.UserService - Ejecutando inserción de usuario ADMIN inicial...
2025-08-30 13:42:33 [restartedMain] INFO  c.e.b.users.service.UserService - Usuario ADMIN insertado correctamente (si no existía).
2025-08-30 13:42:33 [restartedMain] INFO  o.s.d.j.r.query.QueryEnhancerFactory - Hibernate is in classpath; If applicable, HQL parser will be used.
2025-08-30 13:42:34 [restartedMain] INFO  o.s.s.c.a.a.c.InitializeAuthenticationProviderBeanManagerConfigurer$InitializeAuthenticationProviderManagerConfigurer - Global AuthenticationManager configured with AuthenticationProvider bean with name authenticationProvider
2025-08-30 13:42:34 [restartedMain] WARN  o.s.s.c.a.a.c.InitializeUserDetailsBeanManagerConfigurer$InitializeUserDetailsManagerConfigurer - Global AuthenticationManager configured with an AuthenticationProvider bean. UserDetailsService beans will not be used by Spring Security for automatically configuring username/password login. Consider removing the AuthenticationProvider bean. Alternatively, consider using the UserDetailsService in a manually instantiated DaoAuthenticationProvider. If the current configuration is intentional, to turn off this warning, increase the logging level of 'org.springframework.security.config.annotation.authentication.configuration.InitializeUserDetailsBeanManagerConfigurer' to ERROR
2025-08-30 13:42:35 [restartedMain] WARN  o.s.b.a.o.j.JpaBaseConfiguration$JpaWebConfiguration - spring.jpa.open-in-view is enabled by default. Therefore, database queries may be performed during view rendering. Explicitly configure spring.jpa.open-in-view to disable this warning
2025-08-30 13:42:36 [restartedMain] INFO  o.s.b.d.a.OptionalLiveReloadServer - LiveReload server is running on port 35729
2025-08-30 13:42:36 [restartedMain] INFO  o.a.coyote.http11.Http11NioProtocol - Starting ProtocolHandler ["http-nio-8080"]
2025-08-30 13:42:36 [restartedMain] INFO  o.s.b.w.e.tomcat.TomcatWebServer - Tomcat started on port 8080 (http) with context path '/'
2025-08-30 13:42:36 [restartedMain] INFO  c.e.backend.PublicidadWebApplication - Started PublicidadWebApplication in 10.771 seconds (process running for 11.525)
2025-08-30 13:42:58 [http-nio-8080-exec-1] INFO  o.a.c.c.C.[Tomcat].[localhost].[/] - Initializing Spring DispatcherServlet 'dispatcherServlet'
2025-08-30 13:42:58 [http-nio-8080-exec-1] INFO  o.s.web.servlet.DispatcherServlet - Initializing Servlet 'dispatcherServlet'
2025-08-30 13:42:58 [http-nio-8080-exec-1] INFO  o.s.web.servlet.DispatcherServlet - Completed initialization in 1 ms
2025-08-30 13:42:58 [http-nio-8080-exec-1] INFO  c.e.b.c.c.c.CategoryController - Petición recibida para listar todas las categorías
2025-08-30 13:42:58 [http-nio-8080-exec-1] INFO  c.e.b.c.service.CategoryService - Recuperando todas las categorías...
2025-08-30 13:42:58 [http-nio-8080-exec-1] INFO  c.e.b.c.s.i.GetAllCategories - → [GetAllCategories] Solicitud para obtener todas las categorías ordenadas por nombre
2025-08-30 13:42:58 [http-nio-8080-exec-1] INFO  c.e.b.c.s.i.GetAllCategories - ✓ [GetAllCategories] Se recuperaron 0 categorías
2025-08-30 13:42:58 [http-nio-8080-exec-1] INFO  c.e.b.c.service.CategoryService - Se recuperaron 0 categorías
2025-08-30 13:42:58 [http-nio-8080-exec-1] INFO  c.e.b.c.c.c.CategoryController - Se recuperaron 0 categorías
2025-08-30 13:42:58 [http-nio-8080-exec-3] INFO  c.e.b.p.c.c.ProviderController - → [ProviderController] Solicitud para listar proveedores paginados | page=0 | size=5
2025-08-30 13:42:58 [http-nio-8080-exec-3] INFO  c.e.b.p.service.ProviderService - → [ProviderService] Iniciando recuperación de prestadores | página=0 | size=5
2025-08-30 13:42:58 [http-nio-8080-exec-3] INFO  c.e.b.p.service.ProviderService - ✓ [ProviderService] Recuperados 0 prestadores | página=0 de 0 | totalElements=0
2025-08-30 13:42:58 [http-nio-8080-exec-3] INFO  c.e.b.p.c.c.ProviderController - ✓ [ProviderController] Se recuperaron 0 proveedores en la página 0 de 0 (total elementos=0)
2025-08-30 13:42:58 [http-nio-8080-exec-1] INFO  c.e.b.s.logging.RequestLoggingFilter - [GET] /api/categories/getAll -> 200 (94 ms)
2025-08-30 13:42:58 [http-nio-8080-exec-5] INFO  c.e.b.c.c.c.CategoryController - Petición recibida para listar todas las categorías
2025-08-30 13:42:58 [http-nio-8080-exec-5] INFO  c.e.b.c.service.CategoryService - Recuperando todas las categorías...
2025-08-30 13:42:58 [http-nio-8080-exec-5] INFO  c.e.b.c.s.i.GetAllCategories - → [GetAllCategories] Solicitud para obtener todas las categorías ordenadas por nombre
2025-08-30 13:42:58 [http-nio-8080-exec-5] INFO  c.e.b.c.s.i.GetAllCategories - ✓ [GetAllCategories] Se recuperaron 0 categorías
2025-08-30 13:42:58 [http-nio-8080-exec-5] INFO  c.e.b.c.service.CategoryService - Se recuperaron 0 categorías
2025-08-30 13:42:58 [http-nio-8080-exec-5] INFO  c.e.b.c.c.c.CategoryController - Se recuperaron 0 categorías
2025-08-30 13:42:58 [http-nio-8080-exec-5] INFO  c.e.b.s.logging.RequestLoggingFilter - [GET] /api/categories/getAll -> 200 (8 ms)
2025-08-30 13:42:58 [http-nio-8080-exec-3] WARN  o.s.d.w.c.SpringDataJacksonConfiguration$PageModule$WarningLoggingModifier - Serializing PageImpl instances as-is is not supported, meaning that there is no guarantee about the stability of the resulting JSON structure!
	For a stable JSON structure, please use Spring Data's PagedModel (globally via @EnableSpringDataWebSupport(pageSerializationMode = VIA_DTO))
	or Spring HATEOAS and Spring Data's PagedResourcesAssembler as documented in https://docs.spring.io/spring-data/commons/reference/repositories/core-extensions.html#core.web.pageables.

2025-08-30 13:42:58 [http-nio-8080-exec-3] INFO  c.e.b.s.logging.RequestLoggingFilter - [GET] /api/providers/paged -> 200 (166 ms)
2025-08-30 13:42:58 [http-nio-8080-exec-6] INFO  c.e.b.p.c.c.ProviderController - → [ProviderController] Solicitud para listar proveedores paginados | page=0 | size=5
2025-08-30 13:42:58 [http-nio-8080-exec-6] INFO  c.e.b.p.service.ProviderService - → [ProviderService] Iniciando recuperación de prestadores | página=0 | size=5
2025-08-30 13:42:58 [http-nio-8080-exec-6] INFO  c.e.b.p.service.ProviderService - ✓ [ProviderService] Recuperados 0 prestadores | página=0 de 0 | totalElements=0
2025-08-30 13:42:58 [http-nio-8080-exec-6] INFO  c.e.b.p.c.c.ProviderController - ✓ [ProviderController] Se recuperaron 0 proveedores en la página 0 de 0 (total elementos=0)
2025-08-30 13:42:58 [http-nio-8080-exec-6] INFO  c.e.b.s.logging.RequestLoggingFilter - [GET] /api/providers/paged -> 200 (11 ms)
2025-08-30 13:42:58 [http-nio-8080-exec-7] INFO  c.e.b.p.c.c.ProviderController - → [ProviderController] Solicitud para listar proveedores paginados | page=0 | size=5
2025-08-30 13:42:58 [http-nio-8080-exec-7] INFO  c.e.b.p.service.ProviderService - → [ProviderService] Iniciando recuperación de prestadores | página=0 | size=5
2025-08-30 13:42:58 [http-nio-8080-exec-7] INFO  c.e.b.p.service.ProviderService - ✓ [ProviderService] Recuperados 0 prestadores | página=0 de 0 | totalElements=0
2025-08-30 13:42:58 [http-nio-8080-exec-7] INFO  c.e.b.p.c.c.ProviderController - ✓ [ProviderController] Se recuperaron 0 proveedores en la página 0 de 0 (total elementos=0)
2025-08-30 13:42:58 [http-nio-8080-exec-7] INFO  c.e.b.s.logging.RequestLoggingFilter - [GET] /api/providers/paged -> 200 (11 ms)
2025-08-30 13:43:16 [http-nio-8080-exec-4] INFO  c.e.b.u.c.controllers.UserController - Intentando registrar un nuevo usuario con email: jime@jime.com
2025-08-30 13:43:16 [http-nio-8080-exec-4] INFO  c.e.b.users.service.UserService - Registrando nuevo usuario con email: jime@jime.com
2025-08-30 13:43:16 [http-nio-8080-exec-4] INFO  c.e.b.u.s.implement.RegisterUser - Iniciando registro de usuario con email: jime@jime.com y username: jimena
2025-08-30 13:43:16 [http-nio-8080-exec-4] INFO  c.e.b.u.s.implement.RegisterUser - Usuario registrado exitosamente con ID: 2 y email: jime@jime.com
2025-08-30 13:43:16 [http-nio-8080-exec-4] INFO  c.e.b.users.service.UserService - Usuario jime@jime.com registrado correctamente.
2025-08-30 13:43:16 [http-nio-8080-exec-4] INFO  c.e.b.u.c.controllers.UserController - Usuario registrado correctamente con email: jime@jime.com
2025-08-30 13:43:16 [http-nio-8080-exec-4] INFO  c.e.b.s.logging.RequestLoggingFilter - [POST] /user/userRegister -> 201 (153 ms)
2025-08-30 13:43:27 [http-nio-8080-exec-1] INFO  c.e.b.c.s.o.GoogleOAuth2SuccessHandler - ✅ Inicio de autenticación con Google OAuth2
2025-08-30 13:43:27 [http-nio-8080-exec-1] INFO  c.e.b.c.s.o.GoogleOAuth2SuccessHandler - 📧 Usuario autenticado por Google con email: illescasjonathan39@gmail.com
2025-08-30 13:43:27 [http-nio-8080-exec-1] INFO  c.e.b.c.s.o.GoogleOAuth2SuccessHandler - Usuario con email illescasjonathan39@gmail.com no existe en DB, creando nuevo...
2025-08-30 13:43:27 [http-nio-8080-exec-1] INFO  c.e.b.c.s.o.GoogleOAuth2SuccessHandler - Nuevo usuario creado con username: illescasjonathan39
2025-08-30 13:43:27 [http-nio-8080-exec-1] INFO  c.e.b.c.s.o.GoogleOAuth2SuccessHandler - 🕒 Último login actualizado para usuario: illescasjonathan39@gmail.com
2025-08-30 13:43:27 [http-nio-8080-exec-1] INFO  c.e.b.config.security.JwtService - Se generó un nuevo token para el usuario [illescasjonathan39@gmail.com], rol: USER
2025-08-30 13:43:27 [http-nio-8080-exec-1] INFO  c.e.b.c.s.o.GoogleOAuth2SuccessHandler - 🔑 JWT generado y agregado en cookie para usuario illescasjonathan39@gmail.com
2025-08-30 13:43:27 [http-nio-8080-exec-1] INFO  c.e.b.c.s.o.GoogleOAuth2SuccessHandler - ✅ Autenticación exitosa, redirigiendo al frontend
2025-08-30 13:43:27 [http-nio-8080-exec-3] INFO  c.e.b.config.security.JwtService - Token válido para el usuario [illescasjonathan39@gmail.com]
2025-08-30 13:43:27 [http-nio-8080-exec-3] INFO  c.e.b.u.c.controllers.AuthController - Obteniendo sesión actual
2025-08-30 13:43:27 [http-nio-8080-exec-3] INFO  c.e.b.u.s.implement.GetUserSession - Sesión válida encontrada. Usuario autenticado: id=3, email=illescasjonathan39@gmail.com
2025-08-30 13:43:27 [http-nio-8080-exec-3] INFO  c.e.b.u.c.controllers.AuthController - Sesión obtenida para usuario: illescasjonathan39@gmail.com
2025-08-30 13:43:27 [http-nio-8080-exec-3] INFO  c.e.b.s.logging.RequestLoggingFilter - [GET] /auth/me -> 200 (28 ms)
2025-08-30 13:43:27 [http-nio-8080-exec-7] INFO  c.e.b.p.c.c.ProviderController - → [ProviderController] Solicitud para listar proveedores paginados | page=0 | size=5
2025-08-30 13:43:27 [http-nio-8080-exec-7] INFO  c.e.b.p.service.ProviderService - → [ProviderService] Iniciando recuperación de prestadores | página=0 | size=5
2025-08-30 13:43:27 [http-nio-8080-exec-7] INFO  c.e.b.p.service.ProviderService - ✓ [ProviderService] Recuperados 0 prestadores | página=0 de 0 | totalElements=0
2025-08-30 13:43:27 [http-nio-8080-exec-7] INFO  c.e.b.p.c.c.ProviderController - ✓ [ProviderController] Se recuperaron 0 proveedores en la página 0 de 0 (total elementos=0)
2025-08-30 13:43:27 [http-nio-8080-exec-7] INFO  c.e.b.s.logging.RequestLoggingFilter - [GET] /api/providers/paged -> 200 (10 ms)
2025-08-30 13:43:27 [http-nio-8080-exec-2] INFO  c.e.b.p.c.c.ProviderController - → [ProviderController] Solicitud para listar proveedores paginados | page=0 | size=5
2025-08-30 13:43:27 [http-nio-8080-exec-2] INFO  c.e.b.p.service.ProviderService - → [ProviderService] Iniciando recuperación de prestadores | página=0 | size=5
2025-08-30 13:43:27 [http-nio-8080-exec-6] INFO  c.e.b.config.security.JwtService - Token válido para el usuario [illescasjonathan39@gmail.com]
2025-08-30 13:43:27 [http-nio-8080-exec-6] INFO  c.e.b.c.c.c.CategoryController - Petición recibida para listar todas las categorías
2025-08-30 13:43:27 [http-nio-8080-exec-6] INFO  c.e.b.c.service.CategoryService - Recuperando todas las categorías...
2025-08-30 13:43:27 [http-nio-8080-exec-6] INFO  c.e.b.c.s.i.GetAllCategories - → [GetAllCategories] Solicitud para obtener todas las categorías ordenadas por nombre
2025-08-30 13:43:27 [http-nio-8080-exec-2] INFO  c.e.b.p.service.ProviderService - ✓ [ProviderService] Recuperados 0 prestadores | página=0 de 0 | totalElements=0
2025-08-30 13:43:27 [http-nio-8080-exec-6] INFO  c.e.b.c.s.i.GetAllCategories - ✓ [GetAllCategories] Se recuperaron 0 categorías
2025-08-30 13:43:27 [http-nio-8080-exec-2] INFO  c.e.b.p.c.c.ProviderController - ✓ [ProviderController] Se recuperaron 0 proveedores en la página 0 de 0 (total elementos=0)
2025-08-30 13:43:27 [http-nio-8080-exec-6] INFO  c.e.b.c.service.CategoryService - Se recuperaron 0 categorías
2025-08-30 13:43:27 [http-nio-8080-exec-6] INFO  c.e.b.c.c.c.CategoryController - Se recuperaron 0 categorías
2025-08-30 13:43:27 [http-nio-8080-exec-2] INFO  c.e.b.s.logging.RequestLoggingFilter - [GET] /api/providers/paged -> 200 (9 ms)
2025-08-30 13:43:27 [http-nio-8080-exec-6] INFO  c.e.b.s.logging.RequestLoggingFilter - [GET] /api/categories/getAll -> 200 (7 ms)
2025-08-30 13:43:27 [http-nio-8080-exec-9] INFO  c.e.b.p.c.c.ProviderController - → [ProviderController] Solicitud para listar proveedores paginados | page=0 | size=5
2025-08-30 13:43:27 [http-nio-8080-exec-9] INFO  c.e.b.p.service.ProviderService - → [ProviderService] Iniciando recuperación de prestadores | página=0 | size=5
2025-08-30 13:43:27 [http-nio-8080-exec-9] INFO  c.e.b.p.service.ProviderService - ✓ [ProviderService] Recuperados 0 prestadores | página=0 de 0 | totalElements=0
2025-08-30 13:43:27 [http-nio-8080-exec-9] INFO  c.e.b.p.c.c.ProviderController - ✓ [ProviderController] Se recuperaron 0 proveedores en la página 0 de 0 (total elementos=0)
2025-08-30 13:43:27 [http-nio-8080-exec-9] INFO  c.e.b.s.logging.RequestLoggingFilter - [GET] /api/providers/paged -> 200 (8 ms)
2025-08-30 13:43:27 [http-nio-8080-exec-10] INFO  c.e.b.config.security.JwtService - Token válido para el usuario [illescasjonathan39@gmail.com]
2025-08-30 13:43:27 [http-nio-8080-exec-10] INFO  c.e.b.c.c.c.CategoryController - Petición recibida para listar todas las categorías
2025-08-30 13:43:27 [http-nio-8080-exec-10] INFO  c.e.b.c.service.CategoryService - Recuperando todas las categorías...
2025-08-30 13:43:27 [http-nio-8080-exec-10] INFO  c.e.b.c.s.i.GetAllCategories - → [GetAllCategories] Solicitud para obtener todas las categorías ordenadas por nombre
2025-08-30 13:43:27 [http-nio-8080-exec-10] INFO  c.e.b.c.s.i.GetAllCategories - ✓ [GetAllCategories] Se recuperaron 0 categorías
2025-08-30 13:43:27 [http-nio-8080-exec-10] INFO  c.e.b.c.service.CategoryService - Se recuperaron 0 categorías
2025-08-30 13:43:27 [http-nio-8080-exec-10] INFO  c.e.b.c.c.c.CategoryController - Se recuperaron 0 categorías
2025-08-30 13:43:27 [http-nio-8080-exec-10] INFO  c.e.b.s.logging.RequestLoggingFilter - [GET] /api/categories/getAll -> 200 (7 ms)
2025-08-30 13:43:38 [http-nio-8080-exec-8] INFO  c.e.b.config.security.JwtService - Token válido para el usuario [illescasjonathan39@gmail.com]
2025-08-30 13:43:38 [http-nio-8080-exec-8] INFO  c.e.b.u.c.controllers.AuthController - Logout solicitado
2025-08-30 13:43:38 [http-nio-8080-exec-8] INFO  c.e.b.u.s.implement.LogoutService - Iniciando proceso de logout: invalidando cookie de autenticación.
2025-08-30 13:43:38 [http-nio-8080-exec-8] INFO  c.e.b.u.s.implement.LogoutService - Cookie de autenticación eliminada correctamente. Logout exitoso.
2025-08-30 13:43:38 [http-nio-8080-exec-8] INFO  c.e.b.u.c.controllers.AuthController - Logout exitoso
2025-08-30 13:43:38 [http-nio-8080-exec-8] INFO  c.e.b.s.logging.RequestLoggingFilter - [POST] /auth/logout -> 200 (3 ms)
2025-08-30 13:43:47 [http-nio-8080-exec-7] INFO  c.e.b.u.c.controllers.AuthController - Intento de login para usuario: admin@admin.com
2025-08-30 13:43:47 [http-nio-8080-exec-7] INFO  c.e.b.u.s.implement.LoginService - Intentando autenticar usuario con email: admin@admin.com
2025-08-30 13:43:47 [http-nio-8080-exec-7] ERROR c.e.b.u.s.i.AuthenticationServiceImpl - Contraseña incorrecta para usuario email=admin@admin.com
2025-08-30 13:43:47 [http-nio-8080-exec-7] WARN  c.e.b.s.e.GlobalExceptionHandler - ❌ Credenciales inválidas: Contraseña incorrecta.
com.example.backend.shared.exceptions.InvalidCredentialsException: Contraseña incorrecta.
	at com.example.backend.users.service.implement.AuthenticationServiceImpl.login(AuthenticationServiceImpl.java:57)
	at com.example.backend.users.service.implement.LoginService.execute(LoginService.java:32)
	at com.example.backend.users.controller.controllers.AuthController.login(AuthController.java:53)
	at java.base/jdk.internal.reflect.DirectMethodHandleAccessor.invoke(DirectMethodHandleAccessor.java:103)
	at java.base/java.lang.reflect.Method.invoke(Method.java:580)
	at org.springframework.web.method.support.InvocableHandlerMethod.doInvoke(InvocableHandlerMethod.java:258)
	at org.springframework.web.method.support.InvocableHandlerMethod.invokeForRequest(InvocableHandlerMethod.java:191)
	at org.springframework.web.servlet.mvc.method.annotation.ServletInvocableHandlerMethod.invokeAndHandle(ServletInvocableHandlerMethod.java:118)
	at org.springframework.web.servlet.mvc.method.annotation.RequestMappingHandlerAdapter.invokeHandlerMethod(RequestMappingHandlerAdapter.java:991)
	at org.springframework.web.servlet.mvc.method.annotation.RequestMappingHandlerAdapter.handleInternal(RequestMappingHandlerAdapter.java:896)
	at org.springframework.web.servlet.mvc.method.AbstractHandlerMethodAdapter.handle(AbstractHandlerMethodAdapter.java:87)
	at org.springframework.web.servlet.DispatcherServlet.doDispatch(DispatcherServlet.java:1089)
	at org.springframework.web.servlet.DispatcherServlet.doService(DispatcherServlet.java:979)
	at org.springframework.web.servlet.FrameworkServlet.processRequest(FrameworkServlet.java:1014)
	at org.springframework.web.servlet.FrameworkServlet.doPost(FrameworkServlet.java:914)
	at jakarta.servlet.http.HttpServlet.service(HttpServlet.java:590)
	at org.springframework.web.servlet.FrameworkServlet.service(FrameworkServlet.java:885)
	at jakarta.servlet.http.HttpServlet.service(HttpServlet.java:658)
	at org.apache.catalina.core.ApplicationFilterChain.internalDoFilter(ApplicationFilterChain.java:195)
	at org.apache.catalina.core.ApplicationFilterChain.doFilter(ApplicationFilterChain.java:140)
	at org.apache.tomcat.websocket.server.WsFilter.doFilter(WsFilter.java:51)
	at org.apache.catalina.core.ApplicationFilterChain.internalDoFilter(ApplicationFilterChain.java:164)
	at org.apache.catalina.core.ApplicationFilterChain.doFilter(ApplicationFilterChain.java:140)
	at com.example.backend.shared.logging.RequestLoggingFilter.doFilterInternal(RequestLoggingFilter.java:29)
	at org.springframework.web.filter.OncePerRequestFilter.doFilter(OncePerRequestFilter.java:116)
	at org.apache.catalina.core.ApplicationFilterChain.internalDoFilter(ApplicationFilterChain.java:164)
	at org.apache.catalina.core.ApplicationFilterChain.doFilter(ApplicationFilterChain.java:140)
	at org.springframework.web.filter.OncePerRequestFilter.doFilter(OncePerRequestFilter.java:110)
	at org.apache.catalina.core.ApplicationFilterChain.internalDoFilter(ApplicationFilterChain.java:164)
	at org.apache.catalina.core.ApplicationFilterChain.doFilter(ApplicationFilterChain.java:140)
	at org.springframework.web.filter.CompositeFilter$VirtualFilterChain.doFilter(CompositeFilter.java:108)
	at org.springframework.web.filter.CompositeFilter$VirtualFilterChain.doFilter(CompositeFilter.java:108)
	at org.springframework.security.web.FilterChainProxy.lambda$doFilterInternal$3(FilterChainProxy.java:231)
	at org.springframework.security.web.FilterChainProxy$VirtualFilterChain.doFilter(FilterChainProxy.java:365)
	at org.springframework.security.web.access.intercept.AuthorizationFilter.doFilter(AuthorizationFilter.java:101)
	at org.springframework.security.web.FilterChainProxy$VirtualFilterChain.doFilter(FilterChainProxy.java:374)
	at org.springframework.security.web.access.ExceptionTranslationFilter.doFilter(ExceptionTranslationFilter.java:125)
	at org.springframework.security.web.access.ExceptionTranslationFilter.doFilter(ExceptionTranslationFilter.java:119)
	at org.springframework.security.web.FilterChainProxy$VirtualFilterChain.doFilter(FilterChainProxy.java:374)
	at org.springframework.security.web.session.SessionManagementFilter.doFilter(SessionManagementFilter.java:131)
	at org.springframework.security.web.session.SessionManagementFilter.doFilter(SessionManagementFilter.java:85)
	at org.springframework.security.web.FilterChainProxy$VirtualFilterChain.doFilter(FilterChainProxy.java:374)
	at org.springframework.security.web.authentication.AnonymousAuthenticationFilter.doFilter(AnonymousAuthenticationFilter.java:100)
	at org.springframework.security.web.FilterChainProxy$VirtualFilterChain.doFilter(FilterChainProxy.java:374)
	at org.springframework.security.web.servletapi.SecurityContextHolderAwareRequestFilter.doFilter(SecurityContextHolderAwareRequestFilter.java:179)
	at org.springframework.security.web.FilterChainProxy$VirtualFilterChain.doFilter(FilterChainProxy.java:374)
	at org.springframework.security.web.savedrequest.RequestCacheAwareFilter.doFilter(RequestCacheAwareFilter.java:63)
	at org.springframework.security.web.FilterChainProxy$VirtualFilterChain.doFilter(FilterChainProxy.java:374)
	at com.example.backend.config.security.JwtCookieAuthenticationFilter.doFilterInternal(JwtCookieAuthenticationFilter.java:62)
	at org.springframework.web.filter.OncePerRequestFilter.doFilter(OncePerRequestFilter.java:116)
	at org.springframework.security.web.FilterChainProxy$VirtualFilterChain.doFilter(FilterChainProxy.java:374)
	at org.springframework.security.web.authentication.AbstractAuthenticationProcessingFilter.doFilter(AbstractAuthenticationProcessingFilter.java:235)
	at org.springframework.security.web.authentication.AbstractAuthenticationProcessingFilter.doFilter(AbstractAuthenticationProcessingFilter.java:229)
	at org.springframework.security.web.FilterChainProxy$VirtualFilterChain.doFilter(FilterChainProxy.java:374)
	at org.springframework.security.oauth2.client.web.OAuth2AuthorizationRequestRedirectFilter.doFilterInternal(OAuth2AuthorizationRequestRedirectFilter.java:198)
	at org.springframework.web.filter.OncePerRequestFilter.doFilter(OncePerRequestFilter.java:116)
	at org.springframework.security.web.FilterChainProxy$VirtualFilterChain.doFilter(FilterChainProxy.java:374)
	at org.springframework.security.web.authentication.logout.LogoutFilter.doFilter(LogoutFilter.java:107)
	at org.springframework.security.web.authentication.logout.LogoutFilter.doFilter(LogoutFilter.java:93)
	at org.springframework.security.web.FilterChainProxy$VirtualFilterChain.doFilter(FilterChainProxy.java:374)
	at org.springframework.web.filter.CorsFilter.doFilterInternal(CorsFilter.java:91)
	at org.springframework.web.filter.OncePerRequestFilter.doFilter(OncePerRequestFilter.java:116)
	at org.springframework.security.web.FilterChainProxy$VirtualFilterChain.doFilter(FilterChainProxy.java:374)
	at org.springframework.security.web.header.HeaderWriterFilter.doHeadersAfter(HeaderWriterFilter.java:90)
	at org.springframework.security.web.header.HeaderWriterFilter.doFilterInternal(HeaderWriterFilter.java:75)
	at org.springframework.web.filter.OncePerRequestFilter.doFilter(OncePerRequestFilter.java:116)
	at org.springframework.security.web.FilterChainProxy$VirtualFilterChain.doFilter(FilterChainProxy.java:374)
	at org.springframework.security.web.context.SecurityContextHolderFilter.doFilter(SecurityContextHolderFilter.java:82)
	at org.springframework.security.web.context.SecurityContextHolderFilter.doFilter(SecurityContextHolderFilter.java:69)
	at org.springframework.security.web.FilterChainProxy$VirtualFilterChain.doFilter(FilterChainProxy.java:374)
	at org.springframework.security.web.context.request.async.WebAsyncManagerIntegrationFilter.doFilterInternal(WebAsyncManagerIntegrationFilter.java:62)
	at org.springframework.web.filter.OncePerRequestFilter.doFilter(OncePerRequestFilter.java:116)
	at org.springframework.security.web.FilterChainProxy$VirtualFilterChain.doFilter(FilterChainProxy.java:374)
	at org.springframework.security.web.session.DisableEncodeUrlFilter.doFilterInternal(DisableEncodeUrlFilter.java:42)
	at org.springframework.web.filter.OncePerRequestFilter.doFilter(OncePerRequestFilter.java:116)
	at org.springframework.security.web.FilterChainProxy$VirtualFilterChain.doFilter(FilterChainProxy.java:374)
	at org.springframework.security.web.FilterChainProxy.doFilterInternal(FilterChainProxy.java:233)
	at org.springframework.security.web.FilterChainProxy.doFilter(FilterChainProxy.java:191)
	at org.springframework.web.filter.CompositeFilter$VirtualFilterChain.doFilter(CompositeFilter.java:113)
	at org.springframework.web.filter.ServletRequestPathFilter.doFilter(ServletRequestPathFilter.java:52)
	at org.springframework.web.filter.CompositeFilter$VirtualFilterChain.doFilter(CompositeFilter.java:113)
	at org.springframework.web.filter.CompositeFilter.doFilter(CompositeFilter.java:74)
	at org.springframework.security.config.annotation.web.configuration.WebSecurityConfiguration$CompositeFilterChainProxy.doFilter(WebSecurityConfiguration.java:319)
	at org.springframework.web.filter.CompositeFilter$VirtualFilterChain.doFilter(CompositeFilter.java:113)
	at org.springframework.web.servlet.handler.HandlerMappingIntrospector.lambda$createCacheFilter$4(HandlerMappingIntrospector.java:267)
	at org.springframework.web.filter.CompositeFilter$VirtualFilterChain.doFilter(CompositeFilter.java:113)
	at org.springframework.web.filter.CompositeFilter.doFilter(CompositeFilter.java:74)
	at org.springframework.security.config.annotation.web.configuration.WebMvcSecurityConfiguration$CompositeFilterChainProxy.doFilter(WebMvcSecurityConfiguration.java:240)
	at org.springframework.web.filter.DelegatingFilterProxy.invokeDelegate(DelegatingFilterProxy.java:362)
	at org.springframework.web.filter.DelegatingFilterProxy.doFilter(DelegatingFilterProxy.java:278)
	at org.apache.catalina.core.ApplicationFilterChain.internalDoFilter(ApplicationFilterChain.java:164)
	at org.apache.catalina.core.ApplicationFilterChain.doFilter(ApplicationFilterChain.java:140)
	at org.springframework.web.filter.RequestContextFilter.doFilterInternal(RequestContextFilter.java:100)
	at org.springframework.web.filter.OncePerRequestFilter.doFilter(OncePerRequestFilter.java:116)
	at org.apache.catalina.core.ApplicationFilterChain.internalDoFilter(ApplicationFilterChain.java:164)
	at org.apache.catalina.core.ApplicationFilterChain.doFilter(ApplicationFilterChain.java:140)
	at org.springframework.web.filter.FormContentFilter.doFilterInternal(FormContentFilter.java:93)
	at org.springframework.web.filter.OncePerRequestFilter.doFilter(OncePerRequestFilter.java:116)
	at org.apache.catalina.core.ApplicationFilterChain.internalDoFilter(ApplicationFilterChain.java:164)
	at org.apache.catalina.core.ApplicationFilterChain.doFilter(ApplicationFilterChain.java:140)
	at org.springframework.web.filter.CharacterEncodingFilter.doFilterInternal(CharacterEncodingFilter.java:201)
	at org.springframework.web.filter.OncePerRequestFilter.doFilter(OncePerRequestFilter.java:116)
	at org.apache.catalina.core.ApplicationFilterChain.internalDoFilter(ApplicationFilterChain.java:164)
	at org.apache.catalina.core.ApplicationFilterChain.doFilter(ApplicationFilterChain.java:140)
	at org.apache.catalina.core.StandardWrapperValve.invoke(StandardWrapperValve.java:167)
	at org.apache.catalina.core.StandardContextValve.invoke(StandardContextValve.java:90)
	at org.apache.catalina.authenticator.AuthenticatorBase.invoke(AuthenticatorBase.java:483)
	at org.apache.catalina.core.StandardHostValve.invoke(StandardHostValve.java:116)
	at org.apache.catalina.valves.ErrorReportValve.invoke(ErrorReportValve.java:93)
	at org.apache.catalina.core.StandardEngineValve.invoke(StandardEngineValve.java:74)
	at org.apache.catalina.connector.CoyoteAdapter.service(CoyoteAdapter.java:344)
	at org.apache.coyote.http11.Http11Processor.service(Http11Processor.java:398)
	at org.apache.coyote.AbstractProcessorLight.process(AbstractProcessorLight.java:63)
	at org.apache.coyote.AbstractProtocol$ConnectionHandler.process(AbstractProtocol.java:903)
	at org.apache.tomcat.util.net.NioEndpoint$SocketProcessor.doRun(NioEndpoint.java:1769)
	at org.apache.tomcat.util.net.SocketProcessorBase.run(SocketProcessorBase.java:52)
	at org.apache.tomcat.util.threads.ThreadPoolExecutor.runWorker(ThreadPoolExecutor.java:1189)
	at org.apache.tomcat.util.threads.ThreadPoolExecutor$Worker.run(ThreadPoolExecutor.java:658)
	at org.apache.tomcat.util.threads.TaskThread$WrappingRunnable.run(TaskThread.java:63)
	at java.base/java.lang.Thread.run(Thread.java:1583)
2025-08-30 13:43:47 [http-nio-8080-exec-7] WARN  o.s.w.s.m.m.a.ExceptionHandlerExceptionResolver - Resolved [com.example.backend.shared.exceptions.InvalidCredentialsException: Contraseña incorrecta.]
2025-08-30 13:43:47 [http-nio-8080-exec-7] INFO  c.e.b.s.logging.RequestLoggingFilter - [POST] /auth/login -> 401 (150 ms)
2025-08-30 13:43:50 [http-nio-8080-exec-6] INFO  c.e.b.u.c.controllers.AuthController - Intento de login para usuario: admin@admin.com
2025-08-30 13:43:50 [http-nio-8080-exec-6] INFO  c.e.b.u.s.implement.LoginService - Intentando autenticar usuario con email: admin@admin.com
2025-08-30 13:43:50 [http-nio-8080-exec-6] INFO  c.e.b.u.s.i.AuthenticationServiceImpl - Último login actualizado para usuario id=1, email=admin@admin.com
2025-08-30 13:43:50 [http-nio-8080-exec-6] INFO  c.e.b.config.security.JwtService - Se generó un nuevo token para el usuario [admin@admin.com], rol: ADMIN
2025-08-30 13:43:50 [http-nio-8080-exec-6] INFO  c.e.b.u.s.i.AuthenticationServiceImpl - JWT generado exitosamente para usuario id=1
2025-08-30 13:43:50 [http-nio-8080-exec-6] INFO  c.e.b.u.s.implement.LoginService - Cookie de autenticación creada y añadida a la respuesta para usuario admin@admin.com
2025-08-30 13:43:50 [http-nio-8080-exec-6] INFO  c.e.b.u.s.implement.GetUserByEmail - Usuario encontrado con email: admin@admin.com
2025-08-30 13:43:50 [http-nio-8080-exec-6] INFO  c.e.b.u.s.implement.LoginService - Usuario admin@admin.com autenticado exitosamente con ID 1
2025-08-30 13:43:50 [http-nio-8080-exec-6] INFO  c.e.b.u.c.controllers.AuthController - Login exitoso para usuario: admin@admin.com
2025-08-30 13:43:50 [http-nio-8080-exec-6] INFO  c.e.b.s.logging.RequestLoggingFilter - [POST] /auth/login -> 200 (87 ms)
2025-08-30 13:43:50 [http-nio-8080-exec-2] INFO  c.e.b.config.security.JwtService - Token válido para el usuario [admin@admin.com]
2025-08-30 13:43:50 [http-nio-8080-exec-2] INFO  c.e.b.a.c.c.DashboardController - Iniciando consulta de métricas para dashboard
2025-08-30 13:43:50 [http-nio-8080-exec-2] INFO  c.e.b.a.c.c.DashboardController - Consulta completada -> Proveedores: 0, Categorías: 0, Usuarios: 3, Promedio: 0.0
2025-08-30 13:43:50 [http-nio-8080-exec-2] INFO  c.e.b.s.logging.RequestLoggingFilter - [GET] /dashboard/metrics -> 200 (55 ms)
2025-08-30 13:43:50 [http-nio-8080-exec-9] INFO  c.e.b.config.security.JwtService - Token válido para el usuario [admin@admin.com]
2025-08-30 13:43:50 [http-nio-8080-exec-9] INFO  c.e.b.a.c.c.DashboardController - Iniciando consulta de métricas para dashboard
2025-08-30 13:43:50 [http-nio-8080-exec-9] INFO  c.e.b.a.c.c.DashboardController - Consulta completada -> Proveedores: 0, Categorías: 0, Usuarios: 3, Promedio: 0.0
2025-08-30 13:43:50 [http-nio-8080-exec-9] INFO  c.e.b.s.logging.RequestLoggingFilter - [GET] /dashboard/metrics -> 200 (19 ms)
2025-08-30 13:43:55 [http-nio-8080-exec-10] INFO  c.e.b.config.security.JwtService - Token válido para el usuario [admin@admin.com]
2025-08-30 13:43:55 [http-nio-8080-exec-10] INFO  c.e.b.u.c.controllers.UserController - Obteniendo lista de todos los usuarios
2025-08-30 13:43:55 [http-nio-8080-exec-10] INFO  c.e.b.users.service.UserService - Obteniendo la lista completa de usuarios...
2025-08-30 13:43:55 [http-nio-8080-exec-10] INFO  c.e.b.u.s.implement.GetAllUsers - Se encontraron 3 usuarios en la base de datos
2025-08-30 13:43:55 [http-nio-8080-exec-10] INFO  c.e.b.users.service.UserService - Se recuperaron 3 usuarios.
2025-08-30 13:43:55 [http-nio-8080-exec-10] INFO  c.e.b.s.logging.RequestLoggingFilter - [GET] /user/getUsers -> 200 (10 ms)
2025-08-30 13:43:55 [http-nio-8080-exec-4] INFO  c.e.b.config.security.JwtService - Token válido para el usuario [admin@admin.com]
2025-08-30 13:43:55 [http-nio-8080-exec-4] INFO  c.e.b.u.c.controllers.UserController - Obteniendo lista de todos los usuarios
2025-08-30 13:43:55 [http-nio-8080-exec-4] INFO  c.e.b.users.service.UserService - Obteniendo la lista completa de usuarios...
2025-08-30 13:43:55 [http-nio-8080-exec-4] INFO  c.e.b.u.s.implement.GetAllUsers - Se encontraron 3 usuarios en la base de datos
2025-08-30 13:43:55 [http-nio-8080-exec-4] INFO  c.e.b.users.service.UserService - Se recuperaron 3 usuarios.
2025-08-30 13:43:55 [http-nio-8080-exec-4] INFO  c.e.b.s.logging.RequestLoggingFilter - [GET] /user/getUsers -> 200 (8 ms)
2025-08-30 13:44:03 [http-nio-8080-exec-5] INFO  c.e.b.config.security.JwtService - Token válido para el usuario [admin@admin.com]
2025-08-30 13:44:03 [http-nio-8080-exec-5] INFO  c.e.b.u.c.controllers.AuthController - Logout solicitado
2025-08-30 13:44:03 [http-nio-8080-exec-5] INFO  c.e.b.u.s.implement.LogoutService - Iniciando proceso de logout: invalidando cookie de autenticación.
2025-08-30 13:44:03 [http-nio-8080-exec-5] INFO  c.e.b.u.s.implement.LogoutService - Cookie de autenticación eliminada correctamente. Logout exitoso.
2025-08-30 13:44:03 [http-nio-8080-exec-5] INFO  c.e.b.u.c.controllers.AuthController - Logout exitoso
2025-08-30 13:44:03 [http-nio-8080-exec-5] INFO  c.e.b.s.logging.RequestLoggingFilter - [POST] /auth/logout -> 200 (2 ms)
2025-08-30 13:44:09 [http-nio-8080-exec-3] INFO  c.e.b.u.c.controllers.AuthController - Intento de login para usuario: jime@jime.com
2025-08-30 13:44:09 [http-nio-8080-exec-3] INFO  c.e.b.u.s.implement.LoginService - Intentando autenticar usuario con email: jime@jime.com
2025-08-30 13:44:09 [http-nio-8080-exec-3] INFO  c.e.b.u.s.i.AuthenticationServiceImpl - Último login actualizado para usuario id=2, email=jime@jime.com
2025-08-30 13:44:09 [http-nio-8080-exec-3] INFO  c.e.b.config.security.JwtService - Se generó un nuevo token para el usuario [jime@jime.com], rol: USER
2025-08-30 13:44:09 [http-nio-8080-exec-3] INFO  c.e.b.u.s.i.AuthenticationServiceImpl - JWT generado exitosamente para usuario id=2
2025-08-30 13:44:09 [http-nio-8080-exec-3] INFO  c.e.b.u.s.implement.LoginService - Cookie de autenticación creada y añadida a la respuesta para usuario jime@jime.com
2025-08-30 13:44:09 [http-nio-8080-exec-3] INFO  c.e.b.u.s.implement.GetUserByEmail - Usuario encontrado con email: jime@jime.com
2025-08-30 13:44:09 [http-nio-8080-exec-3] INFO  c.e.b.u.s.implement.LoginService - Usuario jime@jime.com autenticado exitosamente con ID 2
2025-08-30 13:44:09 [http-nio-8080-exec-3] INFO  c.e.b.u.c.controllers.AuthController - Login exitoso para usuario: jime@jime.com
2025-08-30 13:44:09 [http-nio-8080-exec-3] INFO  c.e.b.s.logging.RequestLoggingFilter - [POST] /auth/login -> 200 (84 ms)
2025-08-30 13:44:09 [http-nio-8080-exec-6] INFO  c.e.b.p.c.c.ProviderController - → [ProviderController] Solicitud para listar proveedores paginados | page=0 | size=5
2025-08-30 13:44:09 [http-nio-8080-exec-6] INFO  c.e.b.p.service.ProviderService - → [ProviderService] Iniciando recuperación de prestadores | página=0 | size=5
2025-08-30 13:44:09 [http-nio-8080-exec-6] INFO  c.e.b.p.service.ProviderService - ✓ [ProviderService] Recuperados 0 prestadores | página=0 de 0 | totalElements=0
2025-08-30 13:44:09 [http-nio-8080-exec-6] INFO  c.e.b.p.c.c.ProviderController - ✓ [ProviderController] Se recuperaron 0 proveedores en la página 0 de 0 (total elementos=0)
2025-08-30 13:44:09 [http-nio-8080-exec-6] INFO  c.e.b.s.logging.RequestLoggingFilter - [GET] /api/providers/paged -> 200 (8 ms)
2025-08-30 13:44:09 [http-nio-8080-exec-7] INFO  c.e.b.config.security.JwtService - Token válido para el usuario [jime@jime.com]
2025-08-30 13:44:09 [http-nio-8080-exec-2] INFO  c.e.b.p.c.c.ProviderController - → [ProviderController] Solicitud para listar proveedores paginados | page=0 | size=5
2025-08-30 13:44:09 [http-nio-8080-exec-2] INFO  c.e.b.p.service.ProviderService - → [ProviderService] Iniciando recuperación de prestadores | página=0 | size=5
2025-08-30 13:44:09 [http-nio-8080-exec-7] INFO  c.e.b.c.c.c.CategoryController - Petición recibida para listar todas las categorías
2025-08-30 13:44:09 [http-nio-8080-exec-7] INFO  c.e.b.c.service.CategoryService - Recuperando todas las categorías...
2025-08-30 13:44:09 [http-nio-8080-exec-7] INFO  c.e.b.c.s.i.GetAllCategories - → [GetAllCategories] Solicitud para obtener todas las categorías ordenadas por nombre
2025-08-30 13:44:09 [http-nio-8080-exec-7] INFO  c.e.b.c.s.i.GetAllCategories - ✓ [GetAllCategories] Se recuperaron 0 categorías
2025-08-30 13:44:09 [http-nio-8080-exec-7] INFO  c.e.b.c.service.CategoryService - Se recuperaron 0 categorías
2025-08-30 13:44:09 [http-nio-8080-exec-7] INFO  c.e.b.c.c.c.CategoryController - Se recuperaron 0 categorías
2025-08-30 13:44:09 [http-nio-8080-exec-2] INFO  c.e.b.p.service.ProviderService - ✓ [ProviderService] Recuperados 0 prestadores | página=0 de 0 | totalElements=0
2025-08-30 13:44:09 [http-nio-8080-exec-2] INFO  c.e.b.p.c.c.ProviderController - ✓ [ProviderController] Se recuperaron 0 proveedores en la página 0 de 0 (total elementos=0)
2025-08-30 13:44:09 [http-nio-8080-exec-7] INFO  c.e.b.s.logging.RequestLoggingFilter - [GET] /api/categories/getAll -> 200 (5 ms)
2025-08-30 13:44:09 [http-nio-8080-exec-2] INFO  c.e.b.s.logging.RequestLoggingFilter - [GET] /api/providers/paged -> 200 (8 ms)
2025-08-30 13:44:09 [http-nio-8080-exec-10] INFO  c.e.b.p.c.c.ProviderController - → [ProviderController] Solicitud para listar proveedores paginados | page=0 | size=5
2025-08-30 13:44:09 [http-nio-8080-exec-10] INFO  c.e.b.p.service.ProviderService - → [ProviderService] Iniciando recuperación de prestadores | página=0 | size=5
2025-08-30 13:44:09 [http-nio-8080-exec-10] INFO  c.e.b.p.service.ProviderService - ✓ [ProviderService] Recuperados 0 prestadores | página=0 de 0 | totalElements=0
2025-08-30 13:44:09 [http-nio-8080-exec-10] INFO  c.e.b.p.c.c.ProviderController - ✓ [ProviderController] Se recuperaron 0 proveedores en la página 0 de 0 (total elementos=0)
2025-08-30 13:44:09 [http-nio-8080-exec-10] INFO  c.e.b.s.logging.RequestLoggingFilter - [GET] /api/providers/paged -> 200 (7 ms)
2025-08-30 13:44:09 [http-nio-8080-exec-9] INFO  c.e.b.config.security.JwtService - Token válido para el usuario [jime@jime.com]
2025-08-30 13:44:09 [http-nio-8080-exec-9] INFO  c.e.b.c.c.c.CategoryController - Petición recibida para listar todas las categorías
2025-08-30 13:44:09 [http-nio-8080-exec-9] INFO  c.e.b.c.service.CategoryService - Recuperando todas las categorías...
2025-08-30 13:44:09 [http-nio-8080-exec-9] INFO  c.e.b.c.s.i.GetAllCategories - → [GetAllCategories] Solicitud para obtener todas las categorías ordenadas por nombre
2025-08-30 13:44:09 [http-nio-8080-exec-9] INFO  c.e.b.c.s.i.GetAllCategories - ✓ [GetAllCategories] Se recuperaron 0 categorías
2025-08-30 13:44:09 [http-nio-8080-exec-9] INFO  c.e.b.c.service.CategoryService - Se recuperaron 0 categorías
2025-08-30 13:44:09 [http-nio-8080-exec-9] INFO  c.e.b.c.c.c.CategoryController - Se recuperaron 0 categorías
2025-08-30 13:44:09 [http-nio-8080-exec-9] INFO  c.e.b.s.logging.RequestLoggingFilter - [GET] /api/categories/getAll -> 200 (4 ms)
2025-08-30 13:44:18 [http-nio-8080-exec-8] INFO  c.e.b.config.security.JwtService - Token válido para el usuario [jime@jime.com]
2025-08-30 13:44:18 [http-nio-8080-exec-8] INFO  c.e.b.u.c.controllers.AuthController - Logout solicitado
2025-08-30 13:44:18 [http-nio-8080-exec-8] INFO  c.e.b.u.s.implement.LogoutService - Iniciando proceso de logout: invalidando cookie de autenticación.
2025-08-30 13:44:18 [http-nio-8080-exec-8] INFO  c.e.b.u.s.implement.LogoutService - Cookie de autenticación eliminada correctamente. Logout exitoso.
2025-08-30 13:44:18 [http-nio-8080-exec-8] INFO  c.e.b.u.c.controllers.AuthController - Logout exitoso
2025-08-30 13:44:18 [http-nio-8080-exec-8] INFO  c.e.b.s.logging.RequestLoggingFilter - [POST] /auth/logout -> 200 (3 ms)
2025-08-30 13:44:26 [http-nio-8080-exec-6] INFO  c.e.b.u.c.controllers.AuthController - Intento de login para usuario: admin@admin.com
2025-08-30 13:44:26 [http-nio-8080-exec-6] INFO  c.e.b.u.s.implement.LoginService - Intentando autenticar usuario con email: admin@admin.com
2025-08-30 13:44:26 [http-nio-8080-exec-6] INFO  c.e.b.u.s.i.AuthenticationServiceImpl - Último login actualizado para usuario id=1, email=admin@admin.com
2025-08-30 13:44:26 [http-nio-8080-exec-6] INFO  c.e.b.config.security.JwtService - Se generó un nuevo token para el usuario [admin@admin.com], rol: ADMIN
2025-08-30 13:44:26 [http-nio-8080-exec-6] INFO  c.e.b.u.s.i.AuthenticationServiceImpl - JWT generado exitosamente para usuario id=1
2025-08-30 13:44:26 [http-nio-8080-exec-6] INFO  c.e.b.u.s.implement.LoginService - Cookie de autenticación creada y añadida a la respuesta para usuario admin@admin.com
2025-08-30 13:44:26 [http-nio-8080-exec-6] INFO  c.e.b.u.s.implement.GetUserByEmail - Usuario encontrado con email: admin@admin.com
2025-08-30 13:44:26 [http-nio-8080-exec-6] INFO  c.e.b.u.s.implement.LoginService - Usuario admin@admin.com autenticado exitosamente con ID 1
2025-08-30 13:44:26 [http-nio-8080-exec-6] INFO  c.e.b.u.c.controllers.AuthController - Login exitoso para usuario: admin@admin.com
2025-08-30 13:44:26 [http-nio-8080-exec-6] INFO  c.e.b.s.logging.RequestLoggingFilter - [POST] /auth/login -> 200 (79 ms)
2025-08-30 13:44:26 [http-nio-8080-exec-7] INFO  c.e.b.config.security.JwtService - Token válido para el usuario [admin@admin.com]
2025-08-30 13:44:26 [http-nio-8080-exec-7] INFO  c.e.b.a.c.c.DashboardController - Iniciando consulta de métricas para dashboard
2025-08-30 13:44:26 [http-nio-8080-exec-7] INFO  c.e.b.a.c.c.DashboardController - Consulta completada -> Proveedores: 0, Categorías: 0, Usuarios: 3, Promedio: 0.0
2025-08-30 13:44:26 [http-nio-8080-exec-7] INFO  c.e.b.s.logging.RequestLoggingFilter - [GET] /dashboard/metrics -> 200 (15 ms)
2025-08-30 13:44:26 [http-nio-8080-exec-2] INFO  c.e.b.config.security.JwtService - Token válido para el usuario [admin@admin.com]
2025-08-30 13:44:26 [http-nio-8080-exec-2] INFO  c.e.b.a.c.c.DashboardController - Iniciando consulta de métricas para dashboard
2025-08-30 13:44:26 [http-nio-8080-exec-2] INFO  c.e.b.a.c.c.DashboardController - Consulta completada -> Proveedores: 0, Categorías: 0, Usuarios: 3, Promedio: 0.0
2025-08-30 13:44:26 [http-nio-8080-exec-2] INFO  c.e.b.s.logging.RequestLoggingFilter - [GET] /dashboard/metrics -> 200 (20 ms)
2025-08-30 13:44:31 [http-nio-8080-exec-10] INFO  c.e.b.config.security.JwtService - Token válido para el usuario [admin@admin.com]
2025-08-30 13:44:31 [http-nio-8080-exec-10] INFO  c.e.b.c.c.c.CategoryController - Petición recibida para listar todas las categorías
2025-08-30 13:44:31 [http-nio-8080-exec-10] INFO  c.e.b.c.service.CategoryService - Recuperando todas las categorías...
2025-08-30 13:44:31 [http-nio-8080-exec-10] INFO  c.e.b.c.s.i.GetAllCategories - → [GetAllCategories] Solicitud para obtener todas las categorías ordenadas por nombre
2025-08-30 13:44:31 [http-nio-8080-exec-10] INFO  c.e.b.c.s.i.GetAllCategories - ✓ [GetAllCategories] Se recuperaron 0 categorías
2025-08-30 13:44:31 [http-nio-8080-exec-10] INFO  c.e.b.c.service.CategoryService - Se recuperaron 0 categorías
2025-08-30 13:44:31 [http-nio-8080-exec-10] INFO  c.e.b.c.c.c.CategoryController - Se recuperaron 0 categorías
2025-08-30 13:44:31 [http-nio-8080-exec-10] INFO  c.e.b.s.logging.RequestLoggingFilter - [GET] /api/categories/getAll -> 200 (6 ms)
2025-08-30 13:44:31 [http-nio-8080-exec-9] INFO  c.e.b.config.security.JwtService - Token válido para el usuario [admin@admin.com]
2025-08-30 13:44:31 [http-nio-8080-exec-9] INFO  c.e.b.c.c.c.CategoryController - Petición recibida para listar todas las categorías
2025-08-30 13:44:31 [http-nio-8080-exec-9] INFO  c.e.b.c.service.CategoryService - Recuperando todas las categorías...
2025-08-30 13:44:31 [http-nio-8080-exec-9] INFO  c.e.b.c.s.i.GetAllCategories - → [GetAllCategories] Solicitud para obtener todas las categorías ordenadas por nombre
2025-08-30 13:44:31 [http-nio-8080-exec-9] INFO  c.e.b.c.s.i.GetAllCategories - ✓ [GetAllCategories] Se recuperaron 0 categorías
2025-08-30 13:44:31 [http-nio-8080-exec-9] INFO  c.e.b.c.service.CategoryService - Se recuperaron 0 categorías
2025-08-30 13:44:31 [http-nio-8080-exec-9] INFO  c.e.b.c.c.c.CategoryController - Se recuperaron 0 categorías
2025-08-30 13:44:31 [http-nio-8080-exec-9] INFO  c.e.b.s.logging.RequestLoggingFilter - [GET] /api/categories/getAll -> 200 (4 ms)
2025-08-30 13:44:56 [http-nio-8080-exec-8] INFO  c.e.b.config.security.JwtService - Token válido para el usuario [admin@admin.com]
2025-08-30 13:44:56 [http-nio-8080-exec-8] INFO  c.e.b.c.c.c.CategoryController - Petición recibida para crear categoría con nombre=TECNOLOGIA
2025-08-30 13:44:56 [http-nio-8080-exec-8] INFO  c.e.b.c.service.CategoryService - Iniciando creación de categoría con nombre=TECNOLOGIA
2025-08-30 13:44:56 [http-nio-8080-exec-8] INFO  c.e.b.c.s.i.RegisterCategory - → [RegisterCategory] Creando nueva categoría nombre=TECNOLOGIA
2025-08-30 13:44:56 [http-nio-8080-exec-8] INFO  c.e.b.c.s.i.RegisterCategory - ✓ [RegisterCategory] Categoría creada exitosamente id=1 nombre=TECNOLOGIA
2025-08-30 13:44:56 [http-nio-8080-exec-8] INFO  c.e.b.c.service.CategoryService - Categoría creada exitosamente id=1 nombre=TECNOLOGIA
2025-08-30 13:44:56 [http-nio-8080-exec-8] INFO  c.e.b.c.c.c.CategoryController - Categoría creada con id=1 y nombre=TECNOLOGIA
2025-08-30 13:44:56 [http-nio-8080-exec-8] INFO  c.e.b.s.logging.RequestLoggingFilter - [POST] /api/categories -> 200 (23 ms)
2025-08-30 13:44:56 [http-nio-8080-exec-5] INFO  c.e.b.config.security.JwtService - Token válido para el usuario [admin@admin.com]
2025-08-30 13:44:56 [http-nio-8080-exec-5] INFO  c.e.b.c.c.c.CategoryController - Petición recibida para listar todas las categorías
2025-08-30 13:44:56 [http-nio-8080-exec-5] INFO  c.e.b.c.service.CategoryService - Recuperando todas las categorías...
2025-08-30 13:44:56 [http-nio-8080-exec-5] INFO  c.e.b.c.s.i.GetAllCategories - → [GetAllCategories] Solicitud para obtener todas las categorías ordenadas por nombre
2025-08-30 13:44:56 [http-nio-8080-exec-5] INFO  c.e.b.c.s.i.GetAllCategories - ✓ [GetAllCategories] Se recuperaron 1 categorías
2025-08-30 13:44:56 [http-nio-8080-exec-5] INFO  c.e.b.c.service.CategoryService - Se recuperaron 1 categorías
2025-08-30 13:44:56 [http-nio-8080-exec-5] INFO  c.e.b.c.c.c.CategoryController - Se recuperaron 1 categorías
2025-08-30 13:44:56 [http-nio-8080-exec-5] INFO  c.e.b.s.logging.RequestLoggingFilter - [GET] /api/categories/getAll -> 200 (6 ms)
2025-08-30 13:44:56 [http-nio-8080-exec-1] INFO  c.e.b.config.security.JwtService - Token válido para el usuario [admin@admin.com]
2025-08-30 13:44:56 [http-nio-8080-exec-1] INFO  c.e.b.c.c.c.CategoryController - Petición recibida para listar todas las categorías
2025-08-30 13:44:56 [http-nio-8080-exec-1] INFO  c.e.b.c.service.CategoryService - Recuperando todas las categorías...
2025-08-30 13:44:56 [http-nio-8080-exec-1] INFO  c.e.b.c.s.i.GetAllCategories - → [GetAllCategories] Solicitud para obtener todas las categorías ordenadas por nombre
2025-08-30 13:44:56 [http-nio-8080-exec-1] INFO  c.e.b.c.s.i.GetAllCategories - ✓ [GetAllCategories] Se recuperaron 1 categorías
2025-08-30 13:44:56 [http-nio-8080-exec-1] INFO  c.e.b.c.service.CategoryService - Se recuperaron 1 categorías
2025-08-30 13:44:56 [http-nio-8080-exec-1] INFO  c.e.b.c.c.c.CategoryController - Se recuperaron 1 categorías
2025-08-30 13:44:56 [http-nio-8080-exec-1] INFO  c.e.b.s.logging.RequestLoggingFilter - [GET] /api/categories/getAll -> 200 (5 ms)
2025-08-30 13:44:56 [http-nio-8080-exec-3] INFO  c.e.b.config.security.JwtService - Token válido para el usuario [admin@admin.com]
2025-08-30 13:44:56 [http-nio-8080-exec-3] INFO  c.e.b.c.c.c.CategoryController - Petición recibida para listar todas las categorías
2025-08-30 13:44:56 [http-nio-8080-exec-3] INFO  c.e.b.c.service.CategoryService - Recuperando todas las categorías...
2025-08-30 13:44:56 [http-nio-8080-exec-3] INFO  c.e.b.c.s.i.GetAllCategories - → [GetAllCategories] Solicitud para obtener todas las categorías ordenadas por nombre
2025-08-30 13:44:56 [http-nio-8080-exec-3] INFO  c.e.b.c.s.i.GetAllCategories - ✓ [GetAllCategories] Se recuperaron 1 categorías
2025-08-30 13:44:56 [http-nio-8080-exec-3] INFO  c.e.b.c.service.CategoryService - Se recuperaron 1 categorías
2025-08-30 13:44:56 [http-nio-8080-exec-3] INFO  c.e.b.c.c.c.CategoryController - Se recuperaron 1 categorías
2025-08-30 13:44:56 [http-nio-8080-exec-3] INFO  c.e.b.s.logging.RequestLoggingFilter - [GET] /api/categories/getAll -> 200 (5 ms)
2025-08-30 13:44:56 [http-nio-8080-exec-6] INFO  c.e.b.config.security.JwtService - Token válido para el usuario [admin@admin.com]
2025-08-30 13:44:56 [http-nio-8080-exec-6] INFO  c.e.b.c.c.c.CategoryController - Petición recibida para listar todas las categorías
2025-08-30 13:44:56 [http-nio-8080-exec-6] INFO  c.e.b.c.service.CategoryService - Recuperando todas las categorías...
2025-08-30 13:44:56 [http-nio-8080-exec-6] INFO  c.e.b.c.s.i.GetAllCategories - → [GetAllCategories] Solicitud para obtener todas las categorías ordenadas por nombre
2025-08-30 13:44:56 [http-nio-8080-exec-6] INFO  c.e.b.c.s.i.GetAllCategories - ✓ [GetAllCategories] Se recuperaron 1 categorías
2025-08-30 13:44:56 [http-nio-8080-exec-6] INFO  c.e.b.c.service.CategoryService - Se recuperaron 1 categorías
2025-08-30 13:44:56 [http-nio-8080-exec-6] INFO  c.e.b.c.c.c.CategoryController - Se recuperaron 1 categorías
2025-08-30 13:44:56 [http-nio-8080-exec-6] INFO  c.e.b.s.logging.RequestLoggingFilter - [GET] /api/categories/getAll -> 200 (6 ms)
2025-08-30 13:45:12 [http-nio-8080-exec-10] INFO  c.e.b.config.security.JwtService - Token válido para el usuario [admin@admin.com]
2025-08-30 13:45:12 [http-nio-8080-exec-10] INFO  c.e.b.c.c.c.CategoryController - Petición recibida para crear categoría con nombre=CONSTRUCCION
2025-08-30 13:45:12 [http-nio-8080-exec-10] INFO  c.e.b.c.service.CategoryService - Iniciando creación de categoría con nombre=CONSTRUCCION
2025-08-30 13:45:12 [http-nio-8080-exec-10] INFO  c.e.b.c.s.i.RegisterCategory - → [RegisterCategory] Creando nueva categoría nombre=CONSTRUCCION
2025-08-30 13:45:12 [http-nio-8080-exec-10] INFO  c.e.b.c.s.i.RegisterCategory - ✓ [RegisterCategory] Categoría creada exitosamente id=2 nombre=CONSTRUCCION
2025-08-30 13:45:12 [http-nio-8080-exec-10] INFO  c.e.b.c.service.CategoryService - Categoría creada exitosamente id=2 nombre=CONSTRUCCION
2025-08-30 13:45:12 [http-nio-8080-exec-10] INFO  c.e.b.c.c.c.CategoryController - Categoría creada con id=2 y nombre=CONSTRUCCION
2025-08-30 13:45:12 [http-nio-8080-exec-10] INFO  c.e.b.s.logging.RequestLoggingFilter - [POST] /api/categories -> 200 (11 ms)
2025-08-30 13:45:12 [http-nio-8080-exec-9] INFO  c.e.b.config.security.JwtService - Token válido para el usuario [admin@admin.com]
2025-08-30 13:45:12 [http-nio-8080-exec-9] INFO  c.e.b.c.c.c.CategoryController - Petición recibida para listar todas las categorías
2025-08-30 13:45:12 [http-nio-8080-exec-9] INFO  c.e.b.c.service.CategoryService - Recuperando todas las categorías...
2025-08-30 13:45:12 [http-nio-8080-exec-9] INFO  c.e.b.c.s.i.GetAllCategories - → [GetAllCategories] Solicitud para obtener todas las categorías ordenadas por nombre
2025-08-30 13:45:12 [http-nio-8080-exec-9] INFO  c.e.b.c.s.i.GetAllCategories - ✓ [GetAllCategories] Se recuperaron 2 categorías
2025-08-30 13:45:12 [http-nio-8080-exec-9] INFO  c.e.b.c.service.CategoryService - Se recuperaron 2 categorías
2025-08-30 13:45:12 [http-nio-8080-exec-9] INFO  c.e.b.c.c.c.CategoryController - Se recuperaron 2 categorías
2025-08-30 13:45:12 [http-nio-8080-exec-9] INFO  c.e.b.s.logging.RequestLoggingFilter - [GET] /api/categories/getAll -> 200 (7 ms)
2025-08-30 13:45:12 [http-nio-8080-exec-4] INFO  c.e.b.config.security.JwtService - Token válido para el usuario [admin@admin.com]
2025-08-30 13:45:12 [http-nio-8080-exec-4] INFO  c.e.b.c.c.c.CategoryController - Petición recibida para listar todas las categorías
2025-08-30 13:45:12 [http-nio-8080-exec-4] INFO  c.e.b.c.service.CategoryService - Recuperando todas las categorías...
2025-08-30 13:45:12 [http-nio-8080-exec-4] INFO  c.e.b.c.s.i.GetAllCategories - → [GetAllCategories] Solicitud para obtener todas las categorías ordenadas por nombre
2025-08-30 13:45:12 [http-nio-8080-exec-4] INFO  c.e.b.c.s.i.GetAllCategories - ✓ [GetAllCategories] Se recuperaron 2 categorías
2025-08-30 13:45:12 [http-nio-8080-exec-4] INFO  c.e.b.c.service.CategoryService - Se recuperaron 2 categorías
2025-08-30 13:45:12 [http-nio-8080-exec-4] INFO  c.e.b.c.c.c.CategoryController - Se recuperaron 2 categorías
2025-08-30 13:45:12 [http-nio-8080-exec-4] INFO  c.e.b.s.logging.RequestLoggingFilter - [GET] /api/categories/getAll -> 200 (6 ms)
2025-08-30 13:45:12 [http-nio-8080-exec-8] INFO  c.e.b.config.security.JwtService - Token válido para el usuario [admin@admin.com]
2025-08-30 13:45:12 [http-nio-8080-exec-8] INFO  c.e.b.c.c.c.CategoryController - Petición recibida para listar todas las categorías
2025-08-30 13:45:12 [http-nio-8080-exec-8] INFO  c.e.b.c.service.CategoryService - Recuperando todas las categorías...
2025-08-30 13:45:12 [http-nio-8080-exec-8] INFO  c.e.b.c.s.i.GetAllCategories - → [GetAllCategories] Solicitud para obtener todas las categorías ordenadas por nombre
2025-08-30 13:45:12 [http-nio-8080-exec-8] INFO  c.e.b.c.s.i.GetAllCategories - ✓ [GetAllCategories] Se recuperaron 2 categorías
2025-08-30 13:45:12 [http-nio-8080-exec-8] INFO  c.e.b.c.service.CategoryService - Se recuperaron 2 categorías
2025-08-30 13:45:12 [http-nio-8080-exec-8] INFO  c.e.b.c.c.c.CategoryController - Se recuperaron 2 categorías
2025-08-30 13:45:12 [http-nio-8080-exec-8] INFO  c.e.b.s.logging.RequestLoggingFilter - [GET] /api/categories/getAll -> 200 (6 ms)
2025-08-30 13:45:12 [http-nio-8080-exec-5] INFO  c.e.b.config.security.JwtService - Token válido para el usuario [admin@admin.com]
2025-08-30 13:45:12 [http-nio-8080-exec-5] INFO  c.e.b.c.c.c.CategoryController - Petición recibida para listar todas las categorías
2025-08-30 13:45:12 [http-nio-8080-exec-5] INFO  c.e.b.c.service.CategoryService - Recuperando todas las categorías...
2025-08-30 13:45:12 [http-nio-8080-exec-5] INFO  c.e.b.c.s.i.GetAllCategories - → [GetAllCategories] Solicitud para obtener todas las categorías ordenadas por nombre
2025-08-30 13:45:12 [http-nio-8080-exec-5] INFO  c.e.b.c.s.i.GetAllCategories - ✓ [GetAllCategories] Se recuperaron 2 categorías
2025-08-30 13:45:12 [http-nio-8080-exec-5] INFO  c.e.b.c.service.CategoryService - Se recuperaron 2 categorías
2025-08-30 13:45:12 [http-nio-8080-exec-5] INFO  c.e.b.c.c.c.CategoryController - Se recuperaron 2 categorías
2025-08-30 13:45:12 [http-nio-8080-exec-5] INFO  c.e.b.s.logging.RequestLoggingFilter - [GET] /api/categories/getAll -> 200 (5 ms)
2025-08-30 13:45:19 [http-nio-8080-exec-3] INFO  c.e.b.config.security.JwtService - Token válido para el usuario [admin@admin.com]
2025-08-30 13:45:19 [http-nio-8080-exec-3] INFO  c.e.b.c.c.c.CategoryController - Petición recibida para crear categoría con nombre=MEDICINA
2025-08-30 13:45:19 [http-nio-8080-exec-3] INFO  c.e.b.c.service.CategoryService - Iniciando creación de categoría con nombre=MEDICINA
2025-08-30 13:45:19 [http-nio-8080-exec-3] INFO  c.e.b.c.s.i.RegisterCategory - → [RegisterCategory] Creando nueva categoría nombre=MEDICINA
2025-08-30 13:45:19 [http-nio-8080-exec-3] INFO  c.e.b.c.s.i.RegisterCategory - ✓ [RegisterCategory] Categoría creada exitosamente id=3 nombre=MEDICINA
2025-08-30 13:45:19 [http-nio-8080-exec-3] INFO  c.e.b.c.service.CategoryService - Categoría creada exitosamente id=3 nombre=MEDICINA
2025-08-30 13:45:19 [http-nio-8080-exec-3] INFO  c.e.b.c.c.c.CategoryController - Categoría creada con id=3 y nombre=MEDICINA
2025-08-30 13:45:19 [http-nio-8080-exec-3] INFO  c.e.b.s.logging.RequestLoggingFilter - [POST] /api/categories -> 200 (9 ms)
2025-08-30 13:45:19 [http-nio-8080-exec-6] INFO  c.e.b.config.security.JwtService - Token válido para el usuario [admin@admin.com]
2025-08-30 13:45:19 [http-nio-8080-exec-6] INFO  c.e.b.c.c.c.CategoryController - Petición recibida para listar todas las categorías
2025-08-30 13:45:19 [http-nio-8080-exec-6] INFO  c.e.b.c.service.CategoryService - Recuperando todas las categorías...
2025-08-30 13:45:19 [http-nio-8080-exec-6] INFO  c.e.b.c.s.i.GetAllCategories - → [GetAllCategories] Solicitud para obtener todas las categorías ordenadas por nombre
2025-08-30 13:45:19 [http-nio-8080-exec-6] INFO  c.e.b.c.s.i.GetAllCategories - ✓ [GetAllCategories] Se recuperaron 3 categorías
2025-08-30 13:45:19 [http-nio-8080-exec-6] INFO  c.e.b.c.service.CategoryService - Se recuperaron 3 categorías
2025-08-30 13:45:19 [http-nio-8080-exec-6] INFO  c.e.b.c.c.c.CategoryController - Se recuperaron 3 categorías
2025-08-30 13:45:19 [http-nio-8080-exec-6] INFO  c.e.b.s.logging.RequestLoggingFilter - [GET] /api/categories/getAll -> 200 (6 ms)
2025-08-30 13:45:19 [http-nio-8080-exec-7] INFO  c.e.b.config.security.JwtService - Token válido para el usuario [admin@admin.com]
2025-08-30 13:45:19 [http-nio-8080-exec-7] INFO  c.e.b.c.c.c.CategoryController - Petición recibida para listar todas las categorías
2025-08-30 13:45:19 [http-nio-8080-exec-7] INFO  c.e.b.c.service.CategoryService - Recuperando todas las categorías...
2025-08-30 13:45:19 [http-nio-8080-exec-7] INFO  c.e.b.c.s.i.GetAllCategories - → [GetAllCategories] Solicitud para obtener todas las categorías ordenadas por nombre
2025-08-30 13:45:19 [http-nio-8080-exec-7] INFO  c.e.b.c.s.i.GetAllCategories - ✓ [GetAllCategories] Se recuperaron 3 categorías
2025-08-30 13:45:19 [http-nio-8080-exec-7] INFO  c.e.b.c.service.CategoryService - Se recuperaron 3 categorías
2025-08-30 13:45:19 [http-nio-8080-exec-7] INFO  c.e.b.c.c.c.CategoryController - Se recuperaron 3 categorías
2025-08-30 13:45:19 [http-nio-8080-exec-7] INFO  c.e.b.s.logging.RequestLoggingFilter - [GET] /api/categories/getAll -> 200 (6 ms)
2025-08-30 13:45:19 [http-nio-8080-exec-2] INFO  c.e.b.config.security.JwtService - Token válido para el usuario [admin@admin.com]
2025-08-30 13:45:19 [http-nio-8080-exec-2] INFO  c.e.b.c.c.c.CategoryController - Petición recibida para listar todas las categorías
2025-08-30 13:45:19 [http-nio-8080-exec-2] INFO  c.e.b.c.service.CategoryService - Recuperando todas las categorías...
2025-08-30 13:45:19 [http-nio-8080-exec-2] INFO  c.e.b.c.s.i.GetAllCategories - → [GetAllCategories] Solicitud para obtener todas las categorías ordenadas por nombre
2025-08-30 13:45:19 [http-nio-8080-exec-2] INFO  c.e.b.c.s.i.GetAllCategories - ✓ [GetAllCategories] Se recuperaron 3 categorías
2025-08-30 13:45:19 [http-nio-8080-exec-2] INFO  c.e.b.c.service.CategoryService - Se recuperaron 3 categorías
2025-08-30 13:45:19 [http-nio-8080-exec-2] INFO  c.e.b.c.c.c.CategoryController - Se recuperaron 3 categorías
2025-08-30 13:45:19 [http-nio-8080-exec-2] INFO  c.e.b.s.logging.RequestLoggingFilter - [GET] /api/categories/getAll -> 200 (7 ms)
2025-08-30 13:45:19 [http-nio-8080-exec-10] INFO  c.e.b.config.security.JwtService - Token válido para el usuario [admin@admin.com]
2025-08-30 13:45:19 [http-nio-8080-exec-10] INFO  c.e.b.c.c.c.CategoryController - Petición recibida para listar todas las categorías
2025-08-30 13:45:19 [http-nio-8080-exec-10] INFO  c.e.b.c.service.CategoryService - Recuperando todas las categorías...
2025-08-30 13:45:19 [http-nio-8080-exec-10] INFO  c.e.b.c.s.i.GetAllCategories - → [GetAllCategories] Solicitud para obtener todas las categorías ordenadas por nombre
2025-08-30 13:45:19 [http-nio-8080-exec-10] INFO  c.e.b.c.s.i.GetAllCategories - ✓ [GetAllCategories] Se recuperaron 3 categorías
2025-08-30 13:45:19 [http-nio-8080-exec-10] INFO  c.e.b.c.service.CategoryService - Se recuperaron 3 categorías
2025-08-30 13:45:19 [http-nio-8080-exec-10] INFO  c.e.b.c.c.c.CategoryController - Se recuperaron 3 categorías
2025-08-30 13:45:19 [http-nio-8080-exec-10] INFO  c.e.b.s.logging.RequestLoggingFilter - [GET] /api/categories/getAll -> 200 (5 ms)
2025-08-30 13:45:25 [http-nio-8080-exec-4] INFO  c.e.b.config.security.JwtService - Token válido para el usuario [admin@admin.com]
2025-08-30 13:45:25 [http-nio-8080-exec-4] INFO  c.e.b.c.c.c.CategoryController - Petición recibida para crear categoría con nombre=COMERCIANTES
2025-08-30 13:45:25 [http-nio-8080-exec-4] INFO  c.e.b.c.service.CategoryService - Iniciando creación de categoría con nombre=COMERCIANTES
2025-08-30 13:45:25 [http-nio-8080-exec-4] INFO  c.e.b.c.s.i.RegisterCategory - → [RegisterCategory] Creando nueva categoría nombre=COMERCIANTES
2025-08-30 13:45:25 [http-nio-8080-exec-4] INFO  c.e.b.c.s.i.RegisterCategory - ✓ [RegisterCategory] Categoría creada exitosamente id=4 nombre=COMERCIANTES
2025-08-30 13:45:25 [http-nio-8080-exec-4] INFO  c.e.b.c.service.CategoryService - Categoría creada exitosamente id=4 nombre=COMERCIANTES
2025-08-30 13:45:25 [http-nio-8080-exec-4] INFO  c.e.b.c.c.c.CategoryController - Categoría creada con id=4 y nombre=COMERCIANTES
2025-08-30 13:45:25 [http-nio-8080-exec-4] INFO  c.e.b.s.logging.RequestLoggingFilter - [POST] /api/categories -> 200 (8 ms)
2025-08-30 13:45:25 [http-nio-8080-exec-8] INFO  c.e.b.config.security.JwtService - Token válido para el usuario [admin@admin.com]
2025-08-30 13:45:25 [http-nio-8080-exec-8] INFO  c.e.b.c.c.c.CategoryController - Petición recibida para listar todas las categorías
2025-08-30 13:45:25 [http-nio-8080-exec-8] INFO  c.e.b.c.service.CategoryService - Recuperando todas las categorías...
2025-08-30 13:45:25 [http-nio-8080-exec-8] INFO  c.e.b.c.s.i.GetAllCategories - → [GetAllCategories] Solicitud para obtener todas las categorías ordenadas por nombre
2025-08-30 13:45:25 [http-nio-8080-exec-8] INFO  c.e.b.c.s.i.GetAllCategories - ✓ [GetAllCategories] Se recuperaron 4 categorías
2025-08-30 13:45:25 [http-nio-8080-exec-8] INFO  c.e.b.c.service.CategoryService - Se recuperaron 4 categorías
2025-08-30 13:45:25 [http-nio-8080-exec-8] INFO  c.e.b.c.c.c.CategoryController - Se recuperaron 4 categorías
2025-08-30 13:45:25 [http-nio-8080-exec-8] INFO  c.e.b.s.logging.RequestLoggingFilter - [GET] /api/categories/getAll -> 200 (5 ms)
2025-08-30 13:45:25 [http-nio-8080-exec-5] INFO  c.e.b.config.security.JwtService - Token válido para el usuario [admin@admin.com]
2025-08-30 13:45:25 [http-nio-8080-exec-5] INFO  c.e.b.c.c.c.CategoryController - Petición recibida para listar todas las categorías
2025-08-30 13:45:25 [http-nio-8080-exec-5] INFO  c.e.b.c.service.CategoryService - Recuperando todas las categorías...
2025-08-30 13:45:25 [http-nio-8080-exec-5] INFO  c.e.b.c.s.i.GetAllCategories - → [GetAllCategories] Solicitud para obtener todas las categorías ordenadas por nombre
2025-08-30 13:45:25 [http-nio-8080-exec-5] INFO  c.e.b.c.s.i.GetAllCategories - ✓ [GetAllCategories] Se recuperaron 4 categorías
2025-08-30 13:45:25 [http-nio-8080-exec-5] INFO  c.e.b.c.service.CategoryService - Se recuperaron 4 categorías
2025-08-30 13:45:25 [http-nio-8080-exec-5] INFO  c.e.b.c.c.c.CategoryController - Se recuperaron 4 categorías
2025-08-30 13:45:25 [http-nio-8080-exec-5] INFO  c.e.b.s.logging.RequestLoggingFilter - [GET] /api/categories/getAll -> 200 (8 ms)
2025-08-30 13:45:25 [http-nio-8080-exec-1] INFO  c.e.b.config.security.JwtService - Token válido para el usuario [admin@admin.com]
2025-08-30 13:45:25 [http-nio-8080-exec-1] INFO  c.e.b.c.c.c.CategoryController - Petición recibida para listar todas las categorías
2025-08-30 13:45:25 [http-nio-8080-exec-1] INFO  c.e.b.c.service.CategoryService - Recuperando todas las categorías...
2025-08-30 13:45:25 [http-nio-8080-exec-1] INFO  c.e.b.c.s.i.GetAllCategories - → [GetAllCategories] Solicitud para obtener todas las categorías ordenadas por nombre
2025-08-30 13:45:25 [http-nio-8080-exec-1] INFO  c.e.b.c.s.i.GetAllCategories - ✓ [GetAllCategories] Se recuperaron 4 categorías
2025-08-30 13:45:25 [http-nio-8080-exec-1] INFO  c.e.b.c.service.CategoryService - Se recuperaron 4 categorías
2025-08-30 13:45:25 [http-nio-8080-exec-1] INFO  c.e.b.c.c.c.CategoryController - Se recuperaron 4 categorías
2025-08-30 13:45:25 [http-nio-8080-exec-1] INFO  c.e.b.s.logging.RequestLoggingFilter - [GET] /api/categories/getAll -> 200 (7 ms)
2025-08-30 13:45:25 [http-nio-8080-exec-3] INFO  c.e.b.config.security.JwtService - Token válido para el usuario [admin@admin.com]
2025-08-30 13:45:25 [http-nio-8080-exec-3] INFO  c.e.b.c.c.c.CategoryController - Petición recibida para listar todas las categorías
2025-08-30 13:45:25 [http-nio-8080-exec-3] INFO  c.e.b.c.service.CategoryService - Recuperando todas las categorías...
2025-08-30 13:45:25 [http-nio-8080-exec-3] INFO  c.e.b.c.s.i.GetAllCategories - → [GetAllCategories] Solicitud para obtener todas las categorías ordenadas por nombre
2025-08-30 13:45:25 [http-nio-8080-exec-3] INFO  c.e.b.c.s.i.GetAllCategories - ✓ [GetAllCategories] Se recuperaron 4 categorías
2025-08-30 13:45:25 [http-nio-8080-exec-3] INFO  c.e.b.c.service.CategoryService - Se recuperaron 4 categorías
2025-08-30 13:45:25 [http-nio-8080-exec-3] INFO  c.e.b.c.c.c.CategoryController - Se recuperaron 4 categorías
2025-08-30 13:45:25 [http-nio-8080-exec-3] INFO  c.e.b.s.logging.RequestLoggingFilter - [GET] /api/categories/getAll -> 200 (7 ms)
2025-08-30 13:45:34 [http-nio-8080-exec-7] INFO  c.e.b.config.security.JwtService - Token válido para el usuario [admin@admin.com]
2025-08-30 13:45:34 [http-nio-8080-exec-7] INFO  c.e.b.c.c.c.CategoryController - Petición recibida para crear categoría con nombre=PELUQUERIA
2025-08-30 13:45:34 [http-nio-8080-exec-7] INFO  c.e.b.c.service.CategoryService - Iniciando creación de categoría con nombre=PELUQUERIA
2025-08-30 13:45:34 [http-nio-8080-exec-7] INFO  c.e.b.c.s.i.RegisterCategory - → [RegisterCategory] Creando nueva categoría nombre=PELUQUERIA
2025-08-30 13:45:34 [http-nio-8080-exec-7] INFO  c.e.b.c.s.i.RegisterCategory - ✓ [RegisterCategory] Categoría creada exitosamente id=5 nombre=PELUQUERIA
2025-08-30 13:45:34 [http-nio-8080-exec-7] INFO  c.e.b.c.service.CategoryService - Categoría creada exitosamente id=5 nombre=PELUQUERIA
2025-08-30 13:45:34 [http-nio-8080-exec-7] INFO  c.e.b.c.c.c.CategoryController - Categoría creada con id=5 y nombre=PELUQUERIA
2025-08-30 13:45:34 [http-nio-8080-exec-7] INFO  c.e.b.s.logging.RequestLoggingFilter - [POST] /api/categories -> 200 (8 ms)
2025-08-30 13:45:34 [http-nio-8080-exec-2] INFO  c.e.b.config.security.JwtService - Token válido para el usuario [admin@admin.com]
2025-08-30 13:45:34 [http-nio-8080-exec-2] INFO  c.e.b.c.c.c.CategoryController - Petición recibida para listar todas las categorías
2025-08-30 13:45:34 [http-nio-8080-exec-2] INFO  c.e.b.c.service.CategoryService - Recuperando todas las categorías...
2025-08-30 13:45:34 [http-nio-8080-exec-2] INFO  c.e.b.c.s.i.GetAllCategories - → [GetAllCategories] Solicitud para obtener todas las categorías ordenadas por nombre
2025-08-30 13:45:34 [http-nio-8080-exec-2] INFO  c.e.b.c.s.i.GetAllCategories - ✓ [GetAllCategories] Se recuperaron 5 categorías
2025-08-30 13:45:34 [http-nio-8080-exec-2] INFO  c.e.b.c.service.CategoryService - Se recuperaron 5 categorías
2025-08-30 13:45:34 [http-nio-8080-exec-2] INFO  c.e.b.c.c.c.CategoryController - Se recuperaron 5 categorías
2025-08-30 13:45:34 [http-nio-8080-exec-2] INFO  c.e.b.s.logging.RequestLoggingFilter - [GET] /api/categories/getAll -> 200 (7 ms)
2025-08-30 13:45:34 [http-nio-8080-exec-10] INFO  c.e.b.config.security.JwtService - Token válido para el usuario [admin@admin.com]
2025-08-30 13:45:34 [http-nio-8080-exec-10] INFO  c.e.b.c.c.c.CategoryController - Petición recibida para listar todas las categorías
2025-08-30 13:45:34 [http-nio-8080-exec-10] INFO  c.e.b.c.service.CategoryService - Recuperando todas las categorías...
2025-08-30 13:45:34 [http-nio-8080-exec-10] INFO  c.e.b.c.s.i.GetAllCategories - → [GetAllCategories] Solicitud para obtener todas las categorías ordenadas por nombre
2025-08-30 13:45:34 [http-nio-8080-exec-10] INFO  c.e.b.c.s.i.GetAllCategories - ✓ [GetAllCategories] Se recuperaron 5 categorías
2025-08-30 13:45:34 [http-nio-8080-exec-10] INFO  c.e.b.c.service.CategoryService - Se recuperaron 5 categorías
2025-08-30 13:45:34 [http-nio-8080-exec-10] INFO  c.e.b.c.c.c.CategoryController - Se recuperaron 5 categorías
2025-08-30 13:45:34 [http-nio-8080-exec-10] INFO  c.e.b.s.logging.RequestLoggingFilter - [GET] /api/categories/getAll -> 200 (4 ms)
2025-08-30 13:45:34 [http-nio-8080-exec-9] INFO  c.e.b.config.security.JwtService - Token válido para el usuario [admin@admin.com]
2025-08-30 13:45:34 [http-nio-8080-exec-9] INFO  c.e.b.c.c.c.CategoryController - Petición recibida para listar todas las categorías
2025-08-30 13:45:34 [http-nio-8080-exec-9] INFO  c.e.b.c.service.CategoryService - Recuperando todas las categorías...
2025-08-30 13:45:34 [http-nio-8080-exec-9] INFO  c.e.b.c.s.i.GetAllCategories - → [GetAllCategories] Solicitud para obtener todas las categorías ordenadas por nombre
2025-08-30 13:45:34 [http-nio-8080-exec-9] INFO  c.e.b.c.s.i.GetAllCategories - ✓ [GetAllCategories] Se recuperaron 5 categorías
2025-08-30 13:45:34 [http-nio-8080-exec-9] INFO  c.e.b.c.service.CategoryService - Se recuperaron 5 categorías
2025-08-30 13:45:34 [http-nio-8080-exec-9] INFO  c.e.b.c.c.c.CategoryController - Se recuperaron 5 categorías
2025-08-30 13:45:34 [http-nio-8080-exec-9] INFO  c.e.b.s.logging.RequestLoggingFilter - [GET] /api/categories/getAll -> 200 (6 ms)
2025-08-30 13:45:34 [http-nio-8080-exec-4] INFO  c.e.b.config.security.JwtService - Token válido para el usuario [admin@admin.com]
2025-08-30 13:45:34 [http-nio-8080-exec-4] INFO  c.e.b.c.c.c.CategoryController - Petición recibida para listar todas las categorías
2025-08-30 13:45:34 [http-nio-8080-exec-4] INFO  c.e.b.c.service.CategoryService - Recuperando todas las categorías...
2025-08-30 13:45:34 [http-nio-8080-exec-4] INFO  c.e.b.c.s.i.GetAllCategories - → [GetAllCategories] Solicitud para obtener todas las categorías ordenadas por nombre
2025-08-30 13:45:34 [http-nio-8080-exec-4] INFO  c.e.b.c.s.i.GetAllCategories - ✓ [GetAllCategories] Se recuperaron 5 categorías
2025-08-30 13:45:34 [http-nio-8080-exec-4] INFO  c.e.b.c.service.CategoryService - Se recuperaron 5 categorías
2025-08-30 13:45:34 [http-nio-8080-exec-4] INFO  c.e.b.c.c.c.CategoryController - Se recuperaron 5 categorías
2025-08-30 13:45:34 [http-nio-8080-exec-4] INFO  c.e.b.s.logging.RequestLoggingFilter - [GET] /api/categories/getAll -> 200 (5 ms)
2025-08-30 13:45:35 [http-nio-8080-exec-8] INFO  c.e.b.config.security.JwtService - Token válido para el usuario [admin@admin.com]
2025-08-30 13:45:35 [http-nio-8080-exec-8] INFO  c.e.b.c.c.c.CategoryController - Petición recibida para listar todas las categorías
2025-08-30 13:45:35 [http-nio-8080-exec-8] INFO  c.e.b.c.service.CategoryService - Recuperando todas las categorías...
2025-08-30 13:45:35 [http-nio-8080-exec-8] INFO  c.e.b.c.s.i.GetAllCategories - → [GetAllCategories] Solicitud para obtener todas las categorías ordenadas por nombre
2025-08-30 13:45:35 [http-nio-8080-exec-8] INFO  c.e.b.c.s.i.GetAllCategories - ✓ [GetAllCategories] Se recuperaron 5 categorías
2025-08-30 13:45:35 [http-nio-8080-exec-8] INFO  c.e.b.c.service.CategoryService - Se recuperaron 5 categorías
2025-08-30 13:45:35 [http-nio-8080-exec-8] INFO  c.e.b.c.c.c.CategoryController - Se recuperaron 5 categorías
2025-08-30 13:45:35 [http-nio-8080-exec-8] INFO  c.e.b.s.logging.RequestLoggingFilter - [GET] /api/categories/getAll -> 200 (6 ms)
2025-08-30 13:45:35 [http-nio-8080-exec-5] INFO  c.e.b.config.security.JwtService - Token válido para el usuario [admin@admin.com]
2025-08-30 13:45:35 [http-nio-8080-exec-5] INFO  c.e.b.c.c.c.CategoryController - Petición recibida para listar todas las categorías
2025-08-30 13:45:35 [http-nio-8080-exec-5] INFO  c.e.b.c.service.CategoryService - Recuperando todas las categorías...
2025-08-30 13:45:35 [http-nio-8080-exec-5] INFO  c.e.b.c.s.i.GetAllCategories - → [GetAllCategories] Solicitud para obtener todas las categorías ordenadas por nombre
2025-08-30 13:45:35 [http-nio-8080-exec-5] INFO  c.e.b.c.s.i.GetAllCategories - ✓ [GetAllCategories] Se recuperaron 5 categorías
2025-08-30 13:45:35 [http-nio-8080-exec-5] INFO  c.e.b.c.service.CategoryService - Se recuperaron 5 categorías
2025-08-30 13:45:35 [http-nio-8080-exec-5] INFO  c.e.b.c.c.c.CategoryController - Se recuperaron 5 categorías
2025-08-30 13:45:35 [http-nio-8080-exec-5] INFO  c.e.b.s.logging.RequestLoggingFilter - [GET] /api/categories/getAll -> 200 (5 ms)
2025-08-30 13:47:04 [http-nio-8080-exec-7] INFO  c.e.b.config.security.JwtService - Token válido para el usuario [admin@admin.com]
2025-08-30 13:47:04 [http-nio-8080-exec-7] INFO  c.e.b.p.c.c.ProviderController - → [ProviderController] Solicitud para registrar proveedor con datos JSON={"name":"Michael ","lastName":"Illescas","address":"Trenque Lauquen","phone":"2923530179","description":"Arquitecto de Software","isActive":true,"categoryId":1} y image=8fa6f2ac-ea85-49b3-b313-4d15d9a7b5a9.png
2025-08-30 13:47:04 [http-nio-8080-exec-7] INFO  c.e.b.p.service.ProviderService - → [ProviderService] Creando proveedor nombre=Michael  apellido=Illescas categoríaId=1
2025-08-30 13:47:04 [http-nio-8080-exec-7] INFO  c.e.b.p.s.i.CreateProviderService - Iniciando creación de proveedor con nombre: Michael  Illescas
2025-08-30 13:47:04 [http-nio-8080-exec-7] INFO  c.e.b.p.s.i.CreateProviderService - Procesando imagen para proveedor...
2025-08-30 13:47:04 [http-nio-8080-exec-7] INFO  c.e.b.p.s.i.CreateProviderService - Imagen guardada en ruta local: C:\Users\jonii\OneDrive\Escritorio\Proyectos\MONOLITOS\SISTEMA DE PUBLICIDAD\Publicidad-Web\BackendPublicacionWeb\publicacionWeb\uploads\proveedores\352dc430-ee0b-418e-b4cb-8401ec7f4c98.png
2025-08-30 13:47:04 [http-nio-8080-exec-7] INFO  c.e.b.p.s.i.CreateProviderService - Proveedor creado con id: 1
2025-08-30 13:47:04 [http-nio-8080-exec-7] INFO  c.e.b.p.service.ProviderService - ✓ [ProviderService] Proveedor creado id=1 nombre=Michael  apellido=Illescas
2025-08-30 13:47:04 [http-nio-8080-exec-7] INFO  c.e.b.p.c.c.ProviderController - ✓ [ProviderController] Proveedor creado exitosamente id=1 nombre=Michael  apellido=Illescas
2025-08-30 13:47:04 [http-nio-8080-exec-7] INFO  c.e.b.s.logging.RequestLoggingFilter - [POST] /api/providers -> 201 (83 ms)
2025-08-30 13:47:04 [http-nio-8080-exec-2] INFO  c.e.b.config.security.JwtService - Token válido para el usuario [admin@admin.com]
2025-08-30 13:47:04 [http-nio-8080-exec-2] INFO  c.e.b.p.c.c.ProviderController - → [ProviderController] Solicitud para listar todos los proveedores
2025-08-30 13:47:04 [http-nio-8080-exec-2] INFO  c.e.b.p.service.ProviderService - → [ProviderService] Solicitando listado de todos los proveedores
2025-08-30 13:47:04 [http-nio-8080-exec-2] INFO  c.e.b.p.s.i.GetAllProviderService - Iniciando proceso de obtención de todos los proveedores
2025-08-30 13:47:04 [http-nio-8080-exec-2] INFO  c.e.b.p.s.i.GetAllProviderService - Se obtuvieron 1 proveedores en total
2025-08-30 13:47:04 [http-nio-8080-exec-2] INFO  c.e.b.p.service.ProviderService - ✓ [ProviderService] Se recuperaron 1 proveedores
2025-08-30 13:47:04 [http-nio-8080-exec-2] INFO  c.e.b.p.c.c.ProviderController - ✓ [ProviderController] Se recuperaron 1 proveedores
2025-08-30 13:47:04 [http-nio-8080-exec-2] INFO  c.e.b.s.logging.RequestLoggingFilter - [GET] /api/providers/getAll -> 200 (25 ms)
2025-08-30 13:47:05 [http-nio-8080-exec-10] INFO  c.e.b.config.security.JwtService - Token válido para el usuario [admin@admin.com]
2025-08-30 13:47:05 [http-nio-8080-exec-10] INFO  c.e.b.p.c.c.ProviderController - → [ProviderController] Solicitud para listar todos los proveedores
2025-08-30 13:47:05 [http-nio-8080-exec-10] INFO  c.e.b.p.service.ProviderService - → [ProviderService] Solicitando listado de todos los proveedores
2025-08-30 13:47:05 [http-nio-8080-exec-10] INFO  c.e.b.p.s.i.GetAllProviderService - Iniciando proceso de obtención de todos los proveedores
2025-08-30 13:47:05 [http-nio-8080-exec-10] INFO  c.e.b.p.s.i.GetAllProviderService - Se obtuvieron 1 proveedores en total
2025-08-30 13:47:05 [http-nio-8080-exec-10] INFO  c.e.b.p.service.ProviderService - ✓ [ProviderService] Se recuperaron 1 proveedores
2025-08-30 13:47:05 [http-nio-8080-exec-10] INFO  c.e.b.p.c.c.ProviderController - ✓ [ProviderController] Se recuperaron 1 proveedores
2025-08-30 13:47:05 [http-nio-8080-exec-10] INFO  c.e.b.s.logging.RequestLoggingFilter - [GET] /api/providers/getAll -> 200 (8 ms)
2025-08-30 13:47:10 [http-nio-8080-exec-4] INFO  c.e.b.p.c.c.ProviderController - → [ProviderController] Solicitud para listar proveedores paginados | page=0 | size=5
2025-08-30 13:47:10 [http-nio-8080-exec-4] INFO  c.e.b.p.service.ProviderService - → [ProviderService] Iniciando recuperación de prestadores | página=0 | size=5
2025-08-30 13:47:10 [http-nio-8080-exec-9] INFO  c.e.b.config.security.JwtService - Token válido para el usuario [admin@admin.com]
2025-08-30 13:47:10 [http-nio-8080-exec-8] INFO  c.e.b.config.security.JwtService - Token válido para el usuario [admin@admin.com]
2025-08-30 13:47:10 [http-nio-8080-exec-4] INFO  c.e.b.p.service.ProviderService - ✓ [ProviderService] Recuperados 1 prestadores | página=0 de 1 | totalElements=1
2025-08-30 13:47:10 [http-nio-8080-exec-4] INFO  c.e.b.p.c.c.ProviderController - ✓ [ProviderController] Se recuperaron 1 proveedores en la página 0 de 1 (total elementos=1)
2025-08-30 13:47:10 [http-nio-8080-exec-8] INFO  c.e.b.u.c.controllers.AuthController - Obteniendo sesión actual
2025-08-30 13:47:10 [http-nio-8080-exec-9] INFO  c.e.b.c.c.c.CategoryController - Petición recibida para listar todas las categorías
2025-08-30 13:47:10 [http-nio-8080-exec-9] INFO  c.e.b.c.service.CategoryService - Recuperando todas las categorías...
2025-08-30 13:47:10 [http-nio-8080-exec-9] INFO  c.e.b.c.s.i.GetAllCategories - → [GetAllCategories] Solicitud para obtener todas las categorías ordenadas por nombre
2025-08-30 13:47:10 [http-nio-8080-exec-4] INFO  c.e.b.s.logging.RequestLoggingFilter - [GET] /api/providers/paged -> 200 (13 ms)
2025-08-30 13:47:10 [http-nio-8080-exec-9] INFO  c.e.b.c.s.i.GetAllCategories - ✓ [GetAllCategories] Se recuperaron 5 categorías
2025-08-30 13:47:10 [http-nio-8080-exec-9] INFO  c.e.b.c.service.CategoryService - Se recuperaron 5 categorías
2025-08-30 13:47:10 [http-nio-8080-exec-9] INFO  c.e.b.c.c.c.CategoryController - Se recuperaron 5 categorías
2025-08-30 13:47:10 [http-nio-8080-exec-5] INFO  c.e.b.p.c.c.ProviderController - → [ProviderController] Solicitud para listar proveedores paginados | page=0 | size=5
2025-08-30 13:47:10 [http-nio-8080-exec-5] INFO  c.e.b.p.service.ProviderService - → [ProviderService] Iniciando recuperación de prestadores | página=0 | size=5
2025-08-30 13:47:10 [http-nio-8080-exec-9] INFO  c.e.b.s.logging.RequestLoggingFilter - [GET] /api/categories/getAll -> 200 (9 ms)
2025-08-30 13:47:10 [http-nio-8080-exec-8] INFO  c.e.b.u.s.implement.GetUserSession - Sesión válida encontrada. Usuario autenticado: id=1, email=admin@admin.com
2025-08-30 13:47:10 [http-nio-8080-exec-8] INFO  c.e.b.u.c.controllers.AuthController - Sesión obtenida para usuario: admin@admin.com
2025-08-30 13:47:10 [http-nio-8080-exec-8] INFO  c.e.b.s.logging.RequestLoggingFilter - [GET] /auth/me -> 200 (11 ms)
2025-08-30 13:47:10 [http-nio-8080-exec-5] INFO  c.e.b.p.service.ProviderService - ✓ [ProviderService] Recuperados 1 prestadores | página=0 de 1 | totalElements=1
2025-08-30 13:47:10 [http-nio-8080-exec-5] INFO  c.e.b.p.c.c.ProviderController - ✓ [ProviderController] Se recuperaron 1 proveedores en la página 0 de 1 (total elementos=1)
2025-08-30 13:47:10 [http-nio-8080-exec-5] INFO  c.e.b.s.logging.RequestLoggingFilter - [GET] /api/providers/paged -> 200 (12 ms)
2025-08-30 13:47:10 [http-nio-8080-exec-6] INFO  c.e.b.p.c.c.ProviderController - → [ProviderController] Solicitud para listar proveedores paginados | page=0 | size=5
2025-08-30 13:47:10 [http-nio-8080-exec-6] INFO  c.e.b.p.service.ProviderService - → [ProviderService] Iniciando recuperación de prestadores | página=0 | size=5
2025-08-30 13:47:10 [http-nio-8080-exec-3] INFO  c.e.b.config.security.JwtService - Token válido para el usuario [admin@admin.com]
2025-08-30 13:47:10 [http-nio-8080-exec-1] INFO  c.e.b.config.security.JwtService - Token válido para el usuario [admin@admin.com]
2025-08-30 13:47:10 [http-nio-8080-exec-1] INFO  c.e.b.c.c.c.CategoryController - Petición recibida para listar todas las categorías
2025-08-30 13:47:10 [http-nio-8080-exec-3] INFO  c.e.b.u.c.controllers.AuthController - Obteniendo sesión actual
2025-08-30 13:47:10 [http-nio-8080-exec-1] INFO  c.e.b.c.service.CategoryService - Recuperando todas las categorías...
2025-08-30 13:47:10 [http-nio-8080-exec-1] INFO  c.e.b.c.s.i.GetAllCategories - → [GetAllCategories] Solicitud para obtener todas las categorías ordenadas por nombre
2025-08-30 13:47:10 [http-nio-8080-exec-1] INFO  c.e.b.c.s.i.GetAllCategories - ✓ [GetAllCategories] Se recuperaron 5 categorías
2025-08-30 13:47:10 [http-nio-8080-exec-1] INFO  c.e.b.c.service.CategoryService - Se recuperaron 5 categorías
2025-08-30 13:47:10 [http-nio-8080-exec-1] INFO  c.e.b.c.c.c.CategoryController - Se recuperaron 5 categorías
2025-08-30 13:47:10 [http-nio-8080-exec-1] INFO  c.e.b.s.logging.RequestLoggingFilter - [GET] /api/categories/getAll -> 200 (5 ms)
2025-08-30 13:47:10 [http-nio-8080-exec-3] INFO  c.e.b.u.s.implement.GetUserSession - Sesión válida encontrada. Usuario autenticado: id=1, email=admin@admin.com
2025-08-30 13:47:10 [http-nio-8080-exec-3] INFO  c.e.b.u.c.controllers.AuthController - Sesión obtenida para usuario: admin@admin.com
2025-08-30 13:47:10 [http-nio-8080-exec-6] INFO  c.e.b.p.service.ProviderService - ✓ [ProviderService] Recuperados 1 prestadores | página=0 de 1 | totalElements=1
2025-08-30 13:47:10 [http-nio-8080-exec-6] INFO  c.e.b.p.c.c.ProviderController - ✓ [ProviderController] Se recuperaron 1 proveedores en la página 0 de 1 (total elementos=1)
2025-08-30 13:47:10 [http-nio-8080-exec-3] INFO  c.e.b.s.logging.RequestLoggingFilter - [GET] /auth/me -> 200 (8 ms)
2025-08-30 13:47:10 [http-nio-8080-exec-6] INFO  c.e.b.s.logging.RequestLoggingFilter - [GET] /api/providers/paged -> 200 (11 ms)
2025-08-30 13:47:10 [http-nio-8080-exec-7] INFO  c.e.b.config.security.JwtService - Token válido para el usuario [admin@admin.com]
2025-08-30 13:47:10 [http-nio-8080-exec-7] INFO  c.e.b.s.logging.RequestLoggingFilter - [GET] /uploads/proveedores/352dc430-ee0b-418e-b4cb-8401ec7f4c98.png -> 200 (5 ms)
2025-08-30 13:47:13 [http-nio-8080-exec-2] INFO  c.e.b.config.security.JwtService - Token válido para el usuario [admin@admin.com]
2025-08-30 13:47:13 [http-nio-8080-exec-2] INFO  c.e.b.s.logging.RequestLoggingFilter - [GET] /uploads/proveedores/352dc430-ee0b-418e-b4cb-8401ec7f4c98.png -> 200 (3 ms)
2025-08-30 13:47:13 [http-nio-8080-exec-10] INFO  c.e.b.config.security.JwtService - Token válido para el usuario [admin@admin.com]
2025-08-30 13:47:13 [http-nio-8080-exec-10] INFO  c.e.b.c.c.c.CommentController - → [CommentController] Solicitud para obtener comentarios del providerId=1
2025-08-30 13:47:13 [http-nio-8080-exec-10] INFO  c.e.b.c.service.CommentService - → [CommentService] Obteniendo comentarios para providerId=1
2025-08-30 13:47:13 [http-nio-8080-exec-10] INFO  c.e.b.c.s.i.GetCommentsByProviderService - → [GetCommentsByProviderService] Solicitando comentarios para providerId=1
2025-08-30 13:47:13 [http-nio-8080-exec-10] INFO  c.e.b.c.s.i.GetCommentsByProviderService - ✓ [GetCommentsByProviderService] Se recuperaron 0 comentarios para providerId=1
2025-08-30 13:47:13 [http-nio-8080-exec-10] INFO  c.e.b.c.service.CommentService - ✓ [CommentService] Se recuperaron 0 comentarios para providerId=1
2025-08-30 13:47:13 [http-nio-8080-exec-10] INFO  c.e.b.c.c.c.CommentController - ✓ [CommentController] Se recuperaron 0 comentarios para providerId=1
2025-08-30 13:47:13 [http-nio-8080-exec-10] INFO  c.e.b.s.logging.RequestLoggingFilter - [GET] /comments/getAllByProvider -> 200 (16 ms)
2025-08-30 13:47:39 [http-nio-8080-exec-4] INFO  c.e.b.config.security.JwtService - Token válido para el usuario [admin@admin.com]
2025-08-30 13:47:39 [http-nio-8080-exec-9] INFO  c.e.b.config.security.JwtService - Token válido para el usuario [admin@admin.com]
2025-08-30 13:47:39 [http-nio-8080-exec-9] INFO  c.e.b.c.c.c.CommentController - → [CommentController] Solicitud para obtener comentarios del providerId=1
2025-08-30 13:47:39 [http-nio-8080-exec-9] INFO  c.e.b.c.service.CommentService - → [CommentService] Obteniendo comentarios para providerId=1
2025-08-30 13:47:39 [http-nio-8080-exec-9] INFO  c.e.b.c.s.i.GetCommentsByProviderService - → [GetCommentsByProviderService] Solicitando comentarios para providerId=1
2025-08-30 13:47:39 [http-nio-8080-exec-4] INFO  c.e.b.s.logging.RequestLoggingFilter - [GET] /uploads/proveedores/352dc430-ee0b-418e-b4cb-8401ec7f4c98.png -> 200 (3 ms)
2025-08-30 13:47:39 [http-nio-8080-exec-9] INFO  c.e.b.c.s.i.GetCommentsByProviderService - ✓ [GetCommentsByProviderService] Se recuperaron 0 comentarios para providerId=1
2025-08-30 13:47:39 [http-nio-8080-exec-9] INFO  c.e.b.c.service.CommentService - ✓ [CommentService] Se recuperaron 0 comentarios para providerId=1
2025-08-30 13:47:39 [http-nio-8080-exec-9] INFO  c.e.b.c.c.c.CommentController - ✓ [CommentController] Se recuperaron 0 comentarios para providerId=1
2025-08-30 13:47:39 [http-nio-8080-exec-9] INFO  c.e.b.s.logging.RequestLoggingFilter - [GET] /comments/getAllByProvider -> 200 (5 ms)
2025-08-30 13:51:09 [http-nio-8080-exec-2] INFO  c.e.b.p.c.c.ProviderController - → [ProviderController] Solicitud para listar proveedores paginados | page=0 | size=5
2025-08-30 13:51:09 [http-nio-8080-exec-2] INFO  c.e.b.p.service.ProviderService - → [ProviderService] Iniciando recuperación de prestadores | página=0 | size=5
2025-08-30 13:51:09 [http-nio-8080-exec-7] INFO  c.e.b.config.security.JwtService - Token válido para el usuario [admin@admin.com]
2025-08-30 13:51:09 [http-nio-8080-exec-2] INFO  c.e.b.p.service.ProviderService - ✓ [ProviderService] Recuperados 1 prestadores | página=0 de 1 | totalElements=1
2025-08-30 13:51:09 [http-nio-8080-exec-2] INFO  c.e.b.p.c.c.ProviderController - ✓ [ProviderController] Se recuperaron 1 proveedores en la página 0 de 1 (total elementos=1)
2025-08-30 13:51:09 [http-nio-8080-exec-7] INFO  c.e.b.c.c.c.CategoryController - Petición recibida para listar todas las categorías
2025-08-30 13:51:09 [http-nio-8080-exec-7] INFO  c.e.b.c.service.CategoryService - Recuperando todas las categorías...
2025-08-30 13:51:09 [http-nio-8080-exec-7] INFO  c.e.b.c.s.i.GetAllCategories - → [GetAllCategories] Solicitud para obtener todas las categorías ordenadas por nombre
2025-08-30 13:51:09 [http-nio-8080-exec-2] INFO  c.e.b.s.logging.RequestLoggingFilter - [GET] /api/providers/paged -> 200 (11 ms)
2025-08-30 13:51:09 [http-nio-8080-exec-7] INFO  c.e.b.c.s.i.GetAllCategories - ✓ [GetAllCategories] Se recuperaron 5 categorías
2025-08-30 13:51:09 [http-nio-8080-exec-7] INFO  c.e.b.c.service.CategoryService - Se recuperaron 5 categorías
2025-08-30 13:51:09 [http-nio-8080-exec-7] INFO  c.e.b.c.c.c.CategoryController - Se recuperaron 5 categorías
2025-08-30 13:51:09 [http-nio-8080-exec-7] INFO  c.e.b.s.logging.RequestLoggingFilter - [GET] /api/categories/getAll -> 200 (5 ms)
2025-08-30 13:51:09 [http-nio-8080-exec-10] INFO  c.e.b.p.c.c.ProviderController - → [ProviderController] Solicitud para listar proveedores paginados | page=0 | size=5
2025-08-30 13:51:09 [http-nio-8080-exec-10] INFO  c.e.b.p.service.ProviderService - → [ProviderService] Iniciando recuperación de prestadores | página=0 | size=5
2025-08-30 13:51:09 [http-nio-8080-exec-10] INFO  c.e.b.p.service.ProviderService - ✓ [ProviderService] Recuperados 1 prestadores | página=0 de 1 | totalElements=1
2025-08-30 13:51:09 [http-nio-8080-exec-10] INFO  c.e.b.p.c.c.ProviderController - ✓ [ProviderController] Se recuperaron 1 proveedores en la página 0 de 1 (total elementos=1)
2025-08-30 13:51:09 [http-nio-8080-exec-10] INFO  c.e.b.s.logging.RequestLoggingFilter - [GET] /api/providers/paged -> 200 (12 ms)
2025-08-30 13:51:09 [http-nio-8080-exec-4] INFO  c.e.b.config.security.JwtService - Token válido para el usuario [admin@admin.com]
2025-08-30 13:51:09 [http-nio-8080-exec-5] INFO  c.e.b.p.c.c.ProviderController - → [ProviderController] Solicitud para listar proveedores paginados | page=0 | size=5
2025-08-30 13:51:09 [http-nio-8080-exec-5] INFO  c.e.b.p.service.ProviderService - → [ProviderService] Iniciando recuperación de prestadores | página=0 | size=5
2025-08-30 13:51:09 [http-nio-8080-exec-4] INFO  c.e.b.c.c.c.CategoryController - Petición recibida para listar todas las categorías
2025-08-30 13:51:09 [http-nio-8080-exec-4] INFO  c.e.b.c.service.CategoryService - Recuperando todas las categorías...
2025-08-30 13:51:09 [http-nio-8080-exec-4] INFO  c.e.b.c.s.i.GetAllCategories - → [GetAllCategories] Solicitud para obtener todas las categorías ordenadas por nombre
2025-08-30 13:51:09 [http-nio-8080-exec-4] INFO  c.e.b.c.s.i.GetAllCategories - ✓ [GetAllCategories] Se recuperaron 5 categorías
2025-08-30 13:51:09 [http-nio-8080-exec-4] INFO  c.e.b.c.service.CategoryService - Se recuperaron 5 categorías
2025-08-30 13:51:09 [http-nio-8080-exec-4] INFO  c.e.b.c.c.c.CategoryController - Se recuperaron 5 categorías
2025-08-30 13:51:09 [http-nio-8080-exec-9] INFO  c.e.b.config.security.JwtService - Token válido para el usuario [admin@admin.com]
2025-08-30 13:51:09 [http-nio-8080-exec-4] INFO  c.e.b.s.logging.RequestLoggingFilter - [GET] /api/categories/getAll -> 200 (7 ms)
2025-08-30 13:51:09 [http-nio-8080-exec-5] INFO  c.e.b.p.service.ProviderService - ✓ [ProviderService] Recuperados 1 prestadores | página=0 de 1 | totalElements=1
2025-08-30 13:51:09 [http-nio-8080-exec-5] INFO  c.e.b.p.c.c.ProviderController - ✓ [ProviderController] Se recuperaron 1 proveedores en la página 0 de 1 (total elementos=1)
2025-08-30 13:51:09 [http-nio-8080-exec-9] INFO  c.e.b.s.logging.RequestLoggingFilter - [GET] /uploads/proveedores/352dc430-ee0b-418e-b4cb-8401ec7f4c98.png -> 200 (4 ms)
2025-08-30 13:51:09 [http-nio-8080-exec-5] INFO  c.e.b.s.logging.RequestLoggingFilter - [GET] /api/providers/paged -> 200 (13 ms)
2025-08-30 13:55:12 [http-nio-8080-exec-2] INFO  c.e.b.config.security.JwtService - Token válido para el usuario [admin@admin.com]
2025-08-30 13:55:12 [http-nio-8080-exec-2] INFO  c.e.b.u.c.controllers.AuthController - Obteniendo sesión actual
2025-08-30 13:55:12 [http-nio-8080-exec-2] INFO  c.e.b.u.s.implement.GetUserSession - Sesión válida encontrada. Usuario autenticado: id=1, email=admin@admin.com
2025-08-30 13:55:12 [http-nio-8080-exec-2] INFO  c.e.b.u.c.controllers.AuthController - Sesión obtenida para usuario: admin@admin.com
2025-08-30 13:55:12 [http-nio-8080-exec-2] INFO  c.e.b.s.logging.RequestLoggingFilter - [GET] /auth/me -> 200 (7 ms)
2025-08-30 13:55:12 [http-nio-8080-exec-7] INFO  c.e.b.config.security.JwtService - Token válido para el usuario [admin@admin.com]
2025-08-30 13:55:12 [http-nio-8080-exec-7] INFO  c.e.b.u.c.controllers.AuthController - Obteniendo sesión actual
2025-08-30 13:55:12 [http-nio-8080-exec-7] INFO  c.e.b.u.s.implement.GetUserSession - Sesión válida encontrada. Usuario autenticado: id=1, email=admin@admin.com
2025-08-30 13:55:12 [http-nio-8080-exec-7] INFO  c.e.b.u.c.controllers.AuthController - Sesión obtenida para usuario: admin@admin.com
2025-08-30 13:55:12 [http-nio-8080-exec-7] INFO  c.e.b.s.logging.RequestLoggingFilter - [GET] /auth/me -> 200 (6 ms)
2025-08-30 13:55:12 [http-nio-8080-exec-4] INFO  c.e.b.p.c.c.ProviderController - → [ProviderController] Solicitud para listar proveedores paginados | page=0 | size=5
2025-08-30 13:55:12 [http-nio-8080-exec-4] INFO  c.e.b.p.service.ProviderService - → [ProviderService] Iniciando recuperación de prestadores | página=0 | size=5
2025-08-30 13:55:12 [http-nio-8080-exec-10] INFO  c.e.b.config.security.JwtService - Token válido para el usuario [admin@admin.com]
2025-08-30 13:55:12 [http-nio-8080-exec-10] INFO  c.e.b.c.c.c.CategoryController - Petición recibida para listar todas las categorías
2025-08-30 13:55:12 [http-nio-8080-exec-10] INFO  c.e.b.c.service.CategoryService - Recuperando todas las categorías...
2025-08-30 13:55:12 [http-nio-8080-exec-10] INFO  c.e.b.c.s.i.GetAllCategories - → [GetAllCategories] Solicitud para obtener todas las categorías ordenadas por nombre
2025-08-30 13:55:12 [http-nio-8080-exec-4] INFO  c.e.b.p.service.ProviderService - ✓ [ProviderService] Recuperados 1 prestadores | página=0 de 1 | totalElements=1
2025-08-30 13:55:12 [http-nio-8080-exec-4] INFO  c.e.b.p.c.c.ProviderController - ✓ [ProviderController] Se recuperaron 1 proveedores en la página 0 de 1 (total elementos=1)
2025-08-30 13:55:12 [http-nio-8080-exec-4] INFO  c.e.b.s.logging.RequestLoggingFilter - [GET] /api/providers/paged -> 200 (19 ms)
2025-08-30 13:55:12 [http-nio-8080-exec-10] INFO  c.e.b.c.s.i.GetAllCategories - ✓ [GetAllCategories] Se recuperaron 5 categorías
2025-08-30 13:55:12 [http-nio-8080-exec-10] INFO  c.e.b.c.service.CategoryService - Se recuperaron 5 categorías
2025-08-30 13:55:12 [http-nio-8080-exec-10] INFO  c.e.b.c.c.c.CategoryController - Se recuperaron 5 categorías
2025-08-30 13:55:12 [http-nio-8080-exec-10] INFO  c.e.b.s.logging.RequestLoggingFilter - [GET] /api/categories/getAll -> 200 (14 ms)
2025-08-30 13:55:12 [http-nio-8080-exec-9] INFO  c.e.b.p.c.c.ProviderController - → [ProviderController] Solicitud para listar proveedores paginados | page=0 | size=5
2025-08-30 13:55:12 [http-nio-8080-exec-9] INFO  c.e.b.p.service.ProviderService - → [ProviderService] Iniciando recuperación de prestadores | página=0 | size=5
2025-08-30 13:55:12 [http-nio-8080-exec-9] INFO  c.e.b.p.service.ProviderService - ✓ [ProviderService] Recuperados 1 prestadores | página=0 de 1 | totalElements=1
2025-08-30 13:55:12 [http-nio-8080-exec-9] INFO  c.e.b.p.c.c.ProviderController - ✓ [ProviderController] Se recuperaron 1 proveedores en la página 0 de 1 (total elementos=1)
2025-08-30 13:55:12 [http-nio-8080-exec-9] INFO  c.e.b.s.logging.RequestLoggingFilter - [GET] /api/providers/paged -> 200 (14 ms)
2025-08-30 13:55:12 [http-nio-8080-exec-5] INFO  c.e.b.config.security.JwtService - Token válido para el usuario [admin@admin.com]
2025-08-30 13:55:12 [http-nio-8080-exec-5] INFO  c.e.b.c.c.c.CategoryController - Petición recibida para listar todas las categorías
2025-08-30 13:55:12 [http-nio-8080-exec-5] INFO  c.e.b.c.service.CategoryService - Recuperando todas las categorías...
2025-08-30 13:55:12 [http-nio-8080-exec-5] INFO  c.e.b.c.s.i.GetAllCategories - → [GetAllCategories] Solicitud para obtener todas las categorías ordenadas por nombre
2025-08-30 13:55:12 [http-nio-8080-exec-1] INFO  c.e.b.p.c.c.ProviderController - → [ProviderController] Solicitud para listar proveedores paginados | page=0 | size=5
2025-08-30 13:55:12 [http-nio-8080-exec-1] INFO  c.e.b.p.service.ProviderService - → [ProviderService] Iniciando recuperación de prestadores | página=0 | size=5
2025-08-30 13:55:12 [http-nio-8080-exec-5] INFO  c.e.b.c.s.i.GetAllCategories - ✓ [GetAllCategories] Se recuperaron 5 categorías
2025-08-30 13:55:12 [http-nio-8080-exec-5] INFO  c.e.b.c.service.CategoryService - Se recuperaron 5 categorías
2025-08-30 13:55:12 [http-nio-8080-exec-5] INFO  c.e.b.c.c.c.CategoryController - Se recuperaron 5 categorías
2025-08-30 13:55:12 [http-nio-8080-exec-5] INFO  c.e.b.s.logging.RequestLoggingFilter - [GET] /api/categories/getAll -> 200 (6 ms)
2025-08-30 13:55:12 [http-nio-8080-exec-3] INFO  c.e.b.config.security.JwtService - Token válido para el usuario [admin@admin.com]
2025-08-30 13:55:12 [http-nio-8080-exec-1] INFO  c.e.b.p.service.ProviderService - ✓ [ProviderService] Recuperados 1 prestadores | página=0 de 1 | totalElements=1
2025-08-30 13:55:12 [http-nio-8080-exec-1] INFO  c.e.b.p.c.c.ProviderController - ✓ [ProviderController] Se recuperaron 1 proveedores en la página 0 de 1 (total elementos=1)
2025-08-30 13:55:12 [http-nio-8080-exec-1] INFO  c.e.b.s.logging.RequestLoggingFilter - [GET] /api/providers/paged -> 200 (13 ms)
2025-08-30 13:55:12 [http-nio-8080-exec-3] INFO  c.e.b.s.logging.RequestLoggingFilter - [GET] /uploads/proveedores/352dc430-ee0b-418e-b4cb-8401ec7f4c98.png -> 200 (4 ms)
2025-08-30 13:55:16 [http-nio-8080-exec-8] INFO  c.e.b.config.security.JwtService - Token válido para el usuario [admin@admin.com]
2025-08-30 13:55:16 [http-nio-8080-exec-8] INFO  c.e.b.u.c.controllers.AuthController - Obteniendo sesión actual
2025-08-30 13:55:16 [http-nio-8080-exec-2] INFO  c.e.b.p.c.c.ProviderController - → [ProviderController] Solicitud para listar proveedores paginados | page=0 | size=5
2025-08-30 13:55:16 [http-nio-8080-exec-2] INFO  c.e.b.p.service.ProviderService - → [ProviderService] Iniciando recuperación de prestadores | página=0 | size=5
2025-08-30 13:55:16 [http-nio-8080-exec-8] INFO  c.e.b.u.s.implement.GetUserSession - Sesión válida encontrada. Usuario autenticado: id=1, email=admin@admin.com
2025-08-30 13:55:16 [http-nio-8080-exec-8] INFO  c.e.b.u.c.controllers.AuthController - Sesión obtenida para usuario: admin@admin.com
2025-08-30 13:55:16 [http-nio-8080-exec-8] INFO  c.e.b.s.logging.RequestLoggingFilter - [GET] /auth/me -> 200 (7 ms)
2025-08-30 13:55:16 [http-nio-8080-exec-2] INFO  c.e.b.p.service.ProviderService - ✓ [ProviderService] Recuperados 1 prestadores | página=0 de 1 | totalElements=1
2025-08-30 13:55:16 [http-nio-8080-exec-6] INFO  c.e.b.config.security.JwtService - Token válido para el usuario [admin@admin.com]
2025-08-30 13:55:16 [http-nio-8080-exec-2] INFO  c.e.b.p.c.c.ProviderController - ✓ [ProviderController] Se recuperaron 1 proveedores en la página 0 de 1 (total elementos=1)
2025-08-30 13:55:16 [http-nio-8080-exec-6] INFO  c.e.b.c.c.c.CategoryController - Petición recibida para listar todas las categorías
2025-08-30 13:55:16 [http-nio-8080-exec-6] INFO  c.e.b.c.service.CategoryService - Recuperando todas las categorías...
2025-08-30 13:55:16 [http-nio-8080-exec-6] INFO  c.e.b.c.s.i.GetAllCategories - → [GetAllCategories] Solicitud para obtener todas las categorías ordenadas por nombre
2025-08-30 13:55:16 [http-nio-8080-exec-2] INFO  c.e.b.s.logging.RequestLoggingFilter - [GET] /api/providers/paged -> 200 (12 ms)
2025-08-30 13:55:16 [http-nio-8080-exec-4] INFO  c.e.b.p.c.c.ProviderController - → [ProviderController] Solicitud para listar proveedores paginados | page=0 | size=5
2025-08-30 13:55:16 [http-nio-8080-exec-4] INFO  c.e.b.p.service.ProviderService - → [ProviderService] Iniciando recuperación de prestadores | página=0 | size=5
2025-08-30 13:55:16 [http-nio-8080-exec-6] INFO  c.e.b.c.s.i.GetAllCategories - ✓ [GetAllCategories] Se recuperaron 5 categorías
2025-08-30 13:55:16 [http-nio-8080-exec-6] INFO  c.e.b.c.service.CategoryService - Se recuperaron 5 categorías
2025-08-30 13:55:16 [http-nio-8080-exec-6] INFO  c.e.b.c.c.c.CategoryController - Se recuperaron 5 categorías
2025-08-30 13:55:16 [http-nio-8080-exec-6] INFO  c.e.b.s.logging.RequestLoggingFilter - [GET] /api/categories/getAll -> 200 (6 ms)
2025-08-30 13:55:16 [http-nio-8080-exec-7] INFO  c.e.b.config.security.JwtService - Token válido para el usuario [admin@admin.com]
2025-08-30 13:55:16 [http-nio-8080-exec-7] INFO  c.e.b.u.c.controllers.AuthController - Obteniendo sesión actual
2025-08-30 13:55:16 [http-nio-8080-exec-4] INFO  c.e.b.p.service.ProviderService - ✓ [ProviderService] Recuperados 1 prestadores | página=0 de 1 | totalElements=1
2025-08-30 13:55:16 [http-nio-8080-exec-4] INFO  c.e.b.p.c.c.ProviderController - ✓ [ProviderController] Se recuperaron 1 proveedores en la página 0 de 1 (total elementos=1)
2025-08-30 13:55:16 [http-nio-8080-exec-4] INFO  c.e.b.s.logging.RequestLoggingFilter - [GET] /api/providers/paged -> 200 (14 ms)
2025-08-30 13:55:16 [http-nio-8080-exec-5] INFO  c.e.b.p.c.c.ProviderController - → [ProviderController] Solicitud para listar proveedores paginados | page=0 | size=5
2025-08-30 13:55:16 [http-nio-8080-exec-5] INFO  c.e.b.p.service.ProviderService - → [ProviderService] Iniciando recuperación de prestadores | página=0 | size=5
2025-08-30 13:55:16 [http-nio-8080-exec-10] INFO  c.e.b.config.security.JwtService - Token válido para el usuario [admin@admin.com]
2025-08-30 13:55:16 [http-nio-8080-exec-7] INFO  c.e.b.u.s.implement.GetUserSession - Sesión válida encontrada. Usuario autenticado: id=1, email=admin@admin.com
2025-08-30 13:55:16 [http-nio-8080-exec-7] INFO  c.e.b.u.c.controllers.AuthController - Sesión obtenida para usuario: admin@admin.com
2025-08-30 13:55:16 [http-nio-8080-exec-7] INFO  c.e.b.s.logging.RequestLoggingFilter - [GET] /auth/me -> 200 (11 ms)
2025-08-30 13:55:16 [http-nio-8080-exec-9] INFO  c.e.b.config.security.JwtService - Token válido para el usuario [admin@admin.com]
2025-08-30 13:55:16 [http-nio-8080-exec-10] INFO  c.e.b.s.logging.RequestLoggingFilter - [GET] /uploads/proveedores/352dc430-ee0b-418e-b4cb-8401ec7f4c98.png -> 200 (4 ms)
2025-08-30 13:55:16 [http-nio-8080-exec-9] INFO  c.e.b.c.c.c.CategoryController - Petición recibida para listar todas las categorías
2025-08-30 13:55:16 [http-nio-8080-exec-9] INFO  c.e.b.c.service.CategoryService - Recuperando todas las categorías...
2025-08-30 13:55:16 [http-nio-8080-exec-9] INFO  c.e.b.c.s.i.GetAllCategories - → [GetAllCategories] Solicitud para obtener todas las categorías ordenadas por nombre
2025-08-30 13:55:16 [http-nio-8080-exec-9] INFO  c.e.b.c.s.i.GetAllCategories - ✓ [GetAllCategories] Se recuperaron 5 categorías
2025-08-30 13:55:16 [http-nio-8080-exec-9] INFO  c.e.b.c.service.CategoryService - Se recuperaron 5 categorías
2025-08-30 13:55:16 [http-nio-8080-exec-9] INFO  c.e.b.c.c.c.CategoryController - Se recuperaron 5 categorías
2025-08-30 13:55:16 [http-nio-8080-exec-5] INFO  c.e.b.p.service.ProviderService - ✓ [ProviderService] Recuperados 1 prestadores | página=0 de 1 | totalElements=1
2025-08-30 13:55:16 [http-nio-8080-exec-5] INFO  c.e.b.p.c.c.ProviderController - ✓ [ProviderController] Se recuperaron 1 proveedores en la página 0 de 1 (total elementos=1)
2025-08-30 13:55:16 [http-nio-8080-exec-9] INFO  c.e.b.s.logging.RequestLoggingFilter - [GET] /api/categories/getAll -> 200 (8 ms)
2025-08-30 13:55:16 [http-nio-8080-exec-5] INFO  c.e.b.s.logging.RequestLoggingFilter - [GET] /api/providers/paged -> 200 (13 ms)
2025-08-30 13:55:18 [http-nio-8080-exec-3] INFO  c.e.b.config.security.JwtService - Token válido para el usuario [admin@admin.com]
2025-08-30 13:55:18 [http-nio-8080-exec-3] INFO  c.e.b.u.c.controllers.AuthController - Logout solicitado
2025-08-30 13:55:18 [http-nio-8080-exec-3] INFO  c.e.b.u.s.implement.LogoutService - Iniciando proceso de logout: invalidando cookie de autenticación.
2025-08-30 13:55:18 [http-nio-8080-exec-3] INFO  c.e.b.u.s.implement.LogoutService - Cookie de autenticación eliminada correctamente. Logout exitoso.
2025-08-30 13:55:18 [http-nio-8080-exec-3] INFO  c.e.b.u.c.controllers.AuthController - Logout exitoso
2025-08-30 13:55:18 [http-nio-8080-exec-3] INFO  c.e.b.s.logging.RequestLoggingFilter - [POST] /auth/logout -> 200 (2 ms)
2025-08-30 13:55:24 [http-nio-8080-exec-4] INFO  c.e.b.u.c.controllers.AuthController - Intento de login para usuario: admin@admin.com
2025-08-30 13:55:24 [http-nio-8080-exec-4] INFO  c.e.b.u.s.implement.LoginService - Intentando autenticar usuario con email: admin@admin.com
2025-08-30 13:55:24 [http-nio-8080-exec-4] ERROR c.e.b.u.s.i.AuthenticationServiceImpl - Contraseña incorrecta para usuario email=admin@admin.com
2025-08-30 13:55:24 [http-nio-8080-exec-4] WARN  c.e.b.s.e.GlobalExceptionHandler - ❌ Credenciales inválidas: Contraseña incorrecta.
com.example.backend.shared.exceptions.InvalidCredentialsException: Contraseña incorrecta.
	at com.example.backend.users.service.implement.AuthenticationServiceImpl.login(AuthenticationServiceImpl.java:57)
	at com.example.backend.users.service.implement.LoginService.execute(LoginService.java:32)
	at com.example.backend.users.controller.controllers.AuthController.login(AuthController.java:53)
	at java.base/jdk.internal.reflect.DirectMethodHandleAccessor.invoke(DirectMethodHandleAccessor.java:103)
	at java.base/java.lang.reflect.Method.invoke(Method.java:580)
	at org.springframework.web.method.support.InvocableHandlerMethod.doInvoke(InvocableHandlerMethod.java:258)
	at org.springframework.web.method.support.InvocableHandlerMethod.invokeForRequest(InvocableHandlerMethod.java:191)
	at org.springframework.web.servlet.mvc.method.annotation.ServletInvocableHandlerMethod.invokeAndHandle(ServletInvocableHandlerMethod.java:118)
	at org.springframework.web.servlet.mvc.method.annotation.RequestMappingHandlerAdapter.invokeHandlerMethod(RequestMappingHandlerAdapter.java:991)
	at org.springframework.web.servlet.mvc.method.annotation.RequestMappingHandlerAdapter.handleInternal(RequestMappingHandlerAdapter.java:896)
	at org.springframework.web.servlet.mvc.method.AbstractHandlerMethodAdapter.handle(AbstractHandlerMethodAdapter.java:87)
	at org.springframework.web.servlet.DispatcherServlet.doDispatch(DispatcherServlet.java:1089)
	at org.springframework.web.servlet.DispatcherServlet.doService(DispatcherServlet.java:979)
	at org.springframework.web.servlet.FrameworkServlet.processRequest(FrameworkServlet.java:1014)
	at org.springframework.web.servlet.FrameworkServlet.doPost(FrameworkServlet.java:914)
	at jakarta.servlet.http.HttpServlet.service(HttpServlet.java:590)
	at org.springframework.web.servlet.FrameworkServlet.service(FrameworkServlet.java:885)
	at jakarta.servlet.http.HttpServlet.service(HttpServlet.java:658)
	at org.apache.catalina.core.ApplicationFilterChain.internalDoFilter(ApplicationFilterChain.java:195)
	at org.apache.catalina.core.ApplicationFilterChain.doFilter(ApplicationFilterChain.java:140)
	at org.apache.tomcat.websocket.server.WsFilter.doFilter(WsFilter.java:51)
	at org.apache.catalina.core.ApplicationFilterChain.internalDoFilter(ApplicationFilterChain.java:164)
	at org.apache.catalina.core.ApplicationFilterChain.doFilter(ApplicationFilterChain.java:140)
	at com.example.backend.shared.logging.RequestLoggingFilter.doFilterInternal(RequestLoggingFilter.java:29)
	at org.springframework.web.filter.OncePerRequestFilter.doFilter(OncePerRequestFilter.java:116)
	at org.apache.catalina.core.ApplicationFilterChain.internalDoFilter(ApplicationFilterChain.java:164)
	at org.apache.catalina.core.ApplicationFilterChain.doFilter(ApplicationFilterChain.java:140)
	at org.springframework.web.filter.OncePerRequestFilter.doFilter(OncePerRequestFilter.java:110)
	at org.apache.catalina.core.ApplicationFilterChain.internalDoFilter(ApplicationFilterChain.java:164)
	at org.apache.catalina.core.ApplicationFilterChain.doFilter(ApplicationFilterChain.java:140)
	at org.springframework.web.filter.CompositeFilter$VirtualFilterChain.doFilter(CompositeFilter.java:108)
	at org.springframework.web.filter.CompositeFilter$VirtualFilterChain.doFilter(CompositeFilter.java:108)
	at org.springframework.security.web.FilterChainProxy.lambda$doFilterInternal$3(FilterChainProxy.java:231)
	at org.springframework.security.web.FilterChainProxy$VirtualFilterChain.doFilter(FilterChainProxy.java:365)
	at org.springframework.security.web.access.intercept.AuthorizationFilter.doFilter(AuthorizationFilter.java:101)
	at org.springframework.security.web.FilterChainProxy$VirtualFilterChain.doFilter(FilterChainProxy.java:374)
	at org.springframework.security.web.access.ExceptionTranslationFilter.doFilter(ExceptionTranslationFilter.java:125)
	at org.springframework.security.web.access.ExceptionTranslationFilter.doFilter(ExceptionTranslationFilter.java:119)
	at org.springframework.security.web.FilterChainProxy$VirtualFilterChain.doFilter(FilterChainProxy.java:374)
	at org.springframework.security.web.session.SessionManagementFilter.doFilter(SessionManagementFilter.java:131)
	at org.springframework.security.web.session.SessionManagementFilter.doFilter(SessionManagementFilter.java:85)
	at org.springframework.security.web.FilterChainProxy$VirtualFilterChain.doFilter(FilterChainProxy.java:374)
	at org.springframework.security.web.authentication.AnonymousAuthenticationFilter.doFilter(AnonymousAuthenticationFilter.java:100)
	at org.springframework.security.web.FilterChainProxy$VirtualFilterChain.doFilter(FilterChainProxy.java:374)
	at org.springframework.security.web.servletapi.SecurityContextHolderAwareRequestFilter.doFilter(SecurityContextHolderAwareRequestFilter.java:179)
	at org.springframework.security.web.FilterChainProxy$VirtualFilterChain.doFilter(FilterChainProxy.java:374)
	at org.springframework.security.web.savedrequest.RequestCacheAwareFilter.doFilter(RequestCacheAwareFilter.java:63)
	at org.springframework.security.web.FilterChainProxy$VirtualFilterChain.doFilter(FilterChainProxy.java:374)
	at com.example.backend.config.security.JwtCookieAuthenticationFilter.doFilterInternal(JwtCookieAuthenticationFilter.java:62)
	at org.springframework.web.filter.OncePerRequestFilter.doFilter(OncePerRequestFilter.java:116)
	at org.springframework.security.web.FilterChainProxy$VirtualFilterChain.doFilter(FilterChainProxy.java:374)
	at org.springframework.security.web.authentication.AbstractAuthenticationProcessingFilter.doFilter(AbstractAuthenticationProcessingFilter.java:235)
	at org.springframework.security.web.authentication.AbstractAuthenticationProcessingFilter.doFilter(AbstractAuthenticationProcessingFilter.java:229)
	at org.springframework.security.web.FilterChainProxy$VirtualFilterChain.doFilter(FilterChainProxy.java:374)
	at org.springframework.security.oauth2.client.web.OAuth2AuthorizationRequestRedirectFilter.doFilterInternal(OAuth2AuthorizationRequestRedirectFilter.java:198)
	at org.springframework.web.filter.OncePerRequestFilter.doFilter(OncePerRequestFilter.java:116)
	at org.springframework.security.web.FilterChainProxy$VirtualFilterChain.doFilter(FilterChainProxy.java:374)
	at org.springframework.security.web.authentication.logout.LogoutFilter.doFilter(LogoutFilter.java:107)
	at org.springframework.security.web.authentication.logout.LogoutFilter.doFilter(LogoutFilter.java:93)
	at org.springframework.security.web.FilterChainProxy$VirtualFilterChain.doFilter(FilterChainProxy.java:374)
	at org.springframework.web.filter.CorsFilter.doFilterInternal(CorsFilter.java:91)
	at org.springframework.web.filter.OncePerRequestFilter.doFilter(OncePerRequestFilter.java:116)
	at org.springframework.security.web.FilterChainProxy$VirtualFilterChain.doFilter(FilterChainProxy.java:374)
	at org.springframework.security.web.header.HeaderWriterFilter.doHeadersAfter(HeaderWriterFilter.java:90)
	at org.springframework.security.web.header.HeaderWriterFilter.doFilterInternal(HeaderWriterFilter.java:75)
	at org.springframework.web.filter.OncePerRequestFilter.doFilter(OncePerRequestFilter.java:116)
	at org.springframework.security.web.FilterChainProxy$VirtualFilterChain.doFilter(FilterChainProxy.java:374)
	at org.springframework.security.web.context.SecurityContextHolderFilter.doFilter(SecurityContextHolderFilter.java:82)
	at org.springframework.security.web.context.SecurityContextHolderFilter.doFilter(SecurityContextHolderFilter.java:69)
	at org.springframework.security.web.FilterChainProxy$VirtualFilterChain.doFilter(FilterChainProxy.java:374)
	at org.springframework.security.web.context.request.async.WebAsyncManagerIntegrationFilter.doFilterInternal(WebAsyncManagerIntegrationFilter.java:62)
	at org.springframework.web.filter.OncePerRequestFilter.doFilter(OncePerRequestFilter.java:116)
	at org.springframework.security.web.FilterChainProxy$VirtualFilterChain.doFilter(FilterChainProxy.java:374)
	at org.springframework.security.web.session.DisableEncodeUrlFilter.doFilterInternal(DisableEncodeUrlFilter.java:42)
	at org.springframework.web.filter.OncePerRequestFilter.doFilter(OncePerRequestFilter.java:116)
	at org.springframework.security.web.FilterChainProxy$VirtualFilterChain.doFilter(FilterChainProxy.java:374)
	at org.springframework.security.web.FilterChainProxy.doFilterInternal(FilterChainProxy.java:233)
	at org.springframework.security.web.FilterChainProxy.doFilter(FilterChainProxy.java:191)
	at org.springframework.web.filter.CompositeFilter$VirtualFilterChain.doFilter(CompositeFilter.java:113)
	at org.springframework.web.filter.ServletRequestPathFilter.doFilter(ServletRequestPathFilter.java:52)
	at org.springframework.web.filter.CompositeFilter$VirtualFilterChain.doFilter(CompositeFilter.java:113)
	at org.springframework.web.filter.CompositeFilter.doFilter(CompositeFilter.java:74)
	at org.springframework.security.config.annotation.web.configuration.WebSecurityConfiguration$CompositeFilterChainProxy.doFilter(WebSecurityConfiguration.java:319)
	at org.springframework.web.filter.CompositeFilter$VirtualFilterChain.doFilter(CompositeFilter.java:113)
	at org.springframework.web.servlet.handler.HandlerMappingIntrospector.lambda$createCacheFilter$4(HandlerMappingIntrospector.java:267)
	at org.springframework.web.filter.CompositeFilter$VirtualFilterChain.doFilter(CompositeFilter.java:113)
	at org.springframework.web.filter.CompositeFilter.doFilter(CompositeFilter.java:74)
	at org.springframework.security.config.annotation.web.configuration.WebMvcSecurityConfiguration$CompositeFilterChainProxy.doFilter(WebMvcSecurityConfiguration.java:240)
	at org.springframework.web.filter.DelegatingFilterProxy.invokeDelegate(DelegatingFilterProxy.java:362)
	at org.springframework.web.filter.DelegatingFilterProxy.doFilter(DelegatingFilterProxy.java:278)
	at org.apache.catalina.core.ApplicationFilterChain.internalDoFilter(ApplicationFilterChain.java:164)
	at org.apache.catalina.core.ApplicationFilterChain.doFilter(ApplicationFilterChain.java:140)
	at org.springframework.web.filter.RequestContextFilter.doFilterInternal(RequestContextFilter.java:100)
	at org.springframework.web.filter.OncePerRequestFilter.doFilter(OncePerRequestFilter.java:116)
	at org.apache.catalina.core.ApplicationFilterChain.internalDoFilter(ApplicationFilterChain.java:164)
	at org.apache.catalina.core.ApplicationFilterChain.doFilter(ApplicationFilterChain.java:140)
	at org.springframework.web.filter.FormContentFilter.doFilterInternal(FormContentFilter.java:93)
	at org.springframework.web.filter.OncePerRequestFilter.doFilter(OncePerRequestFilter.java:116)
	at org.apache.catalina.core.ApplicationFilterChain.internalDoFilter(ApplicationFilterChain.java:164)
	at org.apache.catalina.core.ApplicationFilterChain.doFilter(ApplicationFilterChain.java:140)
	at org.springframework.web.filter.CharacterEncodingFilter.doFilterInternal(CharacterEncodingFilter.java:201)
	at org.springframework.web.filter.OncePerRequestFilter.doFilter(OncePerRequestFilter.java:116)
	at org.apache.catalina.core.ApplicationFilterChain.internalDoFilter(ApplicationFilterChain.java:164)
	at org.apache.catalina.core.ApplicationFilterChain.doFilter(ApplicationFilterChain.java:140)
	at org.apache.catalina.core.StandardWrapperValve.invoke(StandardWrapperValve.java:167)
	at org.apache.catalina.core.StandardContextValve.invoke(StandardContextValve.java:90)
	at org.apache.catalina.authenticator.AuthenticatorBase.invoke(AuthenticatorBase.java:483)
	at org.apache.catalina.core.StandardHostValve.invoke(StandardHostValve.java:116)
	at org.apache.catalina.valves.ErrorReportValve.invoke(ErrorReportValve.java:93)
	at org.apache.catalina.core.StandardEngineValve.invoke(StandardEngineValve.java:74)
	at org.apache.catalina.connector.CoyoteAdapter.service(CoyoteAdapter.java:344)
	at org.apache.coyote.http11.Http11Processor.service(Http11Processor.java:398)
	at org.apache.coyote.AbstractProcessorLight.process(AbstractProcessorLight.java:63)
	at org.apache.coyote.AbstractProtocol$ConnectionHandler.process(AbstractProtocol.java:903)
	at org.apache.tomcat.util.net.NioEndpoint$SocketProcessor.doRun(NioEndpoint.java:1769)
	at org.apache.tomcat.util.net.SocketProcessorBase.run(SocketProcessorBase.java:52)
	at org.apache.tomcat.util.threads.ThreadPoolExecutor.runWorker(ThreadPoolExecutor.java:1189)
	at org.apache.tomcat.util.threads.ThreadPoolExecutor$Worker.run(ThreadPoolExecutor.java:658)
	at org.apache.tomcat.util.threads.TaskThread$WrappingRunnable.run(TaskThread.java:63)
	at java.base/java.lang.Thread.run(Thread.java:1583)
2025-08-30 13:55:24 [http-nio-8080-exec-4] WARN  o.s.w.s.m.m.a.ExceptionHandlerExceptionResolver - Resolved [com.example.backend.shared.exceptions.InvalidCredentialsException: Contraseña incorrecta.]
2025-08-30 13:55:24 [http-nio-8080-exec-4] INFO  c.e.b.s.logging.RequestLoggingFilter - [POST] /auth/login -> 401 (69 ms)
2025-08-30 13:55:28 [http-nio-8080-exec-7] INFO  c.e.b.u.c.controllers.AuthController - Intento de login para usuario: admin@admin.com
2025-08-30 13:55:28 [http-nio-8080-exec-7] INFO  c.e.b.u.s.implement.LoginService - Intentando autenticar usuario con email: admin@admin.com
2025-08-30 13:55:28 [http-nio-8080-exec-7] INFO  c.e.b.u.s.i.AuthenticationServiceImpl - Último login actualizado para usuario id=1, email=admin@admin.com
2025-08-30 13:55:28 [http-nio-8080-exec-7] INFO  c.e.b.config.security.JwtService - Se generó un nuevo token para el usuario [admin@admin.com], rol: ADMIN
2025-08-30 13:55:28 [http-nio-8080-exec-7] INFO  c.e.b.u.s.i.AuthenticationServiceImpl - JWT generado exitosamente para usuario id=1
2025-08-30 13:55:28 [http-nio-8080-exec-7] INFO  c.e.b.u.s.implement.LoginService - Cookie de autenticación creada y añadida a la respuesta para usuario admin@admin.com
2025-08-30 13:55:28 [http-nio-8080-exec-7] INFO  c.e.b.u.s.implement.GetUserByEmail - Usuario encontrado con email: admin@admin.com
2025-08-30 13:55:28 [http-nio-8080-exec-7] INFO  c.e.b.u.s.implement.LoginService - Usuario admin@admin.com autenticado exitosamente con ID 1
2025-08-30 13:55:28 [http-nio-8080-exec-7] INFO  c.e.b.u.c.controllers.AuthController - Login exitoso para usuario: admin@admin.com
2025-08-30 13:55:28 [http-nio-8080-exec-7] INFO  c.e.b.s.logging.RequestLoggingFilter - [POST] /auth/login -> 200 (80 ms)
2025-08-30 13:55:28 [http-nio-8080-exec-10] INFO  c.e.b.config.security.JwtService - Token válido para el usuario [admin@admin.com]
2025-08-30 13:55:28 [http-nio-8080-exec-10] INFO  c.e.b.a.c.c.DashboardController - Iniciando consulta de métricas para dashboard
2025-08-30 13:55:28 [http-nio-8080-exec-10] INFO  c.e.b.a.c.c.DashboardController - Consulta completada -> Proveedores: 1, Categorías: 5, Usuarios: 3, Promedio: 0.0
2025-08-30 13:55:28 [http-nio-8080-exec-10] INFO  c.e.b.s.logging.RequestLoggingFilter - [GET] /dashboard/metrics -> 200 (17 ms)
2025-08-30 13:55:28 [http-nio-8080-exec-9] INFO  c.e.b.config.security.JwtService - Token válido para el usuario [admin@admin.com]
2025-08-30 13:55:28 [http-nio-8080-exec-9] INFO  c.e.b.a.c.c.DashboardController - Iniciando consulta de métricas para dashboard
2025-08-30 13:55:28 [http-nio-8080-exec-9] INFO  c.e.b.a.c.c.DashboardController - Consulta completada -> Proveedores: 1, Categorías: 5, Usuarios: 3, Promedio: 0.0
2025-08-30 13:55:28 [http-nio-8080-exec-9] INFO  c.e.b.s.logging.RequestLoggingFilter - [GET] /dashboard/metrics -> 200 (15 ms)
2025-08-30 13:55:46 [http-nio-8080-exec-5] INFO  c.e.b.config.security.JwtService - Token válido para el usuario [admin@admin.com]
2025-08-30 13:55:46 [http-nio-8080-exec-5] INFO  c.e.b.u.c.controllers.UserController - Obteniendo usuario en sesión desde la cookie JWT
2025-08-30 13:55:46 [http-nio-8080-exec-5] INFO  c.e.b.users.service.UserService - Obteniendo información del usuario en sesión actual...
2025-08-30 13:55:46 [http-nio-8080-exec-5] INFO  c.e.b.u.s.implement.GetUserSession - Sesión válida encontrada. Usuario autenticado: id=1, email=admin@admin.com
2025-08-30 13:55:46 [http-nio-8080-exec-5] INFO  c.e.b.users.service.UserService - Usuario en sesión recuperado: admin@admin.com
2025-08-30 13:55:46 [http-nio-8080-exec-5] INFO  c.e.b.s.logging.RequestLoggingFilter - [GET] /user/getUserSession -> 200 (6 ms)
2025-08-30 13:55:46 [http-nio-8080-exec-3] INFO  c.e.b.config.security.JwtService - Token válido para el usuario [admin@admin.com]
2025-08-30 13:55:46 [http-nio-8080-exec-3] INFO  c.e.b.u.c.controllers.UserController - Actualizando usuario con ID: 1
2025-08-30 13:55:46 [http-nio-8080-exec-3] INFO  c.e.b.users.service.UserService - Actualizando usuario con ID: 1
2025-08-30 13:55:46 [http-nio-8080-exec-3] INFO  c.e.b.u.service.implement.UpdateUser - Iniciando actualización del usuario con ID: 1
2025-08-30 13:55:46 [http-nio-8080-exec-3] INFO  c.e.b.u.service.implement.UpdateUser - Actualizando datos del usuario ID: 1 -> email: admin@admin.com, username: administrador
2025-08-30 13:55:46 [http-nio-8080-exec-3] INFO  c.e.b.u.service.implement.UpdateUser - Usuario con ID 1 actualizado exitosamente
2025-08-30 13:55:46 [http-nio-8080-exec-3] INFO  c.e.b.users.service.UserService - Usuario con ID 1 actualizado correctamente.
2025-08-30 13:55:46 [http-nio-8080-exec-3] INFO  c.e.b.u.c.controllers.UserController - Usuario actualizado correctamente con ID: 1
2025-08-30 13:55:46 [http-nio-8080-exec-3] INFO  c.e.b.s.logging.RequestLoggingFilter - [PUT] /user/1 -> 200 (22 ms)
2025-08-30 13:55:46 [http-nio-8080-exec-8] INFO  c.e.b.config.security.JwtService - Token válido para el usuario [admin@admin.com]
2025-08-30 13:55:46 [http-nio-8080-exec-8] INFO  c.e.b.u.c.controllers.UserController - Obteniendo usuario en sesión desde la cookie JWT
2025-08-30 13:55:46 [http-nio-8080-exec-8] INFO  c.e.b.users.service.UserService - Obteniendo información del usuario en sesión actual...
2025-08-30 13:55:46 [http-nio-8080-exec-8] INFO  c.e.b.u.s.implement.GetUserSession - Sesión válida encontrada. Usuario autenticado: id=1, email=admin@admin.com
2025-08-30 13:55:46 [http-nio-8080-exec-8] INFO  c.e.b.users.service.UserService - Usuario en sesión recuperado: admin@admin.com
2025-08-30 13:55:46 [http-nio-8080-exec-8] INFO  c.e.b.s.logging.RequestLoggingFilter - [GET] /user/getUserSession -> 200 (5 ms)
2025-08-30 13:56:03 [http-nio-8080-exec-2] INFO  c.e.b.config.security.JwtService - Token válido para el usuario [admin@admin.com]
2025-08-30 13:56:03 [http-nio-8080-exec-2] INFO  c.e.b.u.c.controllers.AuthController - Obteniendo sesión actual
2025-08-30 13:56:03 [http-nio-8080-exec-2] INFO  c.e.b.u.s.implement.GetUserSession - Sesión válida encontrada. Usuario autenticado: id=1, email=admin@admin.com
2025-08-30 13:56:03 [http-nio-8080-exec-2] INFO  c.e.b.u.c.controllers.AuthController - Sesión obtenida para usuario: admin@admin.com
2025-08-30 13:56:03 [http-nio-8080-exec-2] INFO  c.e.b.s.logging.RequestLoggingFilter - [GET] /auth/me -> 200 (6 ms)
2025-08-30 13:56:03 [http-nio-8080-exec-6] INFO  c.e.b.config.security.JwtService - Token válido para el usuario [admin@admin.com]
2025-08-30 13:56:03 [http-nio-8080-exec-6] INFO  c.e.b.u.c.controllers.AuthController - Obteniendo sesión actual
2025-08-30 13:56:03 [http-nio-8080-exec-6] INFO  c.e.b.u.s.implement.GetUserSession - Sesión válida encontrada. Usuario autenticado: id=1, email=admin@admin.com
2025-08-30 13:56:03 [http-nio-8080-exec-6] INFO  c.e.b.u.c.controllers.AuthController - Sesión obtenida para usuario: admin@admin.com
2025-08-30 13:56:03 [http-nio-8080-exec-6] INFO  c.e.b.s.logging.RequestLoggingFilter - [GET] /auth/me -> 200 (8 ms)
2025-08-30 13:59:33 [http-nio-8080-exec-8] INFO  c.e.b.config.security.JwtService - Token válido para el usuario [admin@admin.com]
2025-08-30 13:59:33 [http-nio-8080-exec-8] INFO  c.e.b.u.c.controllers.AuthController - Intento de login para usuario: admin@admin.com
2025-08-30 13:59:33 [http-nio-8080-exec-8] INFO  c.e.b.u.s.implement.LoginService - Intentando autenticar usuario con email: admin@admin.com
2025-08-30 13:59:33 [http-nio-8080-exec-8] INFO  c.e.b.u.s.i.AuthenticationServiceImpl - Último login actualizado para usuario id=1, email=admin@admin.com
2025-08-30 13:59:33 [http-nio-8080-exec-8] INFO  c.e.b.config.security.JwtService - Se generó un nuevo token para el usuario [admin@admin.com], rol: USER
2025-08-30 13:59:33 [http-nio-8080-exec-8] INFO  c.e.b.u.s.i.AuthenticationServiceImpl - JWT generado exitosamente para usuario id=1
2025-08-30 13:59:33 [http-nio-8080-exec-8] INFO  c.e.b.u.s.implement.LoginService - Cookie de autenticación creada y añadida a la respuesta para usuario admin@admin.com
2025-08-30 13:59:33 [http-nio-8080-exec-8] INFO  c.e.b.u.s.implement.GetUserByEmail - Usuario encontrado con email: admin@admin.com
2025-08-30 13:59:33 [http-nio-8080-exec-8] INFO  c.e.b.u.s.implement.LoginService - Usuario admin@admin.com autenticado exitosamente con ID 1
2025-08-30 13:59:33 [http-nio-8080-exec-8] INFO  c.e.b.u.c.controllers.AuthController - Login exitoso para usuario: admin@admin.com
2025-08-30 13:59:33 [http-nio-8080-exec-8] INFO  c.e.b.s.logging.RequestLoggingFilter - [POST] /auth/login -> 200 (75 ms)
2025-08-30 13:59:34 [http-nio-8080-exec-6] INFO  c.e.b.p.c.c.ProviderController - → [ProviderController] Solicitud para listar proveedores paginados | page=0 | size=5
2025-08-30 13:59:34 [http-nio-8080-exec-6] INFO  c.e.b.p.service.ProviderService - → [ProviderService] Iniciando recuperación de prestadores | página=0 | size=5
2025-08-30 13:59:34 [http-nio-8080-exec-2] INFO  c.e.b.config.security.JwtService - Token válido para el usuario [admin@admin.com]
2025-08-30 13:59:34 [http-nio-8080-exec-2] INFO  c.e.b.c.c.c.CategoryController - Petición recibida para listar todas las categorías
2025-08-30 13:59:34 [http-nio-8080-exec-2] INFO  c.e.b.c.service.CategoryService - Recuperando todas las categorías...
2025-08-30 13:59:34 [http-nio-8080-exec-2] INFO  c.e.b.c.s.i.GetAllCategories - → [GetAllCategories] Solicitud para obtener todas las categorías ordenadas por nombre
2025-08-30 13:59:34 [http-nio-8080-exec-6] INFO  c.e.b.p.service.ProviderService - ✓ [ProviderService] Recuperados 1 prestadores | página=0 de 1 | totalElements=1
2025-08-30 13:59:34 [http-nio-8080-exec-6] INFO  c.e.b.p.c.c.ProviderController - ✓ [ProviderController] Se recuperaron 1 proveedores en la página 0 de 1 (total elementos=1)
2025-08-30 13:59:34 [http-nio-8080-exec-6] INFO  c.e.b.s.logging.RequestLoggingFilter - [GET] /api/providers/paged -> 200 (13 ms)
2025-08-30 13:59:34 [http-nio-8080-exec-2] INFO  c.e.b.c.s.i.GetAllCategories - ✓ [GetAllCategories] Se recuperaron 5 categorías
2025-08-30 13:59:34 [http-nio-8080-exec-2] INFO  c.e.b.c.service.CategoryService - Se recuperaron 5 categorías
2025-08-30 13:59:34 [http-nio-8080-exec-2] INFO  c.e.b.c.c.c.CategoryController - Se recuperaron 5 categorías
2025-08-30 13:59:34 [http-nio-8080-exec-7] INFO  c.e.b.p.c.c.ProviderController - → [ProviderController] Solicitud para listar proveedores paginados | page=0 | size=5
2025-08-30 13:59:34 [http-nio-8080-exec-7] INFO  c.e.b.p.service.ProviderService - → [ProviderService] Iniciando recuperación de prestadores | página=0 | size=5
2025-08-30 13:59:34 [http-nio-8080-exec-2] INFO  c.e.b.s.logging.RequestLoggingFilter - [GET] /api/categories/getAll -> 200 (6 ms)
2025-08-30 13:59:34 [http-nio-8080-exec-7] INFO  c.e.b.p.service.ProviderService - ✓ [ProviderService] Recuperados 1 prestadores | página=0 de 1 | totalElements=1
2025-08-30 13:59:34 [http-nio-8080-exec-7] INFO  c.e.b.p.c.c.ProviderController - ✓ [ProviderController] Se recuperaron 1 proveedores en la página 0 de 1 (total elementos=1)
2025-08-30 13:59:34 [http-nio-8080-exec-7] INFO  c.e.b.s.logging.RequestLoggingFilter - [GET] /api/providers/paged -> 200 (11 ms)
2025-08-30 13:59:34 [http-nio-8080-exec-10] INFO  c.e.b.config.security.JwtService - Token válido para el usuario [admin@admin.com]
2025-08-30 13:59:34 [http-nio-8080-exec-9] INFO  c.e.b.p.c.c.ProviderController - → [ProviderController] Solicitud para listar proveedores paginados | page=0 | size=5
2025-08-30 13:59:34 [http-nio-8080-exec-9] INFO  c.e.b.p.service.ProviderService - → [ProviderService] Iniciando recuperación de prestadores | página=0 | size=5
2025-08-30 13:59:34 [http-nio-8080-exec-10] INFO  c.e.b.c.c.c.CategoryController - Petición recibida para listar todas las categorías
2025-08-30 13:59:34 [http-nio-8080-exec-10] INFO  c.e.b.c.service.CategoryService - Recuperando todas las categorías...
2025-08-30 13:59:34 [http-nio-8080-exec-10] INFO  c.e.b.c.s.i.GetAllCategories - → [GetAllCategories] Solicitud para obtener todas las categorías ordenadas por nombre
2025-08-30 13:59:34 [http-nio-8080-exec-10] INFO  c.e.b.c.s.i.GetAllCategories - ✓ [GetAllCategories] Se recuperaron 5 categorías
2025-08-30 13:59:34 [http-nio-8080-exec-10] INFO  c.e.b.c.service.CategoryService - Se recuperaron 5 categorías
2025-08-30 13:59:34 [http-nio-8080-exec-10] INFO  c.e.b.c.c.c.CategoryController - Se recuperaron 5 categorías
2025-08-30 13:59:34 [http-nio-8080-exec-10] INFO  c.e.b.s.logging.RequestLoggingFilter - [GET] /api/categories/getAll -> 200 (5 ms)
2025-08-30 13:59:34 [http-nio-8080-exec-4] INFO  c.e.b.config.security.JwtService - Token válido para el usuario [admin@admin.com]
2025-08-30 13:59:34 [http-nio-8080-exec-9] INFO  c.e.b.p.service.ProviderService - ✓ [ProviderService] Recuperados 1 prestadores | página=0 de 1 | totalElements=1
2025-08-30 13:59:34 [http-nio-8080-exec-9] INFO  c.e.b.p.c.c.ProviderController - ✓ [ProviderController] Se recuperaron 1 proveedores en la página 0 de 1 (total elementos=1)
2025-08-30 13:59:34 [http-nio-8080-exec-4] INFO  c.e.b.s.logging.RequestLoggingFilter - [GET] /uploads/proveedores/352dc430-ee0b-418e-b4cb-8401ec7f4c98.png -> 200 (5 ms)
2025-08-30 13:59:34 [http-nio-8080-exec-9] INFO  c.e.b.s.logging.RequestLoggingFilter - [GET] /api/providers/paged -> 200 (11 ms)
2025-08-30 14:00:42 [SpringApplicationShutdownHook] INFO  o.s.b.w.e.tomcat.GracefulShutdown - Commencing graceful shutdown. Waiting for active requests to complete
2025-08-30 14:00:42 [tomcat-shutdown] INFO  o.s.b.w.e.tomcat.GracefulShutdown - Graceful shutdown complete
2025-08-30 14:00:42 [SpringApplicationShutdownHook] INFO  o.s.o.j.LocalContainerEntityManagerFactoryBean - Closing JPA EntityManagerFactory for persistence unit 'default'
2025-08-30 14:00:42 [SpringApplicationShutdownHook] INFO  com.zaxxer.hikari.HikariDataSource - HikariPool-1 - Shutdown initiated...
2025-08-30 14:00:42 [SpringApplicationShutdownHook] INFO  com.zaxxer.hikari.HikariDataSource - HikariPool-1 - Shutdown completed.
2025-08-30 14:00:50 [background-preinit] INFO  o.h.validator.internal.util.Version - HV000001: Hibernate Validator 8.0.2.Final
2025-08-30 14:00:50 [restartedMain] INFO  c.e.backend.PublicidadWebApplication - Starting PublicidadWebApplication using Java 21.0.6 with PID 39688 (C:\Users\jonii\OneDrive\Escritorio\Proyectos\MONOLITOS\SISTEMA DE PUBLICIDAD\Publicidad-Web\BackendPublicacionWeb\publicacionWeb\target\classes started by jonii in C:\Users\jonii\OneDrive\Escritorio\Proyectos\MONOLITOS\SISTEMA DE PUBLICIDAD\Publicidad-Web\BackendPublicacionWeb)
2025-08-30 14:00:50 [restartedMain] INFO  c.e.backend.PublicidadWebApplication - The following 1 profile is active: "dev"
2025-08-30 14:00:50 [restartedMain] INFO  o.s.b.d.e.DevToolsPropertyDefaultsPostProcessor - Devtools property defaults active! Set 'spring.devtools.add-properties' to 'false' to disable
2025-08-30 14:00:50 [restartedMain] INFO  o.s.b.d.e.DevToolsPropertyDefaultsPostProcessor - For additional web related logging consider setting the 'logging.level.web' property to 'DEBUG'
2025-08-30 14:00:52 [restartedMain] INFO  o.s.d.r.c.RepositoryConfigurationDelegate - Bootstrapping Spring Data JPA repositories in DEFAULT mode.
2025-08-30 14:00:53 [restartedMain] INFO  o.s.d.r.c.RepositoryConfigurationDelegate - Finished Spring Data repository scanning in 196 ms. Found 7 JPA repository interfaces.
2025-08-30 14:00:54 [restartedMain] INFO  o.s.b.w.e.tomcat.TomcatWebServer - Tomcat initialized with port 8080 (http)
2025-08-30 14:00:54 [restartedMain] INFO  o.a.coyote.http11.Http11NioProtocol - Initializing ProtocolHandler ["http-nio-8080"]
2025-08-30 14:00:54 [restartedMain] INFO  o.a.catalina.core.StandardService - Starting service [Tomcat]
2025-08-30 14:00:54 [restartedMain] INFO  o.a.catalina.core.StandardEngine - Starting Servlet engine: [Apache Tomcat/10.1.43]
2025-08-30 14:00:54 [restartedMain] INFO  o.a.c.c.C.[Tomcat].[localhost].[/] - Initializing Spring embedded WebApplicationContext
2025-08-30 14:00:54 [restartedMain] INFO  o.s.b.w.s.c.ServletWebServerApplicationContext - Root WebApplicationContext: initialization completed in 3377 ms
2025-08-30 14:00:54 [restartedMain] INFO  o.h.jpa.internal.util.LogHelper - HHH000204: Processing PersistenceUnitInfo [name: default]
2025-08-30 14:00:54 [restartedMain] INFO  org.hibernate.Version - HHH000412: Hibernate ORM core version 6.6.22.Final
2025-08-30 14:00:54 [restartedMain] INFO  o.h.c.i.RegionFactoryInitiator - HHH000026: Second-level cache disabled
2025-08-30 14:00:55 [restartedMain] INFO  o.s.o.j.p.SpringPersistenceUnitInfo - No LoadTimeWeaver setup: ignoring JPA class transformer
2025-08-30 14:00:55 [restartedMain] INFO  com.zaxxer.hikari.HikariDataSource - HikariPool-1 - Starting...
2025-08-30 14:00:55 [restartedMain] INFO  com.zaxxer.hikari.pool.HikariPool - HikariPool-1 - Added connection com.mysql.cj.jdbc.ConnectionImpl@6265fd8a
2025-08-30 14:00:55 [restartedMain] INFO  com.zaxxer.hikari.HikariDataSource - HikariPool-1 - Start completed.
2025-08-30 14:00:55 [restartedMain] WARN  org.hibernate.orm.deprecation - HHH90000025: MySQL8Dialect does not need to be specified explicitly using 'hibernate.dialect' (remove the property setting and it will be selected by default)
2025-08-30 14:00:55 [restartedMain] WARN  org.hibernate.orm.deprecation - HHH90000026: MySQL8Dialect has been deprecated; use org.hibernate.dialect.MySQLDialect instead
2025-08-30 14:00:55 [restartedMain] INFO  o.hibernate.orm.connections.pooling - HHH10001005: Database info:
	Database JDBC URL [Connecting through datasource 'HikariDataSource (HikariPool-1)']
	Database driver: undefined/unknown
	Database version: 8.0
	Autocommit mode: undefined/unknown
	Isolation level: undefined/unknown
	Minimum pool size: undefined/unknown
	Maximum pool size: undefined/unknown
2025-08-30 14:00:56 [restartedMain] INFO  o.h.e.t.j.p.i.JtaPlatformInitiator - HHH000489: No JTA platform available (set 'hibernate.transaction.jta.platform' to enable JTA platform integration)
2025-08-30 14:00:57 [restartedMain] INFO  o.s.o.j.LocalContainerEntityManagerFactoryBean - Initialized JPA EntityManagerFactory for persistence unit 'default'
2025-08-30 14:00:57 [restartedMain] INFO  c.e.b.users.service.UserService - Ejecutando inserción de usuario ADMIN inicial...
2025-08-30 14:00:57 [restartedMain] INFO  c.e.b.users.service.UserService - Usuario ADMIN insertado correctamente (si no existía).
2025-08-30 14:00:57 [restartedMain] INFO  o.s.d.j.r.query.QueryEnhancerFactory - Hibernate is in classpath; If applicable, HQL parser will be used.
2025-08-30 14:00:59 [restartedMain] INFO  o.s.s.c.a.a.c.InitializeAuthenticationProviderBeanManagerConfigurer$InitializeAuthenticationProviderManagerConfigurer - Global AuthenticationManager configured with AuthenticationProvider bean with name authenticationProvider
2025-08-30 14:00:59 [restartedMain] WARN  o.s.s.c.a.a.c.InitializeUserDetailsBeanManagerConfigurer$InitializeUserDetailsManagerConfigurer - Global AuthenticationManager configured with an AuthenticationProvider bean. UserDetailsService beans will not be used by Spring Security for automatically configuring username/password login. Consider removing the AuthenticationProvider bean. Alternatively, consider using the UserDetailsService in a manually instantiated DaoAuthenticationProvider. If the current configuration is intentional, to turn off this warning, increase the logging level of 'org.springframework.security.config.annotation.authentication.configuration.InitializeUserDetailsBeanManagerConfigurer' to ERROR
2025-08-30 14:00:59 [restartedMain] WARN  o.s.b.a.o.j.JpaBaseConfiguration$JpaWebConfiguration - spring.jpa.open-in-view is enabled by default. Therefore, database queries may be performed during view rendering. Explicitly configure spring.jpa.open-in-view to disable this warning
2025-08-30 14:01:00 [restartedMain] INFO  o.s.b.d.a.OptionalLiveReloadServer - LiveReload server is running on port 35729
2025-08-30 14:01:00 [restartedMain] INFO  o.a.coyote.http11.Http11NioProtocol - Starting ProtocolHandler ["http-nio-8080"]
2025-08-30 14:01:00 [restartedMain] INFO  o.s.b.w.e.tomcat.TomcatWebServer - Tomcat started on port 8080 (http) with context path '/'
2025-08-30 14:01:00 [restartedMain] INFO  c.e.backend.PublicidadWebApplication - Started PublicidadWebApplication in 10.311 seconds (process running for 11.038)
2025-08-30 14:01:50 [http-nio-8080-exec-1] INFO  o.a.c.c.C.[Tomcat].[localhost].[/] - Initializing Spring DispatcherServlet 'dispatcherServlet'
2025-08-30 14:01:50 [http-nio-8080-exec-1] INFO  o.s.web.servlet.DispatcherServlet - Initializing Servlet 'dispatcherServlet'
2025-08-30 14:01:50 [http-nio-8080-exec-1] INFO  o.s.web.servlet.DispatcherServlet - Completed initialization in 1 ms
2025-08-30 14:01:51 [http-nio-8080-exec-2] INFO  c.e.b.config.security.JwtService - Token válido para el usuario [admin@admin.com]
2025-08-30 14:01:51 [http-nio-8080-exec-2] INFO  c.e.b.u.c.controllers.AuthController - Logout solicitado
2025-08-30 14:01:51 [http-nio-8080-exec-2] INFO  c.e.b.u.s.implement.LogoutService - Iniciando proceso de logout: invalidando cookie de autenticación.
2025-08-30 14:01:51 [http-nio-8080-exec-2] INFO  c.e.b.u.s.implement.LogoutService - Cookie de autenticación eliminada correctamente. Logout exitoso.
2025-08-30 14:01:51 [http-nio-8080-exec-2] INFO  c.e.b.u.c.controllers.AuthController - Logout exitoso
2025-08-30 14:01:51 [http-nio-8080-exec-2] INFO  c.e.b.s.logging.RequestLoggingFilter - [POST] /auth/logout -> 200 (75 ms)
2025-08-30 14:02:44 [http-nio-8080-exec-7] INFO  c.e.b.u.c.controllers.AuthController - Intento de login para usuario: admin@admin.com
2025-08-30 14:02:44 [http-nio-8080-exec-7] INFO  c.e.b.u.s.implement.LoginService - Intentando autenticar usuario con email: admin@admin.com
2025-08-30 14:02:44 [http-nio-8080-exec-7] INFO  c.e.b.u.s.i.AuthenticationServiceImpl - Último login actualizado para usuario id=1, email=admin@admin.com
2025-08-30 14:02:44 [http-nio-8080-exec-7] INFO  c.e.b.config.security.JwtService - Se generó un nuevo token para el usuario [admin@admin.com], rol: ADMIN
2025-08-30 14:02:44 [http-nio-8080-exec-7] INFO  c.e.b.u.s.i.AuthenticationServiceImpl - JWT generado exitosamente para usuario id=1
2025-08-30 14:02:44 [http-nio-8080-exec-7] INFO  c.e.b.u.s.implement.LoginService - Cookie de autenticación creada y añadida a la respuesta para usuario admin@admin.com
2025-08-30 14:02:44 [http-nio-8080-exec-7] INFO  c.e.b.u.s.implement.GetUserByEmail - Usuario encontrado con email: admin@admin.com
2025-08-30 14:02:44 [http-nio-8080-exec-7] INFO  c.e.b.u.s.implement.LoginService - Usuario admin@admin.com autenticado exitosamente con ID 1
2025-08-30 14:02:44 [http-nio-8080-exec-7] INFO  c.e.b.u.c.controllers.AuthController - Login exitoso para usuario: admin@admin.com
2025-08-30 14:02:44 [http-nio-8080-exec-7] INFO  c.e.b.s.logging.RequestLoggingFilter - [POST] /auth/login -> 200 (386 ms)
2025-08-30 14:02:44 [http-nio-8080-exec-6] INFO  c.e.b.config.security.JwtService - Token válido para el usuario [admin@admin.com]
2025-08-30 14:02:44 [http-nio-8080-exec-6] INFO  c.e.b.a.c.c.DashboardController - Iniciando consulta de métricas para dashboard
2025-08-30 14:02:44 [http-nio-8080-exec-6] INFO  c.e.b.a.c.c.DashboardController - Consulta completada -> Proveedores: 1, Categorías: 5, Usuarios: 3, Promedio: 0.0
2025-08-30 14:02:44 [http-nio-8080-exec-6] INFO  c.e.b.s.logging.RequestLoggingFilter - [GET] /dashboard/metrics -> 200 (75 ms)
2025-08-30 14:02:44 [http-nio-8080-exec-8] INFO  c.e.b.config.security.JwtService - Token válido para el usuario [admin@admin.com]
2025-08-30 14:02:44 [http-nio-8080-exec-8] INFO  c.e.b.a.c.c.DashboardController - Iniciando consulta de métricas para dashboard
2025-08-30 14:02:44 [http-nio-8080-exec-8] INFO  c.e.b.a.c.c.DashboardController - Consulta completada -> Proveedores: 1, Categorías: 5, Usuarios: 3, Promedio: 0.0
2025-08-30 14:02:44 [http-nio-8080-exec-8] INFO  c.e.b.s.logging.RequestLoggingFilter - [GET] /dashboard/metrics -> 200 (21 ms)
2025-08-30 14:02:53 [http-nio-8080-exec-9] INFO  c.e.b.config.security.JwtService - Token válido para el usuario [admin@admin.com]
2025-08-30 14:02:53 [http-nio-8080-exec-9] INFO  c.e.b.u.c.controllers.UserController - Obteniendo usuario en sesión desde la cookie JWT
2025-08-30 14:02:53 [http-nio-8080-exec-9] INFO  c.e.b.users.service.UserService - Obteniendo información del usuario en sesión actual...
2025-08-30 14:02:53 [http-nio-8080-exec-9] INFO  c.e.b.u.s.implement.GetUserSession - Sesión válida encontrada. Usuario autenticado: id=1, email=admin@admin.com
2025-08-30 14:02:53 [http-nio-8080-exec-9] INFO  c.e.b.users.service.UserService - Usuario en sesión recuperado: admin@admin.com
2025-08-30 14:02:53 [http-nio-8080-exec-9] INFO  c.e.b.s.logging.RequestLoggingFilter - [GET] /user/getUserSession -> 200 (12 ms)
2025-08-30 14:02:53 [http-nio-8080-exec-1] INFO  c.e.b.config.security.JwtService - Token válido para el usuario [admin@admin.com]
2025-08-30 14:02:53 [http-nio-8080-exec-1] INFO  c.e.b.u.c.controllers.UserController - Actualizando usuario con ID: 1
2025-08-30 14:02:53 [http-nio-8080-exec-1] INFO  c.e.b.users.service.UserService - Actualizando usuario con ID: 1
2025-08-30 14:02:53 [http-nio-8080-exec-1] INFO  c.e.b.u.service.implement.UpdateUser - Iniciando actualización del usuario con ID: 1
2025-08-30 14:02:53 [http-nio-8080-exec-1] INFO  c.e.b.u.service.implement.UpdateUser - Actualizando datos del usuario ID: 1 -> email: admin@admin.com, username: admin
2025-08-30 14:02:54 [http-nio-8080-exec-1] INFO  c.e.b.u.service.implement.UpdateUser - Usuario con ID 1 actualizado exitosamente
2025-08-30 14:02:54 [http-nio-8080-exec-1] INFO  c.e.b.users.service.UserService - Usuario con ID 1 actualizado correctamente.
2025-08-30 14:02:54 [http-nio-8080-exec-1] INFO  c.e.b.u.c.controllers.UserController - Usuario actualizado correctamente con ID: 1
2025-08-30 14:02:54 [http-nio-8080-exec-1] INFO  c.e.b.s.logging.RequestLoggingFilter - [PUT] /user/1 -> 200 (36 ms)
2025-08-30 14:02:54 [http-nio-8080-exec-2] INFO  c.e.b.config.security.JwtService - Token válido para el usuario [admin@admin.com]
2025-08-30 14:02:54 [http-nio-8080-exec-2] INFO  c.e.b.u.c.controllers.UserController - Obteniendo usuario en sesión desde la cookie JWT
2025-08-30 14:02:54 [http-nio-8080-exec-2] INFO  c.e.b.users.service.UserService - Obteniendo información del usuario en sesión actual...
2025-08-30 14:02:54 [http-nio-8080-exec-2] INFO  c.e.b.u.s.implement.GetUserSession - Sesión válida encontrada. Usuario autenticado: id=1, email=admin@admin.com
2025-08-30 14:02:54 [http-nio-8080-exec-2] INFO  c.e.b.users.service.UserService - Usuario en sesión recuperado: admin@admin.com
2025-08-30 14:02:54 [http-nio-8080-exec-2] INFO  c.e.b.s.logging.RequestLoggingFilter - [GET] /user/getUserSession -> 200 (8 ms)
2025-08-30 14:06:11 [http-nio-8080-exec-7] INFO  c.e.b.config.security.JwtService - Token válido para el usuario [admin@admin.com]
2025-08-30 14:06:11 [http-nio-8080-exec-7] INFO  c.e.b.u.c.controllers.AuthController - Obteniendo sesión actual
2025-08-30 14:06:11 [http-nio-8080-exec-7] INFO  c.e.b.u.s.implement.GetUserSession - Sesión válida encontrada. Usuario autenticado: id=1, email=admin@admin.com
2025-08-30 14:06:11 [http-nio-8080-exec-7] INFO  c.e.b.u.c.controllers.AuthController - Sesión obtenida para usuario: admin@admin.com
2025-08-30 14:06:11 [http-nio-8080-exec-7] INFO  c.e.b.s.logging.RequestLoggingFilter - [GET] /auth/me -> 200 (11 ms)
2025-08-30 14:06:11 [http-nio-8080-exec-6] INFO  c.e.b.config.security.JwtService - Token válido para el usuario [admin@admin.com]
2025-08-30 14:06:11 [http-nio-8080-exec-6] INFO  c.e.b.u.c.controllers.AuthController - Obteniendo sesión actual
2025-08-30 14:06:11 [http-nio-8080-exec-6] INFO  c.e.b.u.s.implement.GetUserSession - Sesión válida encontrada. Usuario autenticado: id=1, email=admin@admin.com
2025-08-30 14:06:11 [http-nio-8080-exec-6] INFO  c.e.b.u.c.controllers.AuthController - Sesión obtenida para usuario: admin@admin.com
2025-08-30 14:06:11 [http-nio-8080-exec-6] INFO  c.e.b.s.logging.RequestLoggingFilter - [GET] /auth/me -> 200 (10 ms)
2025-08-30 14:06:11 [http-nio-8080-exec-9] INFO  c.e.b.p.c.c.ProviderController - → [ProviderController] Solicitud para listar proveedores paginados | page=0 | size=5
2025-08-30 14:06:11 [http-nio-8080-exec-9] INFO  c.e.b.p.service.ProviderService - → [ProviderService] Iniciando recuperación de prestadores | página=0 | size=5
2025-08-30 14:06:11 [http-nio-8080-exec-8] INFO  c.e.b.config.security.JwtService - Token válido para el usuario [admin@admin.com]
2025-08-30 14:06:11 [http-nio-8080-exec-8] INFO  c.e.b.c.c.c.CategoryController - Petición recibida para listar todas las categorías
2025-08-30 14:06:11 [http-nio-8080-exec-8] INFO  c.e.b.c.service.CategoryService - Recuperando todas las categorías...
2025-08-30 14:06:11 [http-nio-8080-exec-8] INFO  c.e.b.c.s.i.GetAllCategories - → [GetAllCategories] Solicitud para obtener todas las categorías ordenadas por nombre
2025-08-30 14:06:11 [http-nio-8080-exec-10] INFO  c.e.b.config.security.JwtService - Token válido para el usuario [admin@admin.com]
2025-08-30 14:06:11 [http-nio-8080-exec-10] INFO  c.e.b.u.c.controllers.AuthController - Obteniendo sesión actual
2025-08-30 14:06:11 [http-nio-8080-exec-8] INFO  c.e.b.c.s.i.GetAllCategories - ✓ [GetAllCategories] Se recuperaron 5 categorías
2025-08-30 14:06:11 [http-nio-8080-exec-8] INFO  c.e.b.c.service.CategoryService - Se recuperaron 5 categorías
2025-08-30 14:06:11 [http-nio-8080-exec-8] INFO  c.e.b.c.c.c.CategoryController - Se recuperaron 5 categorías
2025-08-30 14:06:11 [http-nio-8080-exec-10] INFO  c.e.b.u.s.implement.GetUserSession - Sesión válida encontrada. Usuario autenticado: id=1, email=admin@admin.com
2025-08-30 14:06:11 [http-nio-8080-exec-10] INFO  c.e.b.u.c.controllers.AuthController - Sesión obtenida para usuario: admin@admin.com
2025-08-30 14:06:11 [http-nio-8080-exec-8] INFO  c.e.b.s.logging.RequestLoggingFilter - [GET] /api/categories/getAll -> 200 (20 ms)
2025-08-30 14:06:11 [http-nio-8080-exec-10] INFO  c.e.b.s.logging.RequestLoggingFilter - [GET] /auth/me -> 200 (13 ms)
2025-08-30 14:06:11 [http-nio-8080-exec-1] INFO  c.e.b.config.security.JwtService - Token válido para el usuario [admin@admin.com]
2025-08-30 14:06:11 [http-nio-8080-exec-2] INFO  c.e.b.config.security.JwtService - Token válido para el usuario [admin@admin.com]
2025-08-30 14:06:11 [http-nio-8080-exec-2] INFO  c.e.b.u.c.controllers.AuthController - Obteniendo sesión actual
2025-08-30 14:06:11 [http-nio-8080-exec-1] INFO  c.e.b.c.c.c.CategoryController - Petición recibida para listar todas las categorías
2025-08-30 14:06:11 [http-nio-8080-exec-1] INFO  c.e.b.c.service.CategoryService - Recuperando todas las categorías...
2025-08-30 14:06:11 [http-nio-8080-exec-1] INFO  c.e.b.c.s.i.GetAllCategories - → [GetAllCategories] Solicitud para obtener todas las categorías ordenadas por nombre
2025-08-30 14:06:11 [http-nio-8080-exec-9] INFO  c.e.b.p.service.ProviderService - ✓ [ProviderService] Recuperados 1 prestadores | página=0 de 1 | totalElements=1
2025-08-30 14:06:11 [http-nio-8080-exec-9] INFO  c.e.b.p.c.c.ProviderController - ✓ [ProviderController] Se recuperaron 1 proveedores en la página 0 de 1 (total elementos=1)
2025-08-30 14:06:11 [http-nio-8080-exec-2] INFO  c.e.b.u.s.implement.GetUserSession - Sesión válida encontrada. Usuario autenticado: id=1, email=admin@admin.com
2025-08-30 14:06:11 [http-nio-8080-exec-1] INFO  c.e.b.c.s.i.GetAllCategories - ✓ [GetAllCategories] Se recuperaron 5 categorías
2025-08-30 14:06:11 [http-nio-8080-exec-2] INFO  c.e.b.u.c.controllers.AuthController - Sesión obtenida para usuario: admin@admin.com
2025-08-30 14:06:11 [http-nio-8080-exec-1] INFO  c.e.b.c.service.CategoryService - Se recuperaron 5 categorías
2025-08-30 14:06:11 [http-nio-8080-exec-1] INFO  c.e.b.c.c.c.CategoryController - Se recuperaron 5 categorías
2025-08-30 14:06:11 [http-nio-8080-exec-9] WARN  o.s.d.w.c.SpringDataJacksonConfiguration$PageModule$WarningLoggingModifier - Serializing PageImpl instances as-is is not supported, meaning that there is no guarantee about the stability of the resulting JSON structure!
	For a stable JSON structure, please use Spring Data's PagedModel (globally via @EnableSpringDataWebSupport(pageSerializationMode = VIA_DTO))
	or Spring HATEOAS and Spring Data's PagedResourcesAssembler as documented in https://docs.spring.io/spring-data/commons/reference/repositories/core-extensions.html#core.web.pageables.

2025-08-30 14:06:11 [http-nio-8080-exec-2] INFO  c.e.b.s.logging.RequestLoggingFilter - [GET] /auth/me -> 200 (12 ms)
2025-08-30 14:06:11 [http-nio-8080-exec-1] INFO  c.e.b.s.logging.RequestLoggingFilter - [GET] /api/categories/getAll -> 200 (13 ms)
2025-08-30 14:06:11 [http-nio-8080-exec-9] INFO  c.e.b.s.logging.RequestLoggingFilter - [GET] /api/providers/paged -> 200 (90 ms)
2025-08-30 14:06:11 [http-nio-8080-exec-3] INFO  c.e.b.p.c.c.ProviderController - → [ProviderController] Solicitud para listar proveedores paginados | page=0 | size=5
2025-08-30 14:06:11 [http-nio-8080-exec-3] INFO  c.e.b.p.service.ProviderService - → [ProviderService] Iniciando recuperación de prestadores | página=0 | size=5
2025-08-30 14:06:11 [http-nio-8080-exec-3] INFO  c.e.b.p.service.ProviderService - ✓ [ProviderService] Recuperados 1 prestadores | página=0 de 1 | totalElements=1
2025-08-30 14:06:11 [http-nio-8080-exec-3] INFO  c.e.b.p.c.c.ProviderController - ✓ [ProviderController] Se recuperaron 1 proveedores en la página 0 de 1 (total elementos=1)
2025-08-30 14:06:11 [http-nio-8080-exec-3] INFO  c.e.b.s.logging.RequestLoggingFilter - [GET] /api/providers/paged -> 200 (13 ms)
2025-08-30 14:06:11 [http-nio-8080-exec-4] INFO  c.e.b.p.c.c.ProviderController - → [ProviderController] Solicitud para listar proveedores paginados | page=0 | size=5
2025-08-30 14:06:11 [http-nio-8080-exec-4] INFO  c.e.b.p.service.ProviderService - → [ProviderService] Iniciando recuperación de prestadores | página=0 | size=5
2025-08-30 14:06:11 [http-nio-8080-exec-4] INFO  c.e.b.p.service.ProviderService - ✓ [ProviderService] Recuperados 1 prestadores | página=0 de 1 | totalElements=1
2025-08-30 14:06:11 [http-nio-8080-exec-4] INFO  c.e.b.p.c.c.ProviderController - ✓ [ProviderController] Se recuperaron 1 proveedores en la página 0 de 1 (total elementos=1)
2025-08-30 14:06:11 [http-nio-8080-exec-4] INFO  c.e.b.s.logging.RequestLoggingFilter - [GET] /api/providers/paged -> 200 (14 ms)
2025-08-30 14:06:11 [http-nio-8080-exec-5] INFO  c.e.b.config.security.JwtService - Token válido para el usuario [admin@admin.com]
2025-08-30 14:06:11 [http-nio-8080-exec-5] INFO  c.e.b.s.logging.RequestLoggingFilter - [GET] /uploads/proveedores/352dc430-ee0b-418e-b4cb-8401ec7f4c98.png -> 200 (8 ms)
2025-08-30 14:10:11 [http-nio-8080-exec-9] INFO  c.e.b.p.c.c.ProviderController - → [ProviderController] Solicitud para listar proveedores paginados | page=0 | size=5
2025-08-30 14:10:11 [http-nio-8080-exec-9] INFO  c.e.b.p.service.ProviderService - → [ProviderService] Iniciando recuperación de prestadores | página=0 | size=5
2025-08-30 14:10:11 [http-nio-8080-exec-1] INFO  c.e.b.config.security.JwtService - Token válido para el usuario [admin@admin.com]
2025-08-30 14:10:11 [http-nio-8080-exec-9] INFO  c.e.b.p.service.ProviderService - ✓ [ProviderService] Recuperados 1 prestadores | página=0 de 1 | totalElements=1
2025-08-30 14:10:11 [http-nio-8080-exec-9] INFO  c.e.b.p.c.c.ProviderController - ✓ [ProviderController] Se recuperaron 1 proveedores en la página 0 de 1 (total elementos=1)
2025-08-30 14:10:11 [http-nio-8080-exec-3] INFO  c.e.b.config.security.JwtService - Token válido para el usuario [admin@admin.com]
2025-08-30 14:10:11 [http-nio-8080-exec-1] INFO  c.e.b.c.c.c.CategoryController - Petición recibida para listar todas las categorías
2025-08-30 14:10:11 [http-nio-8080-exec-1] INFO  c.e.b.c.service.CategoryService - Recuperando todas las categorías...
2025-08-30 14:10:11 [http-nio-8080-exec-1] INFO  c.e.b.c.s.i.GetAllCategories - → [GetAllCategories] Solicitud para obtener todas las categorías ordenadas por nombre
2025-08-30 14:10:11 [http-nio-8080-exec-9] INFO  c.e.b.s.logging.RequestLoggingFilter - [GET] /api/providers/paged -> 200 (15 ms)
2025-08-30 14:10:11 [http-nio-8080-exec-3] INFO  c.e.b.u.c.controllers.AuthController - Obteniendo sesión actual
2025-08-30 14:10:11 [http-nio-8080-exec-1] INFO  c.e.b.c.s.i.GetAllCategories - ✓ [GetAllCategories] Se recuperaron 5 categorías
2025-08-30 14:10:11 [http-nio-8080-exec-1] INFO  c.e.b.c.service.CategoryService - Se recuperaron 5 categorías
2025-08-30 14:10:11 [http-nio-8080-exec-1] INFO  c.e.b.c.c.c.CategoryController - Se recuperaron 5 categorías
2025-08-30 14:10:11 [http-nio-8080-exec-4] INFO  c.e.b.p.c.c.ProviderController - → [ProviderController] Solicitud para listar proveedores paginados | page=0 | size=5
2025-08-30 14:10:11 [http-nio-8080-exec-4] INFO  c.e.b.p.service.ProviderService - → [ProviderService] Iniciando recuperación de prestadores | página=0 | size=5
2025-08-30 14:10:11 [http-nio-8080-exec-1] INFO  c.e.b.s.logging.RequestLoggingFilter - [GET] /api/categories/getAll -> 200 (8 ms)
2025-08-30 14:10:11 [http-nio-8080-exec-3] INFO  c.e.b.u.s.implement.GetUserSession - Sesión válida encontrada. Usuario autenticado: id=1, email=admin@admin.com
2025-08-30 14:10:11 [http-nio-8080-exec-3] INFO  c.e.b.u.c.controllers.AuthController - Sesión obtenida para usuario: admin@admin.com
2025-08-30 14:10:11 [http-nio-8080-exec-3] INFO  c.e.b.s.logging.RequestLoggingFilter - [GET] /auth/me -> 200 (13 ms)
2025-08-30 14:10:11 [http-nio-8080-exec-4] INFO  c.e.b.p.service.ProviderService - ✓ [ProviderService] Recuperados 1 prestadores | página=0 de 1 | totalElements=1
2025-08-30 14:10:11 [http-nio-8080-exec-4] INFO  c.e.b.p.c.c.ProviderController - ✓ [ProviderController] Se recuperaron 1 proveedores en la página 0 de 1 (total elementos=1)
2025-08-30 14:10:11 [http-nio-8080-exec-4] INFO  c.e.b.s.logging.RequestLoggingFilter - [GET] /api/providers/paged -> 200 (18 ms)
2025-08-30 14:10:11 [http-nio-8080-exec-7] INFO  c.e.b.p.c.c.ProviderController - → [ProviderController] Solicitud para listar proveedores paginados | page=0 | size=5
2025-08-30 14:10:11 [http-nio-8080-exec-7] INFO  c.e.b.p.service.ProviderService - → [ProviderService] Iniciando recuperación de prestadores | página=0 | size=5
2025-08-30 14:10:11 [http-nio-8080-exec-5] INFO  c.e.b.config.security.JwtService - Token válido para el usuario [admin@admin.com]
2025-08-30 14:10:11 [http-nio-8080-exec-5] INFO  c.e.b.c.c.c.CategoryController - Petición recibida para listar todas las categorías
2025-08-30 14:10:11 [http-nio-8080-exec-5] INFO  c.e.b.c.service.CategoryService - Recuperando todas las categorías...
2025-08-30 14:10:11 [http-nio-8080-exec-5] INFO  c.e.b.c.s.i.GetAllCategories - → [GetAllCategories] Solicitud para obtener todas las categorías ordenadas por nombre
2025-08-30 14:10:11 [http-nio-8080-exec-6] INFO  c.e.b.config.security.JwtService - Token válido para el usuario [admin@admin.com]
2025-08-30 14:10:11 [http-nio-8080-exec-6] INFO  c.e.b.u.c.controllers.AuthController - Obteniendo sesión actual
2025-08-30 14:10:11 [http-nio-8080-exec-5] INFO  c.e.b.c.s.i.GetAllCategories - ✓ [GetAllCategories] Se recuperaron 5 categorías
2025-08-30 14:10:11 [http-nio-8080-exec-5] INFO  c.e.b.c.service.CategoryService - Se recuperaron 5 categorías
2025-08-30 14:10:11 [http-nio-8080-exec-5] INFO  c.e.b.c.c.c.CategoryController - Se recuperaron 5 categorías
2025-08-30 14:10:11 [http-nio-8080-exec-5] INFO  c.e.b.s.logging.RequestLoggingFilter - [GET] /api/categories/getAll -> 200 (8 ms)
2025-08-30 14:10:11 [http-nio-8080-exec-6] INFO  c.e.b.u.s.implement.GetUserSession - Sesión válida encontrada. Usuario autenticado: id=1, email=admin@admin.com
2025-08-30 14:10:11 [http-nio-8080-exec-6] INFO  c.e.b.u.c.controllers.AuthController - Sesión obtenida para usuario: admin@admin.com
2025-08-30 14:10:11 [http-nio-8080-exec-7] INFO  c.e.b.p.service.ProviderService - ✓ [ProviderService] Recuperados 1 prestadores | página=0 de 1 | totalElements=1
2025-08-30 14:10:11 [http-nio-8080-exec-7] INFO  c.e.b.p.c.c.ProviderController - ✓ [ProviderController] Se recuperaron 1 proveedores en la página 0 de 1 (total elementos=1)
2025-08-30 14:10:11 [http-nio-8080-exec-6] INFO  c.e.b.s.logging.RequestLoggingFilter - [GET] /auth/me -> 200 (9 ms)
2025-08-30 14:10:11 [http-nio-8080-exec-7] INFO  c.e.b.s.logging.RequestLoggingFilter - [GET] /api/providers/paged -> 200 (13 ms)
2025-08-30 14:10:11 [http-nio-8080-exec-10] INFO  c.e.b.config.security.JwtService - Token válido para el usuario [admin@admin.com]
2025-08-30 14:10:11 [http-nio-8080-exec-10] INFO  c.e.b.s.logging.RequestLoggingFilter - [GET] /uploads/proveedores/352dc430-ee0b-418e-b4cb-8401ec7f4c98.png -> 200 (3 ms)
2025-08-30 14:10:15 [http-nio-8080-exec-8] INFO  c.e.b.config.security.JwtService - Token válido para el usuario [admin@admin.com]
2025-08-30 14:10:15 [http-nio-8080-exec-8] INFO  c.e.b.u.c.controllers.AuthController - Obteniendo sesión actual
2025-08-30 14:10:15 [http-nio-8080-exec-8] INFO  c.e.b.u.s.implement.GetUserSession - Sesión válida encontrada. Usuario autenticado: id=1, email=admin@admin.com
2025-08-30 14:10:15 [http-nio-8080-exec-8] INFO  c.e.b.u.c.controllers.AuthController - Sesión obtenida para usuario: admin@admin.com
2025-08-30 14:10:15 [http-nio-8080-exec-8] INFO  c.e.b.s.logging.RequestLoggingFilter - [GET] /auth/me -> 200 (7 ms)
2025-08-30 14:10:15 [http-nio-8080-exec-2] INFO  c.e.b.config.security.JwtService - Token válido para el usuario [admin@admin.com]
2025-08-30 14:10:15 [http-nio-8080-exec-2] INFO  c.e.b.u.c.controllers.AuthController - Obteniendo sesión actual
2025-08-30 14:10:15 [http-nio-8080-exec-2] INFO  c.e.b.u.s.implement.GetUserSession - Sesión válida encontrada. Usuario autenticado: id=1, email=admin@admin.com
2025-08-30 14:10:15 [http-nio-8080-exec-2] INFO  c.e.b.u.c.controllers.AuthController - Sesión obtenida para usuario: admin@admin.com
2025-08-30 14:10:15 [http-nio-8080-exec-2] INFO  c.e.b.s.logging.RequestLoggingFilter - [GET] /auth/me -> 200 (7 ms)
2025-08-30 14:10:29 [http-nio-8080-exec-1] INFO  c.e.b.config.security.JwtService - Token válido para el usuario [admin@admin.com]
2025-08-30 14:10:29 [http-nio-8080-exec-1] INFO  c.e.b.u.c.controllers.AuthController - Intento de login para usuario: admin@admin.com
2025-08-30 14:10:29 [http-nio-8080-exec-1] INFO  c.e.b.u.s.implement.LoginService - Intentando autenticar usuario con email: admin@admin.com
2025-08-30 14:10:29 [http-nio-8080-exec-1] ERROR c.e.b.u.s.i.AuthenticationServiceImpl - Contraseña incorrecta para usuario email=admin@admin.com
2025-08-30 14:10:29 [http-nio-8080-exec-1] WARN  c.e.b.s.e.GlobalExceptionHandler - ❌ Credenciales inválidas: Contraseña incorrecta.
com.example.backend.shared.exceptions.InvalidCredentialsException: Contraseña incorrecta.
	at com.example.backend.users.service.implement.AuthenticationServiceImpl.login(AuthenticationServiceImpl.java:57)
	at com.example.backend.users.service.implement.LoginService.execute(LoginService.java:32)
	at com.example.backend.users.controller.controllers.AuthController.login(AuthController.java:53)
	at java.base/jdk.internal.reflect.DirectMethodHandleAccessor.invoke(DirectMethodHandleAccessor.java:103)
	at java.base/java.lang.reflect.Method.invoke(Method.java:580)
	at org.springframework.web.method.support.InvocableHandlerMethod.doInvoke(InvocableHandlerMethod.java:258)
	at org.springframework.web.method.support.InvocableHandlerMethod.invokeForRequest(InvocableHandlerMethod.java:191)
	at org.springframework.web.servlet.mvc.method.annotation.ServletInvocableHandlerMethod.invokeAndHandle(ServletInvocableHandlerMethod.java:118)
	at org.springframework.web.servlet.mvc.method.annotation.RequestMappingHandlerAdapter.invokeHandlerMethod(RequestMappingHandlerAdapter.java:991)
	at org.springframework.web.servlet.mvc.method.annotation.RequestMappingHandlerAdapter.handleInternal(RequestMappingHandlerAdapter.java:896)
	at org.springframework.web.servlet.mvc.method.AbstractHandlerMethodAdapter.handle(AbstractHandlerMethodAdapter.java:87)
	at org.springframework.web.servlet.DispatcherServlet.doDispatch(DispatcherServlet.java:1089)
	at org.springframework.web.servlet.DispatcherServlet.doService(DispatcherServlet.java:979)
	at org.springframework.web.servlet.FrameworkServlet.processRequest(FrameworkServlet.java:1014)
	at org.springframework.web.servlet.FrameworkServlet.doPost(FrameworkServlet.java:914)
	at jakarta.servlet.http.HttpServlet.service(HttpServlet.java:590)
	at org.springframework.web.servlet.FrameworkServlet.service(FrameworkServlet.java:885)
	at jakarta.servlet.http.HttpServlet.service(HttpServlet.java:658)
	at org.apache.catalina.core.ApplicationFilterChain.internalDoFilter(ApplicationFilterChain.java:195)
	at org.apache.catalina.core.ApplicationFilterChain.doFilter(ApplicationFilterChain.java:140)
	at org.apache.tomcat.websocket.server.WsFilter.doFilter(WsFilter.java:51)
	at org.apache.catalina.core.ApplicationFilterChain.internalDoFilter(ApplicationFilterChain.java:164)
	at org.apache.catalina.core.ApplicationFilterChain.doFilter(ApplicationFilterChain.java:140)
	at com.example.backend.shared.logging.RequestLoggingFilter.doFilterInternal(RequestLoggingFilter.java:29)
	at org.springframework.web.filter.OncePerRequestFilter.doFilter(OncePerRequestFilter.java:116)
	at org.apache.catalina.core.ApplicationFilterChain.internalDoFilter(ApplicationFilterChain.java:164)
	at org.apache.catalina.core.ApplicationFilterChain.doFilter(ApplicationFilterChain.java:140)
	at org.springframework.web.filter.OncePerRequestFilter.doFilter(OncePerRequestFilter.java:110)
	at org.apache.catalina.core.ApplicationFilterChain.internalDoFilter(ApplicationFilterChain.java:164)
	at org.apache.catalina.core.ApplicationFilterChain.doFilter(ApplicationFilterChain.java:140)
	at org.springframework.web.filter.CompositeFilter$VirtualFilterChain.doFilter(CompositeFilter.java:108)
	at org.springframework.web.filter.CompositeFilter$VirtualFilterChain.doFilter(CompositeFilter.java:108)
	at org.springframework.security.web.FilterChainProxy.lambda$doFilterInternal$3(FilterChainProxy.java:231)
	at org.springframework.security.web.FilterChainProxy$VirtualFilterChain.doFilter(FilterChainProxy.java:365)
	at org.springframework.security.web.access.intercept.AuthorizationFilter.doFilter(AuthorizationFilter.java:101)
	at org.springframework.security.web.FilterChainProxy$VirtualFilterChain.doFilter(FilterChainProxy.java:374)
	at org.springframework.security.web.access.ExceptionTranslationFilter.doFilter(ExceptionTranslationFilter.java:125)
	at org.springframework.security.web.access.ExceptionTranslationFilter.doFilter(ExceptionTranslationFilter.java:119)
	at org.springframework.security.web.FilterChainProxy$VirtualFilterChain.doFilter(FilterChainProxy.java:374)
	at org.springframework.security.web.session.SessionManagementFilter.doFilter(SessionManagementFilter.java:131)
	at org.springframework.security.web.session.SessionManagementFilter.doFilter(SessionManagementFilter.java:85)
	at org.springframework.security.web.FilterChainProxy$VirtualFilterChain.doFilter(FilterChainProxy.java:374)
	at org.springframework.security.web.authentication.AnonymousAuthenticationFilter.doFilter(AnonymousAuthenticationFilter.java:100)
	at org.springframework.security.web.FilterChainProxy$VirtualFilterChain.doFilter(FilterChainProxy.java:374)
	at org.springframework.security.web.servletapi.SecurityContextHolderAwareRequestFilter.doFilter(SecurityContextHolderAwareRequestFilter.java:179)
	at org.springframework.security.web.FilterChainProxy$VirtualFilterChain.doFilter(FilterChainProxy.java:374)
	at org.springframework.security.web.savedrequest.RequestCacheAwareFilter.doFilter(RequestCacheAwareFilter.java:63)
	at org.springframework.security.web.FilterChainProxy$VirtualFilterChain.doFilter(FilterChainProxy.java:374)
	at com.example.backend.config.security.JwtCookieAuthenticationFilter.doFilterInternal(JwtCookieAuthenticationFilter.java:62)
	at org.springframework.web.filter.OncePerRequestFilter.doFilter(OncePerRequestFilter.java:116)
	at org.springframework.security.web.FilterChainProxy$VirtualFilterChain.doFilter(FilterChainProxy.java:374)
	at org.springframework.security.web.authentication.AbstractAuthenticationProcessingFilter.doFilter(AbstractAuthenticationProcessingFilter.java:235)
	at org.springframework.security.web.authentication.AbstractAuthenticationProcessingFilter.doFilter(AbstractAuthenticationProcessingFilter.java:229)
	at org.springframework.security.web.FilterChainProxy$VirtualFilterChain.doFilter(FilterChainProxy.java:374)
	at org.springframework.security.oauth2.client.web.OAuth2AuthorizationRequestRedirectFilter.doFilterInternal(OAuth2AuthorizationRequestRedirectFilter.java:198)
	at org.springframework.web.filter.OncePerRequestFilter.doFilter(OncePerRequestFilter.java:116)
	at org.springframework.security.web.FilterChainProxy$VirtualFilterChain.doFilter(FilterChainProxy.java:374)
	at org.springframework.security.web.authentication.logout.LogoutFilter.doFilter(LogoutFilter.java:107)
	at org.springframework.security.web.authentication.logout.LogoutFilter.doFilter(LogoutFilter.java:93)
	at org.springframework.security.web.FilterChainProxy$VirtualFilterChain.doFilter(FilterChainProxy.java:374)
	at org.springframework.web.filter.CorsFilter.doFilterInternal(CorsFilter.java:91)
	at org.springframework.web.filter.OncePerRequestFilter.doFilter(OncePerRequestFilter.java:116)
	at org.springframework.security.web.FilterChainProxy$VirtualFilterChain.doFilter(FilterChainProxy.java:374)
	at org.springframework.security.web.header.HeaderWriterFilter.doHeadersAfter(HeaderWriterFilter.java:90)
	at org.springframework.security.web.header.HeaderWriterFilter.doFilterInternal(HeaderWriterFilter.java:75)
	at org.springframework.web.filter.OncePerRequestFilter.doFilter(OncePerRequestFilter.java:116)
	at org.springframework.security.web.FilterChainProxy$VirtualFilterChain.doFilter(FilterChainProxy.java:374)
	at org.springframework.security.web.context.SecurityContextHolderFilter.doFilter(SecurityContextHolderFilter.java:82)
	at org.springframework.security.web.context.SecurityContextHolderFilter.doFilter(SecurityContextHolderFilter.java:69)
	at org.springframework.security.web.FilterChainProxy$VirtualFilterChain.doFilter(FilterChainProxy.java:374)
	at org.springframework.security.web.context.request.async.WebAsyncManagerIntegrationFilter.doFilterInternal(WebAsyncManagerIntegrationFilter.java:62)
	at org.springframework.web.filter.OncePerRequestFilter.doFilter(OncePerRequestFilter.java:116)
	at org.springframework.security.web.FilterChainProxy$VirtualFilterChain.doFilter(FilterChainProxy.java:374)
	at org.springframework.security.web.session.DisableEncodeUrlFilter.doFilterInternal(DisableEncodeUrlFilter.java:42)
	at org.springframework.web.filter.OncePerRequestFilter.doFilter(OncePerRequestFilter.java:116)
	at org.springframework.security.web.FilterChainProxy$VirtualFilterChain.doFilter(FilterChainProxy.java:374)
	at org.springframework.security.web.FilterChainProxy.doFilterInternal(FilterChainProxy.java:233)
	at org.springframework.security.web.FilterChainProxy.doFilter(FilterChainProxy.java:191)
	at org.springframework.web.filter.CompositeFilter$VirtualFilterChain.doFilter(CompositeFilter.java:113)
	at org.springframework.web.filter.ServletRequestPathFilter.doFilter(ServletRequestPathFilter.java:52)
	at org.springframework.web.filter.CompositeFilter$VirtualFilterChain.doFilter(CompositeFilter.java:113)
	at org.springframework.web.filter.CompositeFilter.doFilter(CompositeFilter.java:74)
	at org.springframework.security.config.annotation.web.configuration.WebSecurityConfiguration$CompositeFilterChainProxy.doFilter(WebSecurityConfiguration.java:319)
	at org.springframework.web.filter.CompositeFilter$VirtualFilterChain.doFilter(CompositeFilter.java:113)
	at org.springframework.web.servlet.handler.HandlerMappingIntrospector.lambda$createCacheFilter$4(HandlerMappingIntrospector.java:267)
	at org.springframework.web.filter.CompositeFilter$VirtualFilterChain.doFilter(CompositeFilter.java:113)
	at org.springframework.web.filter.CompositeFilter.doFilter(CompositeFilter.java:74)
	at org.springframework.security.config.annotation.web.configuration.WebMvcSecurityConfiguration$CompositeFilterChainProxy.doFilter(WebMvcSecurityConfiguration.java:240)
	at org.springframework.web.filter.DelegatingFilterProxy.invokeDelegate(DelegatingFilterProxy.java:362)
	at org.springframework.web.filter.DelegatingFilterProxy.doFilter(DelegatingFilterProxy.java:278)
	at org.apache.catalina.core.ApplicationFilterChain.internalDoFilter(ApplicationFilterChain.java:164)
	at org.apache.catalina.core.ApplicationFilterChain.doFilter(ApplicationFilterChain.java:140)
	at org.springframework.web.filter.RequestContextFilter.doFilterInternal(RequestContextFilter.java:100)
	at org.springframework.web.filter.OncePerRequestFilter.doFilter(OncePerRequestFilter.java:116)
	at org.apache.catalina.core.ApplicationFilterChain.internalDoFilter(ApplicationFilterChain.java:164)
	at org.apache.catalina.core.ApplicationFilterChain.doFilter(ApplicationFilterChain.java:140)
	at org.springframework.web.filter.FormContentFilter.doFilterInternal(FormContentFilter.java:93)
	at org.springframework.web.filter.OncePerRequestFilter.doFilter(OncePerRequestFilter.java:116)
	at org.apache.catalina.core.ApplicationFilterChain.internalDoFilter(ApplicationFilterChain.java:164)
	at org.apache.catalina.core.ApplicationFilterChain.doFilter(ApplicationFilterChain.java:140)
	at org.springframework.web.filter.CharacterEncodingFilter.doFilterInternal(CharacterEncodingFilter.java:201)
	at org.springframework.web.filter.OncePerRequestFilter.doFilter(OncePerRequestFilter.java:116)
	at org.apache.catalina.core.ApplicationFilterChain.internalDoFilter(ApplicationFilterChain.java:164)
	at org.apache.catalina.core.ApplicationFilterChain.doFilter(ApplicationFilterChain.java:140)
	at org.apache.catalina.core.StandardWrapperValve.invoke(StandardWrapperValve.java:167)
	at org.apache.catalina.core.StandardContextValve.invoke(StandardContextValve.java:90)
	at org.apache.catalina.authenticator.AuthenticatorBase.invoke(AuthenticatorBase.java:483)
	at org.apache.catalina.core.StandardHostValve.invoke(StandardHostValve.java:116)
	at org.apache.catalina.valves.ErrorReportValve.invoke(ErrorReportValve.java:93)
	at org.apache.catalina.core.StandardEngineValve.invoke(StandardEngineValve.java:74)
	at org.apache.catalina.connector.CoyoteAdapter.service(CoyoteAdapter.java:344)
	at org.apache.coyote.http11.Http11Processor.service(Http11Processor.java:398)
	at org.apache.coyote.AbstractProcessorLight.process(AbstractProcessorLight.java:63)
	at org.apache.coyote.AbstractProtocol$ConnectionHandler.process(AbstractProtocol.java:903)
	at org.apache.tomcat.util.net.NioEndpoint$SocketProcessor.doRun(NioEndpoint.java:1769)
	at org.apache.tomcat.util.net.SocketProcessorBase.run(SocketProcessorBase.java:52)
	at org.apache.tomcat.util.threads.ThreadPoolExecutor.runWorker(ThreadPoolExecutor.java:1189)
	at org.apache.tomcat.util.threads.ThreadPoolExecutor$Worker.run(ThreadPoolExecutor.java:658)
	at org.apache.tomcat.util.threads.TaskThread$WrappingRunnable.run(TaskThread.java:63)
	at java.base/java.lang.Thread.run(Thread.java:1583)
2025-08-30 14:10:29 [http-nio-8080-exec-1] WARN  o.s.w.s.m.m.a.ExceptionHandlerExceptionResolver - Resolved [com.example.backend.shared.exceptions.InvalidCredentialsException: Contraseña incorrecta.]
2025-08-30 14:10:29 [http-nio-8080-exec-1] INFO  c.e.b.s.logging.RequestLoggingFilter - [POST] /auth/login -> 401 (79 ms)
2025-08-30 14:10:32 [http-nio-8080-exec-3] INFO  c.e.b.config.security.JwtService - Token válido para el usuario [admin@admin.com]
2025-08-30 14:10:32 [http-nio-8080-exec-3] INFO  c.e.b.u.c.controllers.AuthController - Intento de login para usuario: admin@admin.com
2025-08-30 14:10:32 [http-nio-8080-exec-3] INFO  c.e.b.u.s.implement.LoginService - Intentando autenticar usuario con email: admin@admin.com
2025-08-30 14:10:32 [http-nio-8080-exec-3] INFO  c.e.b.u.s.i.AuthenticationServiceImpl - Último login actualizado para usuario id=1, email=admin@admin.com
2025-08-30 14:10:32 [http-nio-8080-exec-3] INFO  c.e.b.config.security.JwtService - Se generó un nuevo token para el usuario [admin@admin.com], rol: USER
2025-08-30 14:10:32 [http-nio-8080-exec-3] INFO  c.e.b.u.s.i.AuthenticationServiceImpl - JWT generado exitosamente para usuario id=1
2025-08-30 14:10:32 [http-nio-8080-exec-3] INFO  c.e.b.u.s.implement.LoginService - Cookie de autenticación creada y añadida a la respuesta para usuario admin@admin.com
2025-08-30 14:10:32 [http-nio-8080-exec-3] INFO  c.e.b.u.s.implement.GetUserByEmail - Usuario encontrado con email: admin@admin.com
2025-08-30 14:10:32 [http-nio-8080-exec-3] INFO  c.e.b.u.s.implement.LoginService - Usuario admin@admin.com autenticado exitosamente con ID 1
2025-08-30 14:10:32 [http-nio-8080-exec-3] INFO  c.e.b.u.c.controllers.AuthController - Login exitoso para usuario: admin@admin.com
2025-08-30 14:10:32 [http-nio-8080-exec-3] INFO  c.e.b.s.logging.RequestLoggingFilter - [POST] /auth/login -> 200 (77 ms)
2025-08-30 14:10:32 [http-nio-8080-exec-5] INFO  c.e.b.p.c.c.ProviderController - → [ProviderController] Solicitud para listar proveedores paginados | page=0 | size=5
2025-08-30 14:10:32 [http-nio-8080-exec-5] INFO  c.e.b.p.service.ProviderService - → [ProviderService] Iniciando recuperación de prestadores | página=0 | size=5
2025-08-30 14:10:32 [http-nio-8080-exec-4] INFO  c.e.b.config.security.JwtService - Token válido para el usuario [admin@admin.com]
2025-08-30 14:10:32 [http-nio-8080-exec-5] INFO  c.e.b.p.service.ProviderService - ✓ [ProviderService] Recuperados 1 prestadores | página=0 de 1 | totalElements=1
2025-08-30 14:10:32 [http-nio-8080-exec-5] INFO  c.e.b.p.c.c.ProviderController - ✓ [ProviderController] Se recuperaron 1 proveedores en la página 0 de 1 (total elementos=1)
2025-08-30 14:10:32 [http-nio-8080-exec-4] INFO  c.e.b.c.c.c.CategoryController - Petición recibida para listar todas las categorías
2025-08-30 14:10:32 [http-nio-8080-exec-4] INFO  c.e.b.c.service.CategoryService - Recuperando todas las categorías...
2025-08-30 14:10:32 [http-nio-8080-exec-4] INFO  c.e.b.c.s.i.GetAllCategories - → [GetAllCategories] Solicitud para obtener todas las categorías ordenadas por nombre
2025-08-30 14:10:32 [http-nio-8080-exec-5] INFO  c.e.b.s.logging.RequestLoggingFilter - [GET] /api/providers/paged -> 200 (11 ms)
2025-08-30 14:10:32 [http-nio-8080-exec-4] INFO  c.e.b.c.s.i.GetAllCategories - ✓ [GetAllCategories] Se recuperaron 5 categorías
2025-08-30 14:10:32 [http-nio-8080-exec-4] INFO  c.e.b.c.service.CategoryService - Se recuperaron 5 categorías
2025-08-30 14:10:32 [http-nio-8080-exec-4] INFO  c.e.b.c.c.c.CategoryController - Se recuperaron 5 categorías
2025-08-30 14:10:32 [http-nio-8080-exec-6] INFO  c.e.b.p.c.c.ProviderController - → [ProviderController] Solicitud para listar proveedores paginados | page=0 | size=5
2025-08-30 14:10:32 [http-nio-8080-exec-6] INFO  c.e.b.p.service.ProviderService - → [ProviderService] Iniciando recuperación de prestadores | página=0 | size=5
2025-08-30 14:10:32 [http-nio-8080-exec-4] INFO  c.e.b.s.logging.RequestLoggingFilter - [GET] /api/categories/getAll -> 200 (5 ms)
2025-08-30 14:10:32 [http-nio-8080-exec-6] INFO  c.e.b.p.service.ProviderService - ✓ [ProviderService] Recuperados 1 prestadores | página=0 de 1 | totalElements=1
2025-08-30 14:10:32 [http-nio-8080-exec-6] INFO  c.e.b.p.c.c.ProviderController - ✓ [ProviderController] Se recuperaron 1 proveedores en la página 0 de 1 (total elementos=1)
2025-08-30 14:10:32 [http-nio-8080-exec-6] INFO  c.e.b.s.logging.RequestLoggingFilter - [GET] /api/providers/paged -> 200 (11 ms)
2025-08-30 14:10:32 [http-nio-8080-exec-8] INFO  c.e.b.p.c.c.ProviderController - → [ProviderController] Solicitud para listar proveedores paginados | page=0 | size=5
2025-08-30 14:10:32 [http-nio-8080-exec-8] INFO  c.e.b.p.service.ProviderService - → [ProviderService] Iniciando recuperación de prestadores | página=0 | size=5
2025-08-30 14:10:32 [http-nio-8080-exec-7] INFO  c.e.b.config.security.JwtService - Token válido para el usuario [admin@admin.com]
2025-08-30 14:10:32 [http-nio-8080-exec-7] INFO  c.e.b.c.c.c.CategoryController - Petición recibida para listar todas las categorías
2025-08-30 14:10:32 [http-nio-8080-exec-7] INFO  c.e.b.c.service.CategoryService - Recuperando todas las categorías...
2025-08-30 14:10:32 [http-nio-8080-exec-7] INFO  c.e.b.c.s.i.GetAllCategories - → [GetAllCategories] Solicitud para obtener todas las categorías ordenadas por nombre
2025-08-30 14:10:32 [http-nio-8080-exec-10] INFO  c.e.b.config.security.JwtService - Token válido para el usuario [admin@admin.com]
2025-08-30 14:10:32 [http-nio-8080-exec-7] INFO  c.e.b.c.s.i.GetAllCategories - ✓ [GetAllCategories] Se recuperaron 5 categorías
2025-08-30 14:10:32 [http-nio-8080-exec-7] INFO  c.e.b.c.service.CategoryService - Se recuperaron 5 categorías
2025-08-30 14:10:32 [http-nio-8080-exec-7] INFO  c.e.b.c.c.c.CategoryController - Se recuperaron 5 categorías
2025-08-30 14:10:32 [http-nio-8080-exec-7] INFO  c.e.b.s.logging.RequestLoggingFilter - [GET] /api/categories/getAll -> 200 (5 ms)
2025-08-30 14:10:32 [http-nio-8080-exec-10] INFO  c.e.b.s.logging.RequestLoggingFilter - [GET] /uploads/proveedores/352dc430-ee0b-418e-b4cb-8401ec7f4c98.png -> 200 (2 ms)
2025-08-30 14:10:32 [http-nio-8080-exec-8] INFO  c.e.b.p.service.ProviderService - ✓ [ProviderService] Recuperados 1 prestadores | página=0 de 1 | totalElements=1
2025-08-30 14:10:32 [http-nio-8080-exec-8] INFO  c.e.b.p.c.c.ProviderController - ✓ [ProviderController] Se recuperaron 1 proveedores en la página 0 de 1 (total elementos=1)
2025-08-30 14:10:32 [http-nio-8080-exec-8] INFO  c.e.b.s.logging.RequestLoggingFilter - [GET] /api/providers/paged -> 200 (10 ms)
2025-08-30 14:11:09 [http-nio-8080-exec-2] INFO  c.e.b.config.security.JwtService - Token válido para el usuario [admin@admin.com]
2025-08-30 14:11:09 [http-nio-8080-exec-2] INFO  c.e.b.u.c.controllers.AuthController - Obteniendo sesión actual
2025-08-30 14:11:09 [http-nio-8080-exec-2] INFO  c.e.b.u.s.implement.GetUserSession - Sesión válida encontrada. Usuario autenticado: id=1, email=admin@admin.com
2025-08-30 14:11:09 [http-nio-8080-exec-2] INFO  c.e.b.u.c.controllers.AuthController - Sesión obtenida para usuario: admin@admin.com
2025-08-30 14:11:09 [http-nio-8080-exec-2] INFO  c.e.b.s.logging.RequestLoggingFilter - [GET] /auth/me -> 200 (9 ms)
2025-08-30 14:11:09 [http-nio-8080-exec-9] INFO  c.e.b.config.security.JwtService - Token válido para el usuario [admin@admin.com]
2025-08-30 14:11:09 [http-nio-8080-exec-9] INFO  c.e.b.u.c.controllers.AuthController - Obteniendo sesión actual
2025-08-30 14:11:09 [http-nio-8080-exec-9] INFO  c.e.b.u.s.implement.GetUserSession - Sesión válida encontrada. Usuario autenticado: id=1, email=admin@admin.com
2025-08-30 14:11:09 [http-nio-8080-exec-9] INFO  c.e.b.u.c.controllers.AuthController - Sesión obtenida para usuario: admin@admin.com
2025-08-30 14:11:09 [http-nio-8080-exec-9] INFO  c.e.b.s.logging.RequestLoggingFilter - [GET] /auth/me -> 200 (8 ms)
2025-08-30 14:11:09 [http-nio-8080-exec-1] INFO  c.e.b.config.security.JwtService - Token válido para el usuario [admin@admin.com]
2025-08-30 14:11:09 [http-nio-8080-exec-1] INFO  c.e.b.r.c.c.RatingController - Iniciando consulta de calificaciones de todos los proveedores
2025-08-30 14:11:09 [http-nio-8080-exec-1] INFO  c.e.b.r.s.i.GetProviderRatingsService - Ejecutando servicio: obtener calificaciones de proveedores
2025-08-30 14:11:09 [http-nio-8080-exec-1] INFO  c.e.b.r.s.i.GetProviderRatingsService - Se encontraron 1 proveedores con calificaciones
2025-08-30 14:11:09 [http-nio-8080-exec-1] INFO  c.e.b.r.c.c.RatingController - Consulta completada: se encontraron 1 proveedores con calificaciones
2025-08-30 14:11:09 [http-nio-8080-exec-1] INFO  c.e.b.s.logging.RequestLoggingFilter - [GET] /providers/ratings -> 200 (12 ms)
2025-08-30 14:11:09 [http-nio-8080-exec-3] INFO  c.e.b.config.security.JwtService - Token válido para el usuario [admin@admin.com]
2025-08-30 14:11:09 [http-nio-8080-exec-3] INFO  c.e.b.r.c.c.RatingController - Iniciando consulta de calificaciones de todos los proveedores
2025-08-30 14:11:09 [http-nio-8080-exec-3] INFO  c.e.b.r.s.i.GetProviderRatingsService - Ejecutando servicio: obtener calificaciones de proveedores
2025-08-30 14:11:09 [http-nio-8080-exec-3] INFO  c.e.b.r.s.i.GetProviderRatingsService - Se encontraron 1 proveedores con calificaciones
2025-08-30 14:11:09 [http-nio-8080-exec-3] INFO  c.e.b.r.c.c.RatingController - Consulta completada: se encontraron 1 proveedores con calificaciones
2025-08-30 14:11:09 [http-nio-8080-exec-3] INFO  c.e.b.s.logging.RequestLoggingFilter - [GET] /providers/ratings -> 200 (6 ms)
2025-08-30 14:11:22 [http-nio-8080-exec-4] INFO  c.e.b.config.security.JwtService - Token válido para el usuario [admin@admin.com]
2025-08-30 14:11:22 [http-nio-8080-exec-4] INFO  c.e.b.u.c.controllers.UserController - Obteniendo usuario en sesión desde la cookie JWT
2025-08-30 14:11:22 [http-nio-8080-exec-4] INFO  c.e.b.users.service.UserService - Obteniendo información del usuario en sesión actual...
2025-08-30 14:11:22 [http-nio-8080-exec-4] INFO  c.e.b.u.s.implement.GetUserSession - Sesión válida encontrada. Usuario autenticado: id=1, email=admin@admin.com
2025-08-30 14:11:22 [http-nio-8080-exec-4] INFO  c.e.b.users.service.UserService - Usuario en sesión recuperado: admin@admin.com
2025-08-30 14:11:22 [http-nio-8080-exec-4] INFO  c.e.b.s.logging.RequestLoggingFilter - [GET] /user/getUserSession -> 200 (7 ms)
2025-08-30 14:11:22 [http-nio-8080-exec-7] INFO  c.e.b.config.security.JwtService - Token válido para el usuario [admin@admin.com]
2025-08-30 14:11:22 [http-nio-8080-exec-7] INFO  c.e.b.u.c.controllers.UserController - Actualizando usuario con ID: 1
2025-08-30 14:11:22 [http-nio-8080-exec-7] INFO  c.e.b.users.service.UserService - Actualizando usuario con ID: 1
2025-08-30 14:11:22 [http-nio-8080-exec-7] INFO  c.e.b.u.service.implement.UpdateUser - Iniciando actualización del usuario con ID: 1
2025-08-30 14:11:22 [http-nio-8080-exec-7] INFO  c.e.b.u.service.implement.UpdateUser - Actualizando datos del usuario ID: 1 -> email: admin@admin.com, username: administrador
2025-08-30 14:11:22 [http-nio-8080-exec-7] INFO  c.e.b.u.service.implement.UpdateUser - Usuario con ID 1 actualizado exitosamente
2025-08-30 14:11:22 [http-nio-8080-exec-7] INFO  c.e.b.users.service.UserService - Usuario con ID 1 actualizado correctamente.
2025-08-30 14:11:22 [http-nio-8080-exec-7] INFO  c.e.b.u.c.controllers.UserController - Usuario actualizado correctamente con ID: 1
2025-08-30 14:11:22 [http-nio-8080-exec-7] INFO  c.e.b.s.logging.RequestLoggingFilter - [PUT] /user/1 -> 200 (17 ms)
2025-08-30 14:11:22 [http-nio-8080-exec-10] INFO  c.e.b.config.security.JwtService - Token válido para el usuario [admin@admin.com]
2025-08-30 14:11:22 [http-nio-8080-exec-10] INFO  c.e.b.u.c.controllers.UserController - Obteniendo usuario en sesión desde la cookie JWT
2025-08-30 14:11:22 [http-nio-8080-exec-10] INFO  c.e.b.users.service.UserService - Obteniendo información del usuario en sesión actual...
2025-08-30 14:11:22 [http-nio-8080-exec-10] INFO  c.e.b.u.s.implement.GetUserSession - Sesión válida encontrada. Usuario autenticado: id=1, email=admin@admin.com
2025-08-30 14:11:22 [http-nio-8080-exec-10] INFO  c.e.b.users.service.UserService - Usuario en sesión recuperado: admin@admin.com
2025-08-30 14:11:22 [http-nio-8080-exec-10] INFO  c.e.b.s.logging.RequestLoggingFilter - [GET] /user/getUserSession -> 200 (6 ms)
2025-08-30 14:13:32 [SpringApplicationShutdownHook] INFO  o.s.b.w.e.tomcat.GracefulShutdown - Commencing graceful shutdown. Waiting for active requests to complete
2025-08-30 14:13:32 [tomcat-shutdown] INFO  o.s.b.w.e.tomcat.GracefulShutdown - Graceful shutdown complete
2025-08-30 14:13:32 [SpringApplicationShutdownHook] INFO  o.s.o.j.LocalContainerEntityManagerFactoryBean - Closing JPA EntityManagerFactory for persistence unit 'default'
2025-08-30 14:13:32 [SpringApplicationShutdownHook] INFO  com.zaxxer.hikari.HikariDataSource - HikariPool-1 - Shutdown initiated...
2025-08-30 14:13:32 [SpringApplicationShutdownHook] INFO  com.zaxxer.hikari.HikariDataSource - HikariPool-1 - Shutdown completed.
2025-08-30 14:13:40 [background-preinit] INFO  o.h.validator.internal.util.Version - HV000001: Hibernate Validator 8.0.2.Final
2025-08-30 14:13:40 [restartedMain] INFO  c.e.backend.PublicidadWebApplication - Starting PublicidadWebApplication using Java 21.0.6 with PID 11632 (C:\Users\jonii\OneDrive\Escritorio\Proyectos\MONOLITOS\SISTEMA DE PUBLICIDAD\Publicidad-Web\BackendPublicacionWeb\publicacionWeb\target\classes started by jonii in C:\Users\jonii\OneDrive\Escritorio\Proyectos\MONOLITOS\SISTEMA DE PUBLICIDAD\Publicidad-Web\BackendPublicacionWeb)
2025-08-30 14:13:40 [restartedMain] INFO  c.e.backend.PublicidadWebApplication - The following 1 profile is active: "dev"
2025-08-30 14:13:40 [restartedMain] INFO  o.s.b.d.e.DevToolsPropertyDefaultsPostProcessor - Devtools property defaults active! Set 'spring.devtools.add-properties' to 'false' to disable
2025-08-30 14:13:40 [restartedMain] INFO  o.s.b.d.e.DevToolsPropertyDefaultsPostProcessor - For additional web related logging consider setting the 'logging.level.web' property to 'DEBUG'
2025-08-30 14:13:42 [restartedMain] INFO  o.s.d.r.c.RepositoryConfigurationDelegate - Bootstrapping Spring Data JPA repositories in DEFAULT mode.
2025-08-30 14:13:42 [restartedMain] INFO  o.s.d.r.c.RepositoryConfigurationDelegate - Finished Spring Data repository scanning in 222 ms. Found 7 JPA repository interfaces.
2025-08-30 14:13:43 [restartedMain] INFO  o.s.b.w.e.tomcat.TomcatWebServer - Tomcat initialized with port 8080 (http)
2025-08-30 14:13:43 [restartedMain] INFO  o.a.coyote.http11.Http11NioProtocol - Initializing ProtocolHandler ["http-nio-8080"]
2025-08-30 14:13:43 [restartedMain] INFO  o.a.catalina.core.StandardService - Starting service [Tomcat]
2025-08-30 14:13:43 [restartedMain] INFO  o.a.catalina.core.StandardEngine - Starting Servlet engine: [Apache Tomcat/10.1.43]
2025-08-30 14:13:44 [restartedMain] INFO  o.a.c.c.C.[Tomcat].[localhost].[/] - Initializing Spring embedded WebApplicationContext
2025-08-30 14:13:44 [restartedMain] INFO  o.s.b.w.s.c.ServletWebServerApplicationContext - Root WebApplicationContext: initialization completed in 3431 ms
2025-08-30 14:13:44 [restartedMain] INFO  o.h.jpa.internal.util.LogHelper - HHH000204: Processing PersistenceUnitInfo [name: default]
2025-08-30 14:13:44 [restartedMain] INFO  org.hibernate.Version - HHH000412: Hibernate ORM core version 6.6.22.Final
2025-08-30 14:13:44 [restartedMain] INFO  o.h.c.i.RegionFactoryInitiator - HHH000026: Second-level cache disabled
2025-08-30 14:13:44 [restartedMain] INFO  o.s.o.j.p.SpringPersistenceUnitInfo - No LoadTimeWeaver setup: ignoring JPA class transformer
2025-08-30 14:13:44 [restartedMain] INFO  com.zaxxer.hikari.HikariDataSource - HikariPool-1 - Starting...
2025-08-30 14:13:45 [restartedMain] INFO  com.zaxxer.hikari.pool.HikariPool - HikariPool-1 - Added connection com.mysql.cj.jdbc.ConnectionImpl@2feab362
2025-08-30 14:13:45 [restartedMain] INFO  com.zaxxer.hikari.HikariDataSource - HikariPool-1 - Start completed.
2025-08-30 14:13:45 [restartedMain] WARN  org.hibernate.orm.deprecation - HHH90000025: MySQL8Dialect does not need to be specified explicitly using 'hibernate.dialect' (remove the property setting and it will be selected by default)
2025-08-30 14:13:45 [restartedMain] WARN  org.hibernate.orm.deprecation - HHH90000026: MySQL8Dialect has been deprecated; use org.hibernate.dialect.MySQLDialect instead
2025-08-30 14:13:45 [restartedMain] INFO  o.hibernate.orm.connections.pooling - HHH10001005: Database info:
	Database JDBC URL [Connecting through datasource 'HikariDataSource (HikariPool-1)']
	Database driver: undefined/unknown
	Database version: 8.0
	Autocommit mode: undefined/unknown
	Isolation level: undefined/unknown
	Minimum pool size: undefined/unknown
	Maximum pool size: undefined/unknown
2025-08-30 14:13:46 [restartedMain] INFO  o.h.e.t.j.p.i.JtaPlatformInitiator - HHH000489: No JTA platform available (set 'hibernate.transaction.jta.platform' to enable JTA platform integration)
2025-08-30 14:13:46 [restartedMain] INFO  o.s.o.j.LocalContainerEntityManagerFactoryBean - Initialized JPA EntityManagerFactory for persistence unit 'default'
2025-08-30 14:13:47 [restartedMain] INFO  c.e.b.users.service.UserService - Ejecutando inserción de usuario ADMIN inicial...
2025-08-30 14:13:47 [restartedMain] INFO  c.e.b.users.service.UserService - Usuario ADMIN insertado correctamente (si no existía).
2025-08-30 14:13:47 [restartedMain] INFO  o.s.d.j.r.query.QueryEnhancerFactory - Hibernate is in classpath; If applicable, HQL parser will be used.
2025-08-30 14:13:48 [restartedMain] INFO  o.s.s.c.a.a.c.InitializeAuthenticationProviderBeanManagerConfigurer$InitializeAuthenticationProviderManagerConfigurer - Global AuthenticationManager configured with AuthenticationProvider bean with name authenticationProvider
2025-08-30 14:13:48 [restartedMain] WARN  o.s.s.c.a.a.c.InitializeUserDetailsBeanManagerConfigurer$InitializeUserDetailsManagerConfigurer - Global AuthenticationManager configured with an AuthenticationProvider bean. UserDetailsService beans will not be used by Spring Security for automatically configuring username/password login. Consider removing the AuthenticationProvider bean. Alternatively, consider using the UserDetailsService in a manually instantiated DaoAuthenticationProvider. If the current configuration is intentional, to turn off this warning, increase the logging level of 'org.springframework.security.config.annotation.authentication.configuration.InitializeUserDetailsBeanManagerConfigurer' to ERROR
2025-08-30 14:13:48 [restartedMain] WARN  o.s.b.a.o.j.JpaBaseConfiguration$JpaWebConfiguration - spring.jpa.open-in-view is enabled by default. Therefore, database queries may be performed during view rendering. Explicitly configure spring.jpa.open-in-view to disable this warning
2025-08-30 14:13:49 [restartedMain] INFO  o.s.b.d.a.OptionalLiveReloadServer - LiveReload server is running on port 35729
2025-08-30 14:13:49 [restartedMain] INFO  o.a.coyote.http11.Http11NioProtocol - Starting ProtocolHandler ["http-nio-8080"]
2025-08-30 14:13:49 [restartedMain] INFO  o.s.b.w.e.tomcat.TomcatWebServer - Tomcat started on port 8080 (http) with context path '/'
2025-08-30 14:13:49 [restartedMain] INFO  c.e.backend.PublicidadWebApplication - Started PublicidadWebApplication in 10.329 seconds (process running for 11.089)
2025-08-30 14:14:12 [http-nio-8080-exec-1] INFO  o.a.c.c.C.[Tomcat].[localhost].[/] - Initializing Spring DispatcherServlet 'dispatcherServlet'
2025-08-30 14:14:12 [http-nio-8080-exec-1] INFO  o.s.web.servlet.DispatcherServlet - Initializing Servlet 'dispatcherServlet'
2025-08-30 14:14:12 [http-nio-8080-exec-1] INFO  o.s.web.servlet.DispatcherServlet - Completed initialization in 1 ms
2025-08-30 14:14:12 [http-nio-8080-exec-2] INFO  c.e.b.config.security.JwtService - Token válido para el usuario [admin@admin.com]
2025-08-30 14:14:12 [http-nio-8080-exec-2] INFO  c.e.b.u.c.controllers.AuthController - Intento de login para usuario: admin@admin.com
2025-08-30 14:14:12 [http-nio-8080-exec-2] INFO  c.e.b.u.s.implement.LoginService - Intentando autenticar usuario con email: admin@admin.com
2025-08-30 14:14:13 [http-nio-8080-exec-2] ERROR c.e.b.u.s.i.AuthenticationServiceImpl - Contraseña incorrecta para usuario email=admin@admin.com
2025-08-30 14:14:13 [http-nio-8080-exec-2] WARN  c.e.b.s.e.GlobalExceptionHandler - ❌ Credenciales inválidas: Contraseña incorrecta.
com.example.backend.shared.exceptions.InvalidCredentialsException: Contraseña incorrecta.
	at com.example.backend.users.service.implement.AuthenticationServiceImpl.login(AuthenticationServiceImpl.java:57)
	at com.example.backend.users.service.implement.LoginService.execute(LoginService.java:32)
	at com.example.backend.users.controller.controllers.AuthController.login(AuthController.java:53)
	at java.base/jdk.internal.reflect.DirectMethodHandleAccessor.invoke(DirectMethodHandleAccessor.java:103)
	at java.base/java.lang.reflect.Method.invoke(Method.java:580)
	at org.springframework.web.method.support.InvocableHandlerMethod.doInvoke(InvocableHandlerMethod.java:258)
	at org.springframework.web.method.support.InvocableHandlerMethod.invokeForRequest(InvocableHandlerMethod.java:191)
	at org.springframework.web.servlet.mvc.method.annotation.ServletInvocableHandlerMethod.invokeAndHandle(ServletInvocableHandlerMethod.java:118)
	at org.springframework.web.servlet.mvc.method.annotation.RequestMappingHandlerAdapter.invokeHandlerMethod(RequestMappingHandlerAdapter.java:991)
	at org.springframework.web.servlet.mvc.method.annotation.RequestMappingHandlerAdapter.handleInternal(RequestMappingHandlerAdapter.java:896)
	at org.springframework.web.servlet.mvc.method.AbstractHandlerMethodAdapter.handle(AbstractHandlerMethodAdapter.java:87)
	at org.springframework.web.servlet.DispatcherServlet.doDispatch(DispatcherServlet.java:1089)
	at org.springframework.web.servlet.DispatcherServlet.doService(DispatcherServlet.java:979)
	at org.springframework.web.servlet.FrameworkServlet.processRequest(FrameworkServlet.java:1014)
	at org.springframework.web.servlet.FrameworkServlet.doPost(FrameworkServlet.java:914)
	at jakarta.servlet.http.HttpServlet.service(HttpServlet.java:590)
	at org.springframework.web.servlet.FrameworkServlet.service(FrameworkServlet.java:885)
	at jakarta.servlet.http.HttpServlet.service(HttpServlet.java:658)
	at org.apache.catalina.core.ApplicationFilterChain.internalDoFilter(ApplicationFilterChain.java:195)
	at org.apache.catalina.core.ApplicationFilterChain.doFilter(ApplicationFilterChain.java:140)
	at org.apache.tomcat.websocket.server.WsFilter.doFilter(WsFilter.java:51)
	at org.apache.catalina.core.ApplicationFilterChain.internalDoFilter(ApplicationFilterChain.java:164)
	at org.apache.catalina.core.ApplicationFilterChain.doFilter(ApplicationFilterChain.java:140)
	at com.example.backend.shared.logging.RequestLoggingFilter.doFilterInternal(RequestLoggingFilter.java:29)
	at org.springframework.web.filter.OncePerRequestFilter.doFilter(OncePerRequestFilter.java:116)
	at org.apache.catalina.core.ApplicationFilterChain.internalDoFilter(ApplicationFilterChain.java:164)
	at org.apache.catalina.core.ApplicationFilterChain.doFilter(ApplicationFilterChain.java:140)
	at org.springframework.web.filter.OncePerRequestFilter.doFilter(OncePerRequestFilter.java:110)
	at org.apache.catalina.core.ApplicationFilterChain.internalDoFilter(ApplicationFilterChain.java:164)
	at org.apache.catalina.core.ApplicationFilterChain.doFilter(ApplicationFilterChain.java:140)
	at org.springframework.web.filter.CompositeFilter$VirtualFilterChain.doFilter(CompositeFilter.java:108)
	at org.springframework.web.filter.CompositeFilter$VirtualFilterChain.doFilter(CompositeFilter.java:108)
	at org.springframework.security.web.FilterChainProxy.lambda$doFilterInternal$3(FilterChainProxy.java:231)
	at org.springframework.security.web.FilterChainProxy$VirtualFilterChain.doFilter(FilterChainProxy.java:365)
	at org.springframework.security.web.access.intercept.AuthorizationFilter.doFilter(AuthorizationFilter.java:101)
	at org.springframework.security.web.FilterChainProxy$VirtualFilterChain.doFilter(FilterChainProxy.java:374)
	at org.springframework.security.web.access.ExceptionTranslationFilter.doFilter(ExceptionTranslationFilter.java:125)
	at org.springframework.security.web.access.ExceptionTranslationFilter.doFilter(ExceptionTranslationFilter.java:119)
	at org.springframework.security.web.FilterChainProxy$VirtualFilterChain.doFilter(FilterChainProxy.java:374)
	at org.springframework.security.web.session.SessionManagementFilter.doFilter(SessionManagementFilter.java:131)
	at org.springframework.security.web.session.SessionManagementFilter.doFilter(SessionManagementFilter.java:85)
	at org.springframework.security.web.FilterChainProxy$VirtualFilterChain.doFilter(FilterChainProxy.java:374)
	at org.springframework.security.web.authentication.AnonymousAuthenticationFilter.doFilter(AnonymousAuthenticationFilter.java:100)
	at org.springframework.security.web.FilterChainProxy$VirtualFilterChain.doFilter(FilterChainProxy.java:374)
	at org.springframework.security.web.servletapi.SecurityContextHolderAwareRequestFilter.doFilter(SecurityContextHolderAwareRequestFilter.java:179)
	at org.springframework.security.web.FilterChainProxy$VirtualFilterChain.doFilter(FilterChainProxy.java:374)
	at org.springframework.security.web.savedrequest.RequestCacheAwareFilter.doFilter(RequestCacheAwareFilter.java:63)
	at org.springframework.security.web.FilterChainProxy$VirtualFilterChain.doFilter(FilterChainProxy.java:374)
	at com.example.backend.config.security.JwtCookieAuthenticationFilter.doFilterInternal(JwtCookieAuthenticationFilter.java:62)
	at org.springframework.web.filter.OncePerRequestFilter.doFilter(OncePerRequestFilter.java:116)
	at org.springframework.security.web.FilterChainProxy$VirtualFilterChain.doFilter(FilterChainProxy.java:374)
	at org.springframework.security.web.authentication.AbstractAuthenticationProcessingFilter.doFilter(AbstractAuthenticationProcessingFilter.java:235)
	at org.springframework.security.web.authentication.AbstractAuthenticationProcessingFilter.doFilter(AbstractAuthenticationProcessingFilter.java:229)
	at org.springframework.security.web.FilterChainProxy$VirtualFilterChain.doFilter(FilterChainProxy.java:374)
	at org.springframework.security.oauth2.client.web.OAuth2AuthorizationRequestRedirectFilter.doFilterInternal(OAuth2AuthorizationRequestRedirectFilter.java:198)
	at org.springframework.web.filter.OncePerRequestFilter.doFilter(OncePerRequestFilter.java:116)
	at org.springframework.security.web.FilterChainProxy$VirtualFilterChain.doFilter(FilterChainProxy.java:374)
	at org.springframework.security.web.authentication.logout.LogoutFilter.doFilter(LogoutFilter.java:107)
	at org.springframework.security.web.authentication.logout.LogoutFilter.doFilter(LogoutFilter.java:93)
	at org.springframework.security.web.FilterChainProxy$VirtualFilterChain.doFilter(FilterChainProxy.java:374)
	at org.springframework.web.filter.CorsFilter.doFilterInternal(CorsFilter.java:91)
	at org.springframework.web.filter.OncePerRequestFilter.doFilter(OncePerRequestFilter.java:116)
	at org.springframework.security.web.FilterChainProxy$VirtualFilterChain.doFilter(FilterChainProxy.java:374)
	at org.springframework.security.web.header.HeaderWriterFilter.doHeadersAfter(HeaderWriterFilter.java:90)
	at org.springframework.security.web.header.HeaderWriterFilter.doFilterInternal(HeaderWriterFilter.java:75)
	at org.springframework.web.filter.OncePerRequestFilter.doFilter(OncePerRequestFilter.java:116)
	at org.springframework.security.web.FilterChainProxy$VirtualFilterChain.doFilter(FilterChainProxy.java:374)
	at org.springframework.security.web.context.SecurityContextHolderFilter.doFilter(SecurityContextHolderFilter.java:82)
	at org.springframework.security.web.context.SecurityContextHolderFilter.doFilter(SecurityContextHolderFilter.java:69)
	at org.springframework.security.web.FilterChainProxy$VirtualFilterChain.doFilter(FilterChainProxy.java:374)
	at org.springframework.security.web.context.request.async.WebAsyncManagerIntegrationFilter.doFilterInternal(WebAsyncManagerIntegrationFilter.java:62)
	at org.springframework.web.filter.OncePerRequestFilter.doFilter(OncePerRequestFilter.java:116)
	at org.springframework.security.web.FilterChainProxy$VirtualFilterChain.doFilter(FilterChainProxy.java:374)
	at org.springframework.security.web.session.DisableEncodeUrlFilter.doFilterInternal(DisableEncodeUrlFilter.java:42)
	at org.springframework.web.filter.OncePerRequestFilter.doFilter(OncePerRequestFilter.java:116)
	at org.springframework.security.web.FilterChainProxy$VirtualFilterChain.doFilter(FilterChainProxy.java:374)
	at org.springframework.security.web.FilterChainProxy.doFilterInternal(FilterChainProxy.java:233)
	at org.springframework.security.web.FilterChainProxy.doFilter(FilterChainProxy.java:191)
	at org.springframework.web.filter.CompositeFilter$VirtualFilterChain.doFilter(CompositeFilter.java:113)
	at org.springframework.web.filter.ServletRequestPathFilter.doFilter(ServletRequestPathFilter.java:52)
	at org.springframework.web.filter.CompositeFilter$VirtualFilterChain.doFilter(CompositeFilter.java:113)
	at org.springframework.web.filter.CompositeFilter.doFilter(CompositeFilter.java:74)
	at org.springframework.security.config.annotation.web.configuration.WebSecurityConfiguration$CompositeFilterChainProxy.doFilter(WebSecurityConfiguration.java:319)
	at org.springframework.web.filter.CompositeFilter$VirtualFilterChain.doFilter(CompositeFilter.java:113)
	at org.springframework.web.servlet.handler.HandlerMappingIntrospector.lambda$createCacheFilter$4(HandlerMappingIntrospector.java:267)
	at org.springframework.web.filter.CompositeFilter$VirtualFilterChain.doFilter(CompositeFilter.java:113)
	at org.springframework.web.filter.CompositeFilter.doFilter(CompositeFilter.java:74)
	at org.springframework.security.config.annotation.web.configuration.WebMvcSecurityConfiguration$CompositeFilterChainProxy.doFilter(WebMvcSecurityConfiguration.java:240)
	at org.springframework.web.filter.DelegatingFilterProxy.invokeDelegate(DelegatingFilterProxy.java:362)
	at org.springframework.web.filter.DelegatingFilterProxy.doFilter(DelegatingFilterProxy.java:278)
	at org.apache.catalina.core.ApplicationFilterChain.internalDoFilter(ApplicationFilterChain.java:164)
	at org.apache.catalina.core.ApplicationFilterChain.doFilter(ApplicationFilterChain.java:140)
	at org.springframework.web.filter.RequestContextFilter.doFilterInternal(RequestContextFilter.java:100)
	at org.springframework.web.filter.OncePerRequestFilter.doFilter(OncePerRequestFilter.java:116)
	at org.apache.catalina.core.ApplicationFilterChain.internalDoFilter(ApplicationFilterChain.java:164)
	at org.apache.catalina.core.ApplicationFilterChain.doFilter(ApplicationFilterChain.java:140)
	at org.springframework.web.filter.FormContentFilter.doFilterInternal(FormContentFilter.java:93)
	at org.springframework.web.filter.OncePerRequestFilter.doFilter(OncePerRequestFilter.java:116)
	at org.apache.catalina.core.ApplicationFilterChain.internalDoFilter(ApplicationFilterChain.java:164)
	at org.apache.catalina.core.ApplicationFilterChain.doFilter(ApplicationFilterChain.java:140)
	at org.springframework.web.filter.CharacterEncodingFilter.doFilterInternal(CharacterEncodingFilter.java:201)
	at org.springframework.web.filter.OncePerRequestFilter.doFilter(OncePerRequestFilter.java:116)
	at org.apache.catalina.core.ApplicationFilterChain.internalDoFilter(ApplicationFilterChain.java:164)
	at org.apache.catalina.core.ApplicationFilterChain.doFilter(ApplicationFilterChain.java:140)
	at org.apache.catalina.core.StandardWrapperValve.invoke(StandardWrapperValve.java:167)
	at org.apache.catalina.core.StandardContextValve.invoke(StandardContextValve.java:90)
	at org.apache.catalina.authenticator.AuthenticatorBase.invoke(AuthenticatorBase.java:483)
	at org.apache.catalina.core.StandardHostValve.invoke(StandardHostValve.java:116)
	at org.apache.catalina.valves.ErrorReportValve.invoke(ErrorReportValve.java:93)
	at org.apache.catalina.core.StandardEngineValve.invoke(StandardEngineValve.java:74)
	at org.apache.catalina.connector.CoyoteAdapter.service(CoyoteAdapter.java:344)
	at org.apache.coyote.http11.Http11Processor.service(Http11Processor.java:398)
	at org.apache.coyote.AbstractProcessorLight.process(AbstractProcessorLight.java:63)
	at org.apache.coyote.AbstractProtocol$ConnectionHandler.process(AbstractProtocol.java:903)
	at org.apache.tomcat.util.net.NioEndpoint$SocketProcessor.doRun(NioEndpoint.java:1769)
	at org.apache.tomcat.util.net.SocketProcessorBase.run(SocketProcessorBase.java:52)
	at org.apache.tomcat.util.threads.ThreadPoolExecutor.runWorker(ThreadPoolExecutor.java:1189)
	at org.apache.tomcat.util.threads.ThreadPoolExecutor$Worker.run(ThreadPoolExecutor.java:658)
	at org.apache.tomcat.util.threads.TaskThread$WrappingRunnable.run(TaskThread.java:63)
	at java.base/java.lang.Thread.run(Thread.java:1583)
2025-08-30 14:14:13 [http-nio-8080-exec-2] WARN  o.s.w.s.m.m.a.ExceptionHandlerExceptionResolver - Resolved [com.example.backend.shared.exceptions.InvalidCredentialsException: Contraseña incorrecta.]
2025-08-30 14:14:13 [http-nio-8080-exec-2] INFO  c.e.b.s.logging.RequestLoggingFilter - [POST] /auth/login -> 401 (290 ms)
2025-08-30 14:14:17 [http-nio-8080-exec-4] INFO  c.e.b.config.security.JwtService - Token válido para el usuario [admin@admin.com]
2025-08-30 14:14:17 [http-nio-8080-exec-4] INFO  c.e.b.u.c.controllers.AuthController - Intento de login para usuario: admin@admin.com
2025-08-30 14:14:17 [http-nio-8080-exec-4] INFO  c.e.b.u.s.implement.LoginService - Intentando autenticar usuario con email: admin@admin.com
2025-08-30 14:14:18 [http-nio-8080-exec-4] ERROR c.e.b.u.s.i.AuthenticationServiceImpl - Contraseña incorrecta para usuario email=admin@admin.com
2025-08-30 14:14:18 [http-nio-8080-exec-4] WARN  c.e.b.s.e.GlobalExceptionHandler - ❌ Credenciales inválidas: Contraseña incorrecta.
com.example.backend.shared.exceptions.InvalidCredentialsException: Contraseña incorrecta.
	at com.example.backend.users.service.implement.AuthenticationServiceImpl.login(AuthenticationServiceImpl.java:57)
	at com.example.backend.users.service.implement.LoginService.execute(LoginService.java:32)
	at com.example.backend.users.controller.controllers.AuthController.login(AuthController.java:53)
	at java.base/jdk.internal.reflect.DirectMethodHandleAccessor.invoke(DirectMethodHandleAccessor.java:103)
	at java.base/java.lang.reflect.Method.invoke(Method.java:580)
	at org.springframework.web.method.support.InvocableHandlerMethod.doInvoke(InvocableHandlerMethod.java:258)
	at org.springframework.web.method.support.InvocableHandlerMethod.invokeForRequest(InvocableHandlerMethod.java:191)
	at org.springframework.web.servlet.mvc.method.annotation.ServletInvocableHandlerMethod.invokeAndHandle(ServletInvocableHandlerMethod.java:118)
	at org.springframework.web.servlet.mvc.method.annotation.RequestMappingHandlerAdapter.invokeHandlerMethod(RequestMappingHandlerAdapter.java:991)
	at org.springframework.web.servlet.mvc.method.annotation.RequestMappingHandlerAdapter.handleInternal(RequestMappingHandlerAdapter.java:896)
	at org.springframework.web.servlet.mvc.method.AbstractHandlerMethodAdapter.handle(AbstractHandlerMethodAdapter.java:87)
	at org.springframework.web.servlet.DispatcherServlet.doDispatch(DispatcherServlet.java:1089)
	at org.springframework.web.servlet.DispatcherServlet.doService(DispatcherServlet.java:979)
	at org.springframework.web.servlet.FrameworkServlet.processRequest(FrameworkServlet.java:1014)
	at org.springframework.web.servlet.FrameworkServlet.doPost(FrameworkServlet.java:914)
	at jakarta.servlet.http.HttpServlet.service(HttpServlet.java:590)
	at org.springframework.web.servlet.FrameworkServlet.service(FrameworkServlet.java:885)
	at jakarta.servlet.http.HttpServlet.service(HttpServlet.java:658)
	at org.apache.catalina.core.ApplicationFilterChain.internalDoFilter(ApplicationFilterChain.java:195)
	at org.apache.catalina.core.ApplicationFilterChain.doFilter(ApplicationFilterChain.java:140)
	at org.apache.tomcat.websocket.server.WsFilter.doFilter(WsFilter.java:51)
	at org.apache.catalina.core.ApplicationFilterChain.internalDoFilter(ApplicationFilterChain.java:164)
	at org.apache.catalina.core.ApplicationFilterChain.doFilter(ApplicationFilterChain.java:140)
	at com.example.backend.shared.logging.RequestLoggingFilter.doFilterInternal(RequestLoggingFilter.java:29)
	at org.springframework.web.filter.OncePerRequestFilter.doFilter(OncePerRequestFilter.java:116)
	at org.apache.catalina.core.ApplicationFilterChain.internalDoFilter(ApplicationFilterChain.java:164)
	at org.apache.catalina.core.ApplicationFilterChain.doFilter(ApplicationFilterChain.java:140)
	at org.springframework.web.filter.OncePerRequestFilter.doFilter(OncePerRequestFilter.java:110)
	at org.apache.catalina.core.ApplicationFilterChain.internalDoFilter(ApplicationFilterChain.java:164)
	at org.apache.catalina.core.ApplicationFilterChain.doFilter(ApplicationFilterChain.java:140)
	at org.springframework.web.filter.CompositeFilter$VirtualFilterChain.doFilter(CompositeFilter.java:108)
	at org.springframework.web.filter.CompositeFilter$VirtualFilterChain.doFilter(CompositeFilter.java:108)
	at org.springframework.security.web.FilterChainProxy.lambda$doFilterInternal$3(FilterChainProxy.java:231)
	at org.springframework.security.web.FilterChainProxy$VirtualFilterChain.doFilter(FilterChainProxy.java:365)
	at org.springframework.security.web.access.intercept.AuthorizationFilter.doFilter(AuthorizationFilter.java:101)
	at org.springframework.security.web.FilterChainProxy$VirtualFilterChain.doFilter(FilterChainProxy.java:374)
	at org.springframework.security.web.access.ExceptionTranslationFilter.doFilter(ExceptionTranslationFilter.java:125)
	at org.springframework.security.web.access.ExceptionTranslationFilter.doFilter(ExceptionTranslationFilter.java:119)
	at org.springframework.security.web.FilterChainProxy$VirtualFilterChain.doFilter(FilterChainProxy.java:374)
	at org.springframework.security.web.session.SessionManagementFilter.doFilter(SessionManagementFilter.java:131)
	at org.springframework.security.web.session.SessionManagementFilter.doFilter(SessionManagementFilter.java:85)
	at org.springframework.security.web.FilterChainProxy$VirtualFilterChain.doFilter(FilterChainProxy.java:374)
	at org.springframework.security.web.authentication.AnonymousAuthenticationFilter.doFilter(AnonymousAuthenticationFilter.java:100)
	at org.springframework.security.web.FilterChainProxy$VirtualFilterChain.doFilter(FilterChainProxy.java:374)
	at org.springframework.security.web.servletapi.SecurityContextHolderAwareRequestFilter.doFilter(SecurityContextHolderAwareRequestFilter.java:179)
	at org.springframework.security.web.FilterChainProxy$VirtualFilterChain.doFilter(FilterChainProxy.java:374)
	at org.springframework.security.web.savedrequest.RequestCacheAwareFilter.doFilter(RequestCacheAwareFilter.java:63)
	at org.springframework.security.web.FilterChainProxy$VirtualFilterChain.doFilter(FilterChainProxy.java:374)
	at com.example.backend.config.security.JwtCookieAuthenticationFilter.doFilterInternal(JwtCookieAuthenticationFilter.java:62)
	at org.springframework.web.filter.OncePerRequestFilter.doFilter(OncePerRequestFilter.java:116)
	at org.springframework.security.web.FilterChainProxy$VirtualFilterChain.doFilter(FilterChainProxy.java:374)
	at org.springframework.security.web.authentication.AbstractAuthenticationProcessingFilter.doFilter(AbstractAuthenticationProcessingFilter.java:235)
	at org.springframework.security.web.authentication.AbstractAuthenticationProcessingFilter.doFilter(AbstractAuthenticationProcessingFilter.java:229)
	at org.springframework.security.web.FilterChainProxy$VirtualFilterChain.doFilter(FilterChainProxy.java:374)
	at org.springframework.security.oauth2.client.web.OAuth2AuthorizationRequestRedirectFilter.doFilterInternal(OAuth2AuthorizationRequestRedirectFilter.java:198)
	at org.springframework.web.filter.OncePerRequestFilter.doFilter(OncePerRequestFilter.java:116)
	at org.springframework.security.web.FilterChainProxy$VirtualFilterChain.doFilter(FilterChainProxy.java:374)
	at org.springframework.security.web.authentication.logout.LogoutFilter.doFilter(LogoutFilter.java:107)
	at org.springframework.security.web.authentication.logout.LogoutFilter.doFilter(LogoutFilter.java:93)
	at org.springframework.security.web.FilterChainProxy$VirtualFilterChain.doFilter(FilterChainProxy.java:374)
	at org.springframework.web.filter.CorsFilter.doFilterInternal(CorsFilter.java:91)
	at org.springframework.web.filter.OncePerRequestFilter.doFilter(OncePerRequestFilter.java:116)
	at org.springframework.security.web.FilterChainProxy$VirtualFilterChain.doFilter(FilterChainProxy.java:374)
	at org.springframework.security.web.header.HeaderWriterFilter.doHeadersAfter(HeaderWriterFilter.java:90)
	at org.springframework.security.web.header.HeaderWriterFilter.doFilterInternal(HeaderWriterFilter.java:75)
	at org.springframework.web.filter.OncePerRequestFilter.doFilter(OncePerRequestFilter.java:116)
	at org.springframework.security.web.FilterChainProxy$VirtualFilterChain.doFilter(FilterChainProxy.java:374)
	at org.springframework.security.web.context.SecurityContextHolderFilter.doFilter(SecurityContextHolderFilter.java:82)
	at org.springframework.security.web.context.SecurityContextHolderFilter.doFilter(SecurityContextHolderFilter.java:69)
	at org.springframework.security.web.FilterChainProxy$VirtualFilterChain.doFilter(FilterChainProxy.java:374)
	at org.springframework.security.web.context.request.async.WebAsyncManagerIntegrationFilter.doFilterInternal(WebAsyncManagerIntegrationFilter.java:62)
	at org.springframework.web.filter.OncePerRequestFilter.doFilter(OncePerRequestFilter.java:116)
	at org.springframework.security.web.FilterChainProxy$VirtualFilterChain.doFilter(FilterChainProxy.java:374)
	at org.springframework.security.web.session.DisableEncodeUrlFilter.doFilterInternal(DisableEncodeUrlFilter.java:42)
	at org.springframework.web.filter.OncePerRequestFilter.doFilter(OncePerRequestFilter.java:116)
	at org.springframework.security.web.FilterChainProxy$VirtualFilterChain.doFilter(FilterChainProxy.java:374)
	at org.springframework.security.web.FilterChainProxy.doFilterInternal(FilterChainProxy.java:233)
	at org.springframework.security.web.FilterChainProxy.doFilter(FilterChainProxy.java:191)
	at org.springframework.web.filter.CompositeFilter$VirtualFilterChain.doFilter(CompositeFilter.java:113)
	at org.springframework.web.filter.ServletRequestPathFilter.doFilter(ServletRequestPathFilter.java:52)
	at org.springframework.web.filter.CompositeFilter$VirtualFilterChain.doFilter(CompositeFilter.java:113)
	at org.springframework.web.filter.CompositeFilter.doFilter(CompositeFilter.java:74)
	at org.springframework.security.config.annotation.web.configuration.WebSecurityConfiguration$CompositeFilterChainProxy.doFilter(WebSecurityConfiguration.java:319)
	at org.springframework.web.filter.CompositeFilter$VirtualFilterChain.doFilter(CompositeFilter.java:113)
	at org.springframework.web.servlet.handler.HandlerMappingIntrospector.lambda$createCacheFilter$4(HandlerMappingIntrospector.java:267)
	at org.springframework.web.filter.CompositeFilter$VirtualFilterChain.doFilter(CompositeFilter.java:113)
	at org.springframework.web.filter.CompositeFilter.doFilter(CompositeFilter.java:74)
	at org.springframework.security.config.annotation.web.configuration.WebMvcSecurityConfiguration$CompositeFilterChainProxy.doFilter(WebMvcSecurityConfiguration.java:240)
	at org.springframework.web.filter.DelegatingFilterProxy.invokeDelegate(DelegatingFilterProxy.java:362)
	at org.springframework.web.filter.DelegatingFilterProxy.doFilter(DelegatingFilterProxy.java:278)
	at org.apache.catalina.core.ApplicationFilterChain.internalDoFilter(ApplicationFilterChain.java:164)
	at org.apache.catalina.core.ApplicationFilterChain.doFilter(ApplicationFilterChain.java:140)
	at org.springframework.web.filter.RequestContextFilter.doFilterInternal(RequestContextFilter.java:100)
	at org.springframework.web.filter.OncePerRequestFilter.doFilter(OncePerRequestFilter.java:116)
	at org.apache.catalina.core.ApplicationFilterChain.internalDoFilter(ApplicationFilterChain.java:164)
	at org.apache.catalina.core.ApplicationFilterChain.doFilter(ApplicationFilterChain.java:140)
	at org.springframework.web.filter.FormContentFilter.doFilterInternal(FormContentFilter.java:93)
	at org.springframework.web.filter.OncePerRequestFilter.doFilter(OncePerRequestFilter.java:116)
	at org.apache.catalina.core.ApplicationFilterChain.internalDoFilter(ApplicationFilterChain.java:164)
	at org.apache.catalina.core.ApplicationFilterChain.doFilter(ApplicationFilterChain.java:140)
	at org.springframework.web.filter.CharacterEncodingFilter.doFilterInternal(CharacterEncodingFilter.java:201)
	at org.springframework.web.filter.OncePerRequestFilter.doFilter(OncePerRequestFilter.java:116)
	at org.apache.catalina.core.ApplicationFilterChain.internalDoFilter(ApplicationFilterChain.java:164)
	at org.apache.catalina.core.ApplicationFilterChain.doFilter(ApplicationFilterChain.java:140)
	at org.apache.catalina.core.StandardWrapperValve.invoke(StandardWrapperValve.java:167)
	at org.apache.catalina.core.StandardContextValve.invoke(StandardContextValve.java:90)
	at org.apache.catalina.authenticator.AuthenticatorBase.invoke(AuthenticatorBase.java:483)
	at org.apache.catalina.core.StandardHostValve.invoke(StandardHostValve.java:116)
	at org.apache.catalina.valves.ErrorReportValve.invoke(ErrorReportValve.java:93)
	at org.apache.catalina.core.StandardEngineValve.invoke(StandardEngineValve.java:74)
	at org.apache.catalina.connector.CoyoteAdapter.service(CoyoteAdapter.java:344)
	at org.apache.coyote.http11.Http11Processor.service(Http11Processor.java:398)
	at org.apache.coyote.AbstractProcessorLight.process(AbstractProcessorLight.java:63)
	at org.apache.coyote.AbstractProtocol$ConnectionHandler.process(AbstractProtocol.java:903)
	at org.apache.tomcat.util.net.NioEndpoint$SocketProcessor.doRun(NioEndpoint.java:1769)
	at org.apache.tomcat.util.net.SocketProcessorBase.run(SocketProcessorBase.java:52)
	at org.apache.tomcat.util.threads.ThreadPoolExecutor.runWorker(ThreadPoolExecutor.java:1189)
	at org.apache.tomcat.util.threads.ThreadPoolExecutor$Worker.run(ThreadPoolExecutor.java:658)
	at org.apache.tomcat.util.threads.TaskThread$WrappingRunnable.run(TaskThread.java:63)
	at java.base/java.lang.Thread.run(Thread.java:1583)
2025-08-30 14:14:18 [http-nio-8080-exec-4] WARN  o.s.w.s.m.m.a.ExceptionHandlerExceptionResolver - Resolved [com.example.backend.shared.exceptions.InvalidCredentialsException: Contraseña incorrecta.]
2025-08-30 14:14:18 [http-nio-8080-exec-4] INFO  c.e.b.s.logging.RequestLoggingFilter - [POST] /auth/login -> 401 (75 ms)
2025-08-30 14:14:21 [http-nio-8080-exec-5] INFO  c.e.b.config.security.JwtService - Token válido para el usuario [admin@admin.com]
2025-08-30 14:14:21 [http-nio-8080-exec-5] INFO  c.e.b.u.c.controllers.AuthController - Intento de login para usuario: admin@admin.com
2025-08-30 14:14:21 [http-nio-8080-exec-5] INFO  c.e.b.u.s.implement.LoginService - Intentando autenticar usuario con email: admin@admin.com
2025-08-30 14:14:21 [http-nio-8080-exec-5] INFO  c.e.b.u.s.i.AuthenticationServiceImpl - Último login actualizado para usuario id=1, email=admin@admin.com
2025-08-30 14:14:21 [http-nio-8080-exec-5] INFO  c.e.b.config.security.JwtService - Se generó un nuevo token para el usuario [admin@admin.com], rol: ADMIN
2025-08-30 14:14:21 [http-nio-8080-exec-5] INFO  c.e.b.u.s.i.AuthenticationServiceImpl - JWT generado exitosamente para usuario id=1
2025-08-30 14:14:21 [http-nio-8080-exec-5] INFO  c.e.b.u.s.implement.LoginService - Cookie de autenticación creada y añadida a la respuesta para usuario admin@admin.com
2025-08-30 14:14:21 [http-nio-8080-exec-5] INFO  c.e.b.u.s.implement.GetUserByEmail - Usuario encontrado con email: admin@admin.com
2025-08-30 14:14:21 [http-nio-8080-exec-5] INFO  c.e.b.u.s.implement.LoginService - Usuario admin@admin.com autenticado exitosamente con ID 1
2025-08-30 14:14:21 [http-nio-8080-exec-5] INFO  c.e.b.u.c.controllers.AuthController - Login exitoso para usuario: admin@admin.com
2025-08-30 14:14:21 [http-nio-8080-exec-5] INFO  c.e.b.s.logging.RequestLoggingFilter - [POST] /auth/login -> 200 (223 ms)
2025-08-30 14:14:21 [http-nio-8080-exec-6] INFO  c.e.b.config.security.JwtService - Token válido para el usuario [admin@admin.com]
2025-08-30 14:14:21 [http-nio-8080-exec-6] INFO  c.e.b.a.c.c.DashboardController - Iniciando consulta de métricas para dashboard
2025-08-30 14:14:21 [http-nio-8080-exec-6] INFO  c.e.b.a.c.c.DashboardController - Consulta completada -> Proveedores: 1, Categorías: 5, Usuarios: 3, Promedio: 0.0
2025-08-30 14:14:21 [http-nio-8080-exec-6] INFO  c.e.b.s.logging.RequestLoggingFilter - [GET] /dashboard/metrics -> 200 (72 ms)
2025-08-30 14:14:22 [http-nio-8080-exec-9] INFO  c.e.b.config.security.JwtService - Token válido para el usuario [admin@admin.com]
2025-08-30 14:14:22 [http-nio-8080-exec-9] INFO  c.e.b.a.c.c.DashboardController - Iniciando consulta de métricas para dashboard
2025-08-30 14:14:22 [http-nio-8080-exec-9] INFO  c.e.b.a.c.c.DashboardController - Consulta completada -> Proveedores: 1, Categorías: 5, Usuarios: 3, Promedio: 0.0
2025-08-30 14:14:22 [http-nio-8080-exec-9] INFO  c.e.b.s.logging.RequestLoggingFilter - [GET] /dashboard/metrics -> 200 (21 ms)
2025-08-30 14:14:30 [http-nio-8080-exec-10] INFO  c.e.b.config.security.JwtService - Token válido para el usuario [admin@admin.com]
2025-08-30 14:14:30 [http-nio-8080-exec-10] INFO  c.e.b.u.c.controllers.UserController - Obteniendo usuario en sesión desde la cookie JWT
2025-08-30 14:14:30 [http-nio-8080-exec-10] INFO  c.e.b.users.service.UserService - Obteniendo información del usuario en sesión actual...
2025-08-30 14:14:30 [http-nio-8080-exec-10] INFO  c.e.b.u.s.implement.GetUserSession - Sesión válida encontrada. Usuario autenticado: id=1, email=admin@admin.com
2025-08-30 14:14:30 [http-nio-8080-exec-10] INFO  c.e.b.users.service.UserService - Usuario en sesión recuperado: admin@admin.com
2025-08-30 14:14:30 [http-nio-8080-exec-10] INFO  c.e.b.s.logging.RequestLoggingFilter - [GET] /user/getUserSession -> 200 (12 ms)
2025-08-30 14:14:30 [http-nio-8080-exec-8] INFO  c.e.b.config.security.JwtService - Token válido para el usuario [admin@admin.com]
2025-08-30 14:14:31 [http-nio-8080-exec-8] INFO  c.e.b.u.c.controllers.UserController - Actualizando usuario con ID: 1
2025-08-30 14:14:31 [http-nio-8080-exec-8] INFO  c.e.b.users.service.UserService - Actualizando usuario con ID: 1
2025-08-30 14:14:31 [http-nio-8080-exec-8] INFO  c.e.b.u.service.implement.UpdateUser - Iniciando actualización del usuario con ID: 1
2025-08-30 14:14:31 [http-nio-8080-exec-8] INFO  c.e.b.u.service.implement.UpdateUser - Actualizando datos del usuario ID: 1 -> email: admin@admin.com, username: admin
2025-08-30 14:14:31 [http-nio-8080-exec-8] INFO  c.e.b.u.service.implement.UpdateUser - Usuario con ID 1 actualizado exitosamente
2025-08-30 14:14:31 [http-nio-8080-exec-8] INFO  c.e.b.users.service.UserService - Usuario con ID 1 actualizado correctamente.
2025-08-30 14:14:31 [http-nio-8080-exec-8] INFO  c.e.b.u.c.controllers.UserController - Usuario actualizado correctamente con ID: 1
2025-08-30 14:14:31 [http-nio-8080-exec-8] INFO  c.e.b.s.logging.RequestLoggingFilter - [PUT] /user/1 -> 200 (32 ms)
2025-08-30 14:14:31 [http-nio-8080-exec-1] INFO  c.e.b.config.security.JwtService - Token válido para el usuario [admin@admin.com]
2025-08-30 14:14:31 [http-nio-8080-exec-1] INFO  c.e.b.u.c.controllers.UserController - Obteniendo usuario en sesión desde la cookie JWT
2025-08-30 14:14:31 [http-nio-8080-exec-1] INFO  c.e.b.users.service.UserService - Obteniendo información del usuario en sesión actual...
2025-08-30 14:14:31 [http-nio-8080-exec-1] INFO  c.e.b.u.s.implement.GetUserSession - Sesión válida encontrada. Usuario autenticado: id=1, email=admin@admin.com
2025-08-30 14:14:31 [http-nio-8080-exec-1] INFO  c.e.b.users.service.UserService - Usuario en sesión recuperado: admin@admin.com
2025-08-30 14:14:31 [http-nio-8080-exec-1] INFO  c.e.b.s.logging.RequestLoggingFilter - [GET] /user/getUserSession -> 200 (8 ms)
2025-08-30 14:14:44 [http-nio-8080-exec-3] INFO  c.e.b.config.security.JwtService - Token válido para el usuario [admin@admin.com]
2025-08-30 14:14:44 [http-nio-8080-exec-3] INFO  c.e.b.u.c.controllers.AuthController - Logout solicitado
2025-08-30 14:14:44 [http-nio-8080-exec-3] INFO  c.e.b.u.s.implement.LogoutService - Iniciando proceso de logout: invalidando cookie de autenticación.
2025-08-30 14:14:44 [http-nio-8080-exec-3] INFO  c.e.b.u.s.implement.LogoutService - Cookie de autenticación eliminada correctamente. Logout exitoso.
2025-08-30 14:14:44 [http-nio-8080-exec-3] INFO  c.e.b.u.c.controllers.AuthController - Logout exitoso
2025-08-30 14:14:44 [http-nio-8080-exec-3] INFO  c.e.b.s.logging.RequestLoggingFilter - [POST] /auth/logout -> 200 (6 ms)
2025-08-30 14:14:47 [http-nio-8080-exec-5] INFO  c.e.b.c.s.o.GoogleOAuth2SuccessHandler - ✅ Inicio de autenticación con Google OAuth2
2025-08-30 14:14:47 [http-nio-8080-exec-5] INFO  c.e.b.c.s.o.GoogleOAuth2SuccessHandler - 📧 Usuario autenticado por Google con email: illescasjonathan39@gmail.com
2025-08-30 14:14:47 [http-nio-8080-exec-5] INFO  c.e.b.c.s.o.GoogleOAuth2SuccessHandler - 🕒 Último login actualizado para usuario: illescasjonathan39@gmail.com
2025-08-30 14:14:47 [http-nio-8080-exec-5] INFO  c.e.b.config.security.JwtService - Se generó un nuevo token para el usuario [illescasjonathan39@gmail.com], rol: USER
2025-08-30 14:14:47 [http-nio-8080-exec-5] INFO  c.e.b.c.s.o.GoogleOAuth2SuccessHandler - 🔑 JWT generado y agregado en cookie para usuario illescasjonathan39@gmail.com
2025-08-30 14:14:47 [http-nio-8080-exec-5] INFO  c.e.b.c.s.o.GoogleOAuth2SuccessHandler - ✅ Autenticación exitosa, redirigiendo al frontend
2025-08-30 14:14:47 [http-nio-8080-exec-10] INFO  c.e.b.p.c.c.ProviderController - → [ProviderController] Solicitud para listar proveedores paginados | page=0 | size=5
2025-08-30 14:14:47 [http-nio-8080-exec-10] INFO  c.e.b.p.service.ProviderService - → [ProviderService] Iniciando recuperación de prestadores | página=0 | size=5
2025-08-30 14:14:47 [http-nio-8080-exec-9] INFO  c.e.b.config.security.JwtService - Token válido para el usuario [illescasjonathan39@gmail.com]
2025-08-30 14:14:47 [http-nio-8080-exec-7] INFO  c.e.b.config.security.JwtService - Token válido para el usuario [illescasjonathan39@gmail.com]
2025-08-30 14:14:47 [http-nio-8080-exec-9] INFO  c.e.b.c.c.c.CategoryController - Petición recibida para listar todas las categorías
2025-08-30 14:14:47 [http-nio-8080-exec-9] INFO  c.e.b.c.service.CategoryService - Recuperando todas las categorías...
2025-08-30 14:14:47 [http-nio-8080-exec-9] INFO  c.e.b.c.s.i.GetAllCategories - → [GetAllCategories] Solicitud para obtener todas las categorías ordenadas por nombre
2025-08-30 14:14:47 [http-nio-8080-exec-7] INFO  c.e.b.u.c.controllers.AuthController - Obteniendo sesión actual
2025-08-30 14:14:47 [http-nio-8080-exec-9] INFO  c.e.b.c.s.i.GetAllCategories - ✓ [GetAllCategories] Se recuperaron 5 categorías
2025-08-30 14:14:47 [http-nio-8080-exec-9] INFO  c.e.b.c.service.CategoryService - Se recuperaron 5 categorías
2025-08-30 14:14:47 [http-nio-8080-exec-9] INFO  c.e.b.c.c.c.CategoryController - Se recuperaron 5 categorías
2025-08-30 14:14:47 [http-nio-8080-exec-7] INFO  c.e.b.u.s.implement.GetUserSession - Sesión válida encontrada. Usuario autenticado: id=3, email=illescasjonathan39@gmail.com
2025-08-30 14:14:47 [http-nio-8080-exec-7] INFO  c.e.b.u.c.controllers.AuthController - Sesión obtenida para usuario: illescasjonathan39@gmail.com
2025-08-30 14:14:47 [http-nio-8080-exec-7] INFO  c.e.b.s.logging.RequestLoggingFilter - [GET] /auth/me -> 200 (12 ms)
2025-08-30 14:14:47 [http-nio-8080-exec-9] INFO  c.e.b.s.logging.RequestLoggingFilter - [GET] /api/categories/getAll -> 200 (14 ms)
2025-08-30 14:14:48 [http-nio-8080-exec-8] INFO  c.e.b.config.security.JwtService - Token válido para el usuario [illescasjonathan39@gmail.com]
2025-08-30 14:14:48 [http-nio-8080-exec-1] INFO  c.e.b.config.security.JwtService - Token válido para el usuario [illescasjonathan39@gmail.com]
2025-08-30 14:14:48 [http-nio-8080-exec-8] INFO  c.e.b.u.c.controllers.AuthController - Obteniendo sesión actual
2025-08-30 14:14:48 [http-nio-8080-exec-1] INFO  c.e.b.c.c.c.CategoryController - Petición recibida para listar todas las categorías
2025-08-30 14:14:48 [http-nio-8080-exec-10] INFO  c.e.b.p.service.ProviderService - ✓ [ProviderService] Recuperados 1 prestadores | página=0 de 1 | totalElements=1
2025-08-30 14:14:48 [http-nio-8080-exec-1] INFO  c.e.b.c.service.CategoryService - Recuperando todas las categorías...
2025-08-30 14:14:48 [http-nio-8080-exec-10] INFO  c.e.b.p.c.c.ProviderController - ✓ [ProviderController] Se recuperaron 1 proveedores en la página 0 de 1 (total elementos=1)
2025-08-30 14:14:48 [http-nio-8080-exec-1] INFO  c.e.b.c.s.i.GetAllCategories - → [GetAllCategories] Solicitud para obtener todas las categorías ordenadas por nombre
2025-08-30 14:14:48 [http-nio-8080-exec-1] INFO  c.e.b.c.s.i.GetAllCategories - ✓ [GetAllCategories] Se recuperaron 5 categorías
2025-08-30 14:14:48 [http-nio-8080-exec-10] WARN  o.s.d.w.c.SpringDataJacksonConfiguration$PageModule$WarningLoggingModifier - Serializing PageImpl instances as-is is not supported, meaning that there is no guarantee about the stability of the resulting JSON structure!
	For a stable JSON structure, please use Spring Data's PagedModel (globally via @EnableSpringDataWebSupport(pageSerializationMode = VIA_DTO))
	or Spring HATEOAS and Spring Data's PagedResourcesAssembler as documented in https://docs.spring.io/spring-data/commons/reference/repositories/core-extensions.html#core.web.pageables.

2025-08-30 14:14:48 [http-nio-8080-exec-1] INFO  c.e.b.c.service.CategoryService - Se recuperaron 5 categorías
2025-08-30 14:14:48 [http-nio-8080-exec-1] INFO  c.e.b.c.c.c.CategoryController - Se recuperaron 5 categorías
2025-08-30 14:14:48 [http-nio-8080-exec-8] INFO  c.e.b.u.s.implement.GetUserSession - Sesión válida encontrada. Usuario autenticado: id=3, email=illescasjonathan39@gmail.com
2025-08-30 14:14:48 [http-nio-8080-exec-1] INFO  c.e.b.s.logging.RequestLoggingFilter - [GET] /api/categories/getAll -> 200 (8 ms)
2025-08-30 14:14:48 [http-nio-8080-exec-8] INFO  c.e.b.u.c.controllers.AuthController - Sesión obtenida para usuario: illescasjonathan39@gmail.com
2025-08-30 14:14:48 [http-nio-8080-exec-8] INFO  c.e.b.s.logging.RequestLoggingFilter - [GET] /auth/me -> 200 (10 ms)
2025-08-30 14:14:48 [http-nio-8080-exec-2] INFO  c.e.b.config.security.JwtService - Token válido para el usuario [illescasjonathan39@gmail.com]
2025-08-30 14:14:48 [http-nio-8080-exec-2] INFO  c.e.b.u.c.controllers.AuthController - Obteniendo sesión actual
2025-08-30 14:14:48 [http-nio-8080-exec-10] INFO  c.e.b.s.logging.RequestLoggingFilter - [GET] /api/providers/paged -> 200 (75 ms)
2025-08-30 14:14:48 [http-nio-8080-exec-3] INFO  c.e.b.p.c.c.ProviderController - → [ProviderController] Solicitud para listar proveedores paginados | page=0 | size=5
2025-08-30 14:14:48 [http-nio-8080-exec-3] INFO  c.e.b.p.service.ProviderService - → [ProviderService] Iniciando recuperación de prestadores | página=0 | size=5
2025-08-30 14:14:48 [http-nio-8080-exec-2] INFO  c.e.b.u.s.implement.GetUserSession - Sesión válida encontrada. Usuario autenticado: id=3, email=illescasjonathan39@gmail.com
2025-08-30 14:14:48 [http-nio-8080-exec-2] INFO  c.e.b.u.c.controllers.AuthController - Sesión obtenida para usuario: illescasjonathan39@gmail.com
2025-08-30 14:14:48 [http-nio-8080-exec-2] INFO  c.e.b.s.logging.RequestLoggingFilter - [GET] /auth/me -> 200 (9 ms)
2025-08-30 14:14:48 [http-nio-8080-exec-3] INFO  c.e.b.p.service.ProviderService - ✓ [ProviderService] Recuperados 1 prestadores | página=0 de 1 | totalElements=1
2025-08-30 14:14:48 [http-nio-8080-exec-3] INFO  c.e.b.p.c.c.ProviderController - ✓ [ProviderController] Se recuperaron 1 proveedores en la página 0 de 1 (total elementos=1)
2025-08-30 14:14:48 [http-nio-8080-exec-3] INFO  c.e.b.s.logging.RequestLoggingFilter - [GET] /api/providers/paged -> 200 (12 ms)
2025-08-30 14:14:48 [http-nio-8080-exec-4] INFO  c.e.b.p.c.c.ProviderController - → [ProviderController] Solicitud para listar proveedores paginados | page=0 | size=5
2025-08-30 14:14:48 [http-nio-8080-exec-4] INFO  c.e.b.p.service.ProviderService - → [ProviderService] Iniciando recuperación de prestadores | página=0 | size=5
2025-08-30 14:14:48 [http-nio-8080-exec-4] INFO  c.e.b.p.service.ProviderService - ✓ [ProviderService] Recuperados 1 prestadores | página=0 de 1 | totalElements=1
2025-08-30 14:14:48 [http-nio-8080-exec-4] INFO  c.e.b.p.c.c.ProviderController - ✓ [ProviderController] Se recuperaron 1 proveedores en la página 0 de 1 (total elementos=1)
2025-08-30 14:14:48 [http-nio-8080-exec-4] INFO  c.e.b.s.logging.RequestLoggingFilter - [GET] /api/providers/paged -> 200 (12 ms)
2025-08-30 14:14:48 [http-nio-8080-exec-6] INFO  c.e.b.config.security.JwtService - Token válido para el usuario [illescasjonathan39@gmail.com]
2025-08-30 14:14:48 [http-nio-8080-exec-6] INFO  c.e.b.s.logging.RequestLoggingFilter - [GET] /uploads/proveedores/352dc430-ee0b-418e-b4cb-8401ec7f4c98.png -> 200 (8 ms)
2025-08-30 14:14:48 [http-nio-8080-exec-7] INFO  c.e.b.p.c.c.ProviderController - → [ProviderController] Solicitud para listar proveedores paginados | page=0 | size=5
2025-08-30 14:14:48 [http-nio-8080-exec-7] INFO  c.e.b.p.service.ProviderService - → [ProviderService] Iniciando recuperación de prestadores | página=0 | size=5
2025-08-30 14:14:48 [http-nio-8080-exec-7] INFO  c.e.b.p.service.ProviderService - ✓ [ProviderService] Recuperados 1 prestadores | página=0 de 1 | totalElements=1
2025-08-30 14:14:48 [http-nio-8080-exec-7] INFO  c.e.b.p.c.c.ProviderController - ✓ [ProviderController] Se recuperaron 1 proveedores en la página 0 de 1 (total elementos=1)
2025-08-30 14:14:48 [http-nio-8080-exec-5] INFO  c.e.b.config.security.JwtService - Token válido para el usuario [illescasjonathan39@gmail.com]
2025-08-30 14:14:48 [http-nio-8080-exec-5] INFO  c.e.b.c.c.c.CategoryController - Petición recibida para listar todas las categorías
2025-08-30 14:14:48 [http-nio-8080-exec-7] INFO  c.e.b.s.logging.RequestLoggingFilter - [GET] /api/providers/paged -> 200 (17 ms)
2025-08-30 14:14:48 [http-nio-8080-exec-5] INFO  c.e.b.c.service.CategoryService - Recuperando todas las categorías...
2025-08-30 14:14:48 [http-nio-8080-exec-5] INFO  c.e.b.c.s.i.GetAllCategories - → [GetAllCategories] Solicitud para obtener todas las categorías ordenadas por nombre
2025-08-30 14:14:48 [http-nio-8080-exec-9] INFO  c.e.b.p.c.c.ProviderController - → [ProviderController] Solicitud para listar proveedores paginados | page=0 | size=5
2025-08-30 14:14:48 [http-nio-8080-exec-5] INFO  c.e.b.c.s.i.GetAllCategories - ✓ [GetAllCategories] Se recuperaron 5 categorías
2025-08-30 14:14:48 [http-nio-8080-exec-9] INFO  c.e.b.p.service.ProviderService - → [ProviderService] Iniciando recuperación de prestadores | página=0 | size=5
2025-08-30 14:14:48 [http-nio-8080-exec-5] INFO  c.e.b.c.service.CategoryService - Se recuperaron 5 categorías
2025-08-30 14:14:48 [http-nio-8080-exec-5] INFO  c.e.b.c.c.c.CategoryController - Se recuperaron 5 categorías
2025-08-30 14:14:48 [http-nio-8080-exec-5] INFO  c.e.b.s.logging.RequestLoggingFilter - [GET] /api/categories/getAll -> 200 (8 ms)
2025-08-30 14:14:48 [http-nio-8080-exec-9] INFO  c.e.b.p.service.ProviderService - ✓ [ProviderService] Recuperados 1 prestadores | página=0 de 1 | totalElements=1
2025-08-30 14:14:48 [http-nio-8080-exec-9] INFO  c.e.b.p.c.c.ProviderController - ✓ [ProviderController] Se recuperaron 1 proveedores en la página 0 de 1 (total elementos=1)
2025-08-30 14:14:48 [http-nio-8080-exec-9] INFO  c.e.b.s.logging.RequestLoggingFilter - [GET] /api/providers/paged -> 200 (15 ms)
2025-08-30 14:14:48 [http-nio-8080-exec-1] INFO  c.e.b.config.security.JwtService - Token válido para el usuario [illescasjonathan39@gmail.com]
2025-08-30 14:14:48 [http-nio-8080-exec-10] INFO  c.e.b.p.c.c.ProviderController - → [ProviderController] Solicitud para listar proveedores paginados | page=0 | size=5
2025-08-30 14:14:48 [http-nio-8080-exec-10] INFO  c.e.b.p.service.ProviderService - → [ProviderService] Iniciando recuperación de prestadores | página=0 | size=5
2025-08-30 14:14:48 [http-nio-8080-exec-1] INFO  c.e.b.c.c.c.CategoryController - Petición recibida para listar todas las categorías
2025-08-30 14:14:48 [http-nio-8080-exec-1] INFO  c.e.b.c.service.CategoryService - Recuperando todas las categorías...
2025-08-30 14:14:48 [http-nio-8080-exec-1] INFO  c.e.b.c.s.i.GetAllCategories - → [GetAllCategories] Solicitud para obtener todas las categorías ordenadas por nombre
2025-08-30 14:14:48 [http-nio-8080-exec-8] INFO  c.e.b.config.security.JwtService - Token válido para el usuario [illescasjonathan39@gmail.com]
2025-08-30 14:14:48 [http-nio-8080-exec-1] INFO  c.e.b.c.s.i.GetAllCategories - ✓ [GetAllCategories] Se recuperaron 5 categorías
2025-08-30 14:14:48 [http-nio-8080-exec-1] INFO  c.e.b.c.service.CategoryService - Se recuperaron 5 categorías
2025-08-30 14:14:48 [http-nio-8080-exec-1] INFO  c.e.b.c.c.c.CategoryController - Se recuperaron 5 categorías
2025-08-30 14:14:48 [http-nio-8080-exec-8] INFO  c.e.b.s.logging.RequestLoggingFilter - [GET] /uploads/proveedores/352dc430-ee0b-418e-b4cb-8401ec7f4c98.png -> 200 (4 ms)
2025-08-30 14:14:48 [http-nio-8080-exec-1] INFO  c.e.b.s.logging.RequestLoggingFilter - [GET] /api/categories/getAll -> 200 (7 ms)
2025-08-30 14:14:48 [http-nio-8080-exec-10] INFO  c.e.b.p.service.ProviderService - ✓ [ProviderService] Recuperados 1 prestadores | página=0 de 1 | totalElements=1
2025-08-30 14:14:48 [http-nio-8080-exec-10] INFO  c.e.b.p.c.c.ProviderController - ✓ [ProviderController] Se recuperaron 1 proveedores en la página 0 de 1 (total elementos=1)
2025-08-30 14:14:48 [http-nio-8080-exec-10] INFO  c.e.b.s.logging.RequestLoggingFilter - [GET] /api/providers/paged -> 200 (15 ms)
2025-08-30 14:14:56 [http-nio-8080-exec-3] INFO  c.e.b.config.security.JwtService - Token válido para el usuario [illescasjonathan39@gmail.com]
2025-08-30 14:14:56 [http-nio-8080-exec-3] INFO  c.e.b.users.service.UserService - Obteniendo información del usuario en sesión actual...
2025-08-30 14:14:56 [http-nio-8080-exec-3] INFO  c.e.b.u.s.implement.GetUserSession - Sesión válida encontrada. Usuario autenticado: id=3, email=illescasjonathan39@gmail.com
2025-08-30 14:14:56 [http-nio-8080-exec-3] INFO  c.e.b.users.service.UserService - Usuario en sesión recuperado: illescasjonathan39@gmail.com
2025-08-30 14:14:56 [http-nio-8080-exec-3] INFO  c.e.b.users.service.UserService - Atualizando username de usuario por email: illescasjonathan39@gmail.com
2025-08-30 14:14:56 [http-nio-8080-exec-3] INFO  c.e.b.u.s.implement.UpdateLoggedUser - Actualizando username para el mail: illescasjonathan39@gmail.com
2025-08-30 14:14:56 [http-nio-8080-exec-3] INFO  c.e.b.u.s.implement.UpdateLoggedUser - Username actualizado correctamente para email: illescasjonathan39@gmail.com
2025-08-30 14:14:56 [http-nio-8080-exec-3] INFO  c.e.b.users.service.UserService - Actualizacion realizada correctamente para: illescasjonathan39@gmail.com
2025-08-30 14:14:56 [http-nio-8080-exec-3] INFO  c.e.b.s.logging.RequestLoggingFilter - [PUT] /user/updateLoggedUser -> 200 (23 ms)
2025-08-30 14:14:56 [http-nio-8080-exec-4] INFO  c.e.b.config.security.JwtService - Token válido para el usuario [illescasjonathan39@gmail.com]
2025-08-30 14:14:56 [http-nio-8080-exec-4] INFO  c.e.b.u.c.controllers.UserController - Obteniendo usuario en sesión desde la cookie JWT
2025-08-30 14:14:56 [http-nio-8080-exec-4] INFO  c.e.b.users.service.UserService - Obteniendo información del usuario en sesión actual...
2025-08-30 14:14:56 [http-nio-8080-exec-4] INFO  c.e.b.u.s.implement.GetUserSession - Sesión válida encontrada. Usuario autenticado: id=3, email=illescasjonathan39@gmail.com
2025-08-30 14:14:56 [http-nio-8080-exec-4] INFO  c.e.b.users.service.UserService - Usuario en sesión recuperado: illescasjonathan39@gmail.com
2025-08-30 14:14:56 [http-nio-8080-exec-4] INFO  c.e.b.s.logging.RequestLoggingFilter - [GET] /user/getUserSession -> 200 (6 ms)
2025-08-30 14:15:14 [http-nio-8080-exec-7] INFO  c.e.b.config.security.JwtService - Token válido para el usuario [illescasjonathan39@gmail.com]
2025-08-30 14:15:14 [http-nio-8080-exec-7] INFO  c.e.b.u.c.controllers.AuthController - Logout solicitado
2025-08-30 14:15:14 [http-nio-8080-exec-7] INFO  c.e.b.u.s.implement.LogoutService - Iniciando proceso de logout: invalidando cookie de autenticación.
2025-08-30 14:15:14 [http-nio-8080-exec-7] INFO  c.e.b.u.s.implement.LogoutService - Cookie de autenticación eliminada correctamente. Logout exitoso.
2025-08-30 14:15:14 [http-nio-8080-exec-7] INFO  c.e.b.u.c.controllers.AuthController - Logout exitoso
2025-08-30 14:15:14 [http-nio-8080-exec-7] INFO  c.e.b.s.logging.RequestLoggingFilter - [POST] /auth/logout -> 200 (2 ms)
2025-08-30 14:15:22 [http-nio-8080-exec-1] INFO  c.e.b.u.c.controllers.AuthController - Intento de login para usuario: admin@admin.com
2025-08-30 14:15:22 [http-nio-8080-exec-1] INFO  c.e.b.u.s.implement.LoginService - Intentando autenticar usuario con email: admin@admin.com
2025-08-30 14:15:22 [http-nio-8080-exec-1] INFO  c.e.b.u.s.i.AuthenticationServiceImpl - Último login actualizado para usuario id=1, email=admin@admin.com
2025-08-30 14:15:22 [http-nio-8080-exec-1] INFO  c.e.b.config.security.JwtService - Se generó un nuevo token para el usuario [admin@admin.com], rol: ADMIN
2025-08-30 14:15:22 [http-nio-8080-exec-1] INFO  c.e.b.u.s.i.AuthenticationServiceImpl - JWT generado exitosamente para usuario id=1
2025-08-30 14:15:22 [http-nio-8080-exec-1] INFO  c.e.b.u.s.implement.LoginService - Cookie de autenticación creada y añadida a la respuesta para usuario admin@admin.com
2025-08-30 14:15:22 [http-nio-8080-exec-1] INFO  c.e.b.u.s.implement.GetUserByEmail - Usuario encontrado con email: admin@admin.com
2025-08-30 14:15:22 [http-nio-8080-exec-1] INFO  c.e.b.u.s.implement.LoginService - Usuario admin@admin.com autenticado exitosamente con ID 1
2025-08-30 14:15:22 [http-nio-8080-exec-1] INFO  c.e.b.u.c.controllers.AuthController - Login exitoso para usuario: admin@admin.com
2025-08-30 14:15:22 [http-nio-8080-exec-1] INFO  c.e.b.s.logging.RequestLoggingFilter - [POST] /auth/login -> 200 (78 ms)
2025-08-30 14:15:22 [http-nio-8080-exec-10] INFO  c.e.b.config.security.JwtService - Token válido para el usuario [admin@admin.com]
2025-08-30 14:15:22 [http-nio-8080-exec-10] INFO  c.e.b.a.c.c.DashboardController - Iniciando consulta de métricas para dashboard
2025-08-30 14:15:22 [http-nio-8080-exec-10] INFO  c.e.b.a.c.c.DashboardController - Consulta completada -> Proveedores: 1, Categorías: 5, Usuarios: 3, Promedio: 0.0
2025-08-30 14:15:22 [http-nio-8080-exec-10] INFO  c.e.b.s.logging.RequestLoggingFilter - [GET] /dashboard/metrics -> 200 (16 ms)
2025-08-30 14:15:22 [http-nio-8080-exec-2] INFO  c.e.b.config.security.JwtService - Token válido para el usuario [admin@admin.com]
2025-08-30 14:15:22 [http-nio-8080-exec-2] INFO  c.e.b.a.c.c.DashboardController - Iniciando consulta de métricas para dashboard
2025-08-30 14:15:22 [http-nio-8080-exec-2] INFO  c.e.b.a.c.c.DashboardController - Consulta completada -> Proveedores: 1, Categorías: 5, Usuarios: 3, Promedio: 0.0
2025-08-30 14:15:22 [http-nio-8080-exec-2] INFO  c.e.b.s.logging.RequestLoggingFilter - [GET] /dashboard/metrics -> 200 (20 ms)
2025-08-30 14:15:42 [http-nio-8080-exec-4] INFO  c.e.b.config.security.JwtService - Token válido para el usuario [admin@admin.com]
2025-08-30 14:15:42 [http-nio-8080-exec-4] INFO  c.e.b.u.c.controllers.AuthController - Logout solicitado
2025-08-30 14:15:42 [http-nio-8080-exec-4] INFO  c.e.b.u.s.implement.LogoutService - Iniciando proceso de logout: invalidando cookie de autenticación.
2025-08-30 14:15:42 [http-nio-8080-exec-4] INFO  c.e.b.u.s.implement.LogoutService - Cookie de autenticación eliminada correctamente. Logout exitoso.
2025-08-30 14:15:42 [http-nio-8080-exec-4] INFO  c.e.b.u.c.controllers.AuthController - Logout exitoso
2025-08-30 14:15:42 [http-nio-8080-exec-4] INFO  c.e.b.s.logging.RequestLoggingFilter - [POST] /auth/logout -> 200 (1 ms)
2025-08-30 14:17:48 [http-nio-8080-exec-9] INFO  c.e.b.u.c.controllers.AuthController - Intento de login para usuario: admin@admin.com
2025-08-30 14:17:48 [http-nio-8080-exec-9] INFO  c.e.b.u.s.implement.LoginService - Intentando autenticar usuario con email: admin@admin.com
2025-08-30 14:17:48 [http-nio-8080-exec-9] INFO  c.e.b.u.s.i.AuthenticationServiceImpl - Último login actualizado para usuario id=1, email=admin@admin.com
2025-08-30 14:17:48 [http-nio-8080-exec-9] INFO  c.e.b.config.security.JwtService - Se generó un nuevo token para el usuario [admin@admin.com], rol: ADMIN
2025-08-30 14:17:48 [http-nio-8080-exec-9] INFO  c.e.b.u.s.i.AuthenticationServiceImpl - JWT generado exitosamente para usuario id=1
2025-08-30 14:17:48 [http-nio-8080-exec-9] INFO  c.e.b.u.s.implement.LoginService - Cookie de autenticación creada y añadida a la respuesta para usuario admin@admin.com
2025-08-30 14:17:48 [http-nio-8080-exec-9] INFO  c.e.b.u.s.implement.GetUserByEmail - Usuario encontrado con email: admin@admin.com
2025-08-30 14:17:48 [http-nio-8080-exec-9] INFO  c.e.b.u.s.implement.LoginService - Usuario admin@admin.com autenticado exitosamente con ID 1
2025-08-30 14:17:48 [http-nio-8080-exec-9] INFO  c.e.b.u.c.controllers.AuthController - Login exitoso para usuario: admin@admin.com
2025-08-30 14:17:48 [http-nio-8080-exec-9] INFO  c.e.b.s.logging.RequestLoggingFilter - [POST] /auth/login -> 200 (79 ms)
2025-08-30 14:17:48 [http-nio-8080-exec-5] INFO  c.e.b.config.security.JwtService - Token válido para el usuario [admin@admin.com]
2025-08-30 14:17:48 [http-nio-8080-exec-5] INFO  c.e.b.a.c.c.DashboardController - Iniciando consulta de métricas para dashboard
2025-08-30 14:17:48 [http-nio-8080-exec-5] INFO  c.e.b.a.c.c.DashboardController - Consulta completada -> Proveedores: 1, Categorías: 5, Usuarios: 3, Promedio: 0.0
2025-08-30 14:17:48 [http-nio-8080-exec-5] INFO  c.e.b.s.logging.RequestLoggingFilter - [GET] /dashboard/metrics -> 200 (15 ms)
2025-08-30 14:17:48 [http-nio-8080-exec-8] INFO  c.e.b.config.security.JwtService - Token válido para el usuario [admin@admin.com]
2025-08-30 14:17:48 [http-nio-8080-exec-8] INFO  c.e.b.a.c.c.DashboardController - Iniciando consulta de métricas para dashboard
2025-08-30 14:17:48 [http-nio-8080-exec-8] INFO  c.e.b.a.c.c.DashboardController - Consulta completada -> Proveedores: 1, Categorías: 5, Usuarios: 3, Promedio: 0.0
2025-08-30 14:17:48 [http-nio-8080-exec-8] INFO  c.e.b.s.logging.RequestLoggingFilter - [GET] /dashboard/metrics -> 200 (18 ms)
2025-08-30 14:23:36 [http-nio-8080-exec-4] INFO  c.e.b.config.security.JwtService - Token válido para el usuario [admin@admin.com]
2025-08-30 14:23:36 [http-nio-8080-exec-4] INFO  c.e.b.u.c.controllers.UserController - Intentando registrar un nuevo usuario con email: juan@chila.com
2025-08-30 14:23:36 [http-nio-8080-exec-4] INFO  c.e.b.users.service.UserService - Registrando nuevo usuario con email: juan@chila.com
2025-08-30 14:23:36 [http-nio-8080-exec-4] INFO  c.e.b.u.s.implement.RegisterUser - Iniciando registro de usuario con email: juan@chila.com y username: juan
2025-08-30 14:23:36 [http-nio-8080-exec-4] INFO  c.e.b.u.s.implement.RegisterUser - Usuario registrado exitosamente con ID: 4 y email: juan@chila.com
2025-08-30 14:23:36 [http-nio-8080-exec-4] INFO  c.e.b.users.service.UserService - Usuario juan@chila.com registrado correctamente.
2025-08-30 14:23:36 [http-nio-8080-exec-4] INFO  c.e.b.u.c.controllers.UserController - Usuario registrado correctamente con email: juan@chila.com
2025-08-30 14:23:36 [http-nio-8080-exec-4] INFO  c.e.b.s.logging.RequestLoggingFilter - [POST] /user/userRegister -> 201 (92 ms)
2025-08-30 14:30:10 [http-nio-8080-exec-5] INFO  c.e.b.config.security.JwtService - Token válido para el usuario [admin@admin.com]
2025-08-30 14:30:10 [http-nio-8080-exec-5] INFO  c.e.b.u.c.controllers.AuthController - Intento de login para usuario: admin@admin.com
2025-08-30 14:30:10 [http-nio-8080-exec-5] INFO  c.e.b.u.s.implement.LoginService - Intentando autenticar usuario con email: admin@admin.com
2025-08-30 14:30:10 [http-nio-8080-exec-5] ERROR c.e.b.u.s.i.AuthenticationServiceImpl - Contraseña incorrecta para usuario email=admin@admin.com
2025-08-30 14:30:10 [http-nio-8080-exec-5] WARN  c.e.b.s.e.GlobalExceptionHandler - ❌ Credenciales inválidas: Contraseña incorrecta.
com.example.backend.shared.exceptions.InvalidCredentialsException: Contraseña incorrecta.
	at com.example.backend.users.service.implement.AuthenticationServiceImpl.login(AuthenticationServiceImpl.java:57)
	at com.example.backend.users.service.implement.LoginService.execute(LoginService.java:32)
	at com.example.backend.users.controller.controllers.AuthController.login(AuthController.java:53)
	at java.base/jdk.internal.reflect.DirectMethodHandleAccessor.invoke(DirectMethodHandleAccessor.java:103)
	at java.base/java.lang.reflect.Method.invoke(Method.java:580)
	at org.springframework.web.method.support.InvocableHandlerMethod.doInvoke(InvocableHandlerMethod.java:258)
	at org.springframework.web.method.support.InvocableHandlerMethod.invokeForRequest(InvocableHandlerMethod.java:191)
	at org.springframework.web.servlet.mvc.method.annotation.ServletInvocableHandlerMethod.invokeAndHandle(ServletInvocableHandlerMethod.java:118)
	at org.springframework.web.servlet.mvc.method.annotation.RequestMappingHandlerAdapter.invokeHandlerMethod(RequestMappingHandlerAdapter.java:991)
	at org.springframework.web.servlet.mvc.method.annotation.RequestMappingHandlerAdapter.handleInternal(RequestMappingHandlerAdapter.java:896)
	at org.springframework.web.servlet.mvc.method.AbstractHandlerMethodAdapter.handle(AbstractHandlerMethodAdapter.java:87)
	at org.springframework.web.servlet.DispatcherServlet.doDispatch(DispatcherServlet.java:1089)
	at org.springframework.web.servlet.DispatcherServlet.doService(DispatcherServlet.java:979)
	at org.springframework.web.servlet.FrameworkServlet.processRequest(FrameworkServlet.java:1014)
	at org.springframework.web.servlet.FrameworkServlet.doPost(FrameworkServlet.java:914)
	at jakarta.servlet.http.HttpServlet.service(HttpServlet.java:590)
	at org.springframework.web.servlet.FrameworkServlet.service(FrameworkServlet.java:885)
	at jakarta.servlet.http.HttpServlet.service(HttpServlet.java:658)
	at org.apache.catalina.core.ApplicationFilterChain.internalDoFilter(ApplicationFilterChain.java:195)
	at org.apache.catalina.core.ApplicationFilterChain.doFilter(ApplicationFilterChain.java:140)
	at org.apache.tomcat.websocket.server.WsFilter.doFilter(WsFilter.java:51)
	at org.apache.catalina.core.ApplicationFilterChain.internalDoFilter(ApplicationFilterChain.java:164)
	at org.apache.catalina.core.ApplicationFilterChain.doFilter(ApplicationFilterChain.java:140)
	at com.example.backend.shared.logging.RequestLoggingFilter.doFilterInternal(RequestLoggingFilter.java:29)
	at org.springframework.web.filter.OncePerRequestFilter.doFilter(OncePerRequestFilter.java:116)
	at org.apache.catalina.core.ApplicationFilterChain.internalDoFilter(ApplicationFilterChain.java:164)
	at org.apache.catalina.core.ApplicationFilterChain.doFilter(ApplicationFilterChain.java:140)
	at org.springframework.web.filter.OncePerRequestFilter.doFilter(OncePerRequestFilter.java:110)
	at org.apache.catalina.core.ApplicationFilterChain.internalDoFilter(ApplicationFilterChain.java:164)
	at org.apache.catalina.core.ApplicationFilterChain.doFilter(ApplicationFilterChain.java:140)
	at org.springframework.web.filter.CompositeFilter$VirtualFilterChain.doFilter(CompositeFilter.java:108)
	at org.springframework.web.filter.CompositeFilter$VirtualFilterChain.doFilter(CompositeFilter.java:108)
	at org.springframework.security.web.FilterChainProxy.lambda$doFilterInternal$3(FilterChainProxy.java:231)
	at org.springframework.security.web.FilterChainProxy$VirtualFilterChain.doFilter(FilterChainProxy.java:365)
	at org.springframework.security.web.access.intercept.AuthorizationFilter.doFilter(AuthorizationFilter.java:101)
	at org.springframework.security.web.FilterChainProxy$VirtualFilterChain.doFilter(FilterChainProxy.java:374)
	at org.springframework.security.web.access.ExceptionTranslationFilter.doFilter(ExceptionTranslationFilter.java:125)
	at org.springframework.security.web.access.ExceptionTranslationFilter.doFilter(ExceptionTranslationFilter.java:119)
	at org.springframework.security.web.FilterChainProxy$VirtualFilterChain.doFilter(FilterChainProxy.java:374)
	at org.springframework.security.web.session.SessionManagementFilter.doFilter(SessionManagementFilter.java:131)
	at org.springframework.security.web.session.SessionManagementFilter.doFilter(SessionManagementFilter.java:85)
	at org.springframework.security.web.FilterChainProxy$VirtualFilterChain.doFilter(FilterChainProxy.java:374)
	at org.springframework.security.web.authentication.AnonymousAuthenticationFilter.doFilter(AnonymousAuthenticationFilter.java:100)
	at org.springframework.security.web.FilterChainProxy$VirtualFilterChain.doFilter(FilterChainProxy.java:374)
	at org.springframework.security.web.servletapi.SecurityContextHolderAwareRequestFilter.doFilter(SecurityContextHolderAwareRequestFilter.java:179)
	at org.springframework.security.web.FilterChainProxy$VirtualFilterChain.doFilter(FilterChainProxy.java:374)
	at org.springframework.security.web.savedrequest.RequestCacheAwareFilter.doFilter(RequestCacheAwareFilter.java:63)
	at org.springframework.security.web.FilterChainProxy$VirtualFilterChain.doFilter(FilterChainProxy.java:374)
	at com.example.backend.config.security.JwtCookieAuthenticationFilter.doFilterInternal(JwtCookieAuthenticationFilter.java:62)
	at org.springframework.web.filter.OncePerRequestFilter.doFilter(OncePerRequestFilter.java:116)
	at org.springframework.security.web.FilterChainProxy$VirtualFilterChain.doFilter(FilterChainProxy.java:374)
	at org.springframework.security.web.authentication.AbstractAuthenticationProcessingFilter.doFilter(AbstractAuthenticationProcessingFilter.java:235)
	at org.springframework.security.web.authentication.AbstractAuthenticationProcessingFilter.doFilter(AbstractAuthenticationProcessingFilter.java:229)
	at org.springframework.security.web.FilterChainProxy$VirtualFilterChain.doFilter(FilterChainProxy.java:374)
	at org.springframework.security.oauth2.client.web.OAuth2AuthorizationRequestRedirectFilter.doFilterInternal(OAuth2AuthorizationRequestRedirectFilter.java:198)
	at org.springframework.web.filter.OncePerRequestFilter.doFilter(OncePerRequestFilter.java:116)
	at org.springframework.security.web.FilterChainProxy$VirtualFilterChain.doFilter(FilterChainProxy.java:374)
	at org.springframework.security.web.authentication.logout.LogoutFilter.doFilter(LogoutFilter.java:107)
	at org.springframework.security.web.authentication.logout.LogoutFilter.doFilter(LogoutFilter.java:93)
	at org.springframework.security.web.FilterChainProxy$VirtualFilterChain.doFilter(FilterChainProxy.java:374)
	at org.springframework.web.filter.CorsFilter.doFilterInternal(CorsFilter.java:91)
	at org.springframework.web.filter.OncePerRequestFilter.doFilter(OncePerRequestFilter.java:116)
	at org.springframework.security.web.FilterChainProxy$VirtualFilterChain.doFilter(FilterChainProxy.java:374)
	at org.springframework.security.web.header.HeaderWriterFilter.doHeadersAfter(HeaderWriterFilter.java:90)
	at org.springframework.security.web.header.HeaderWriterFilter.doFilterInternal(HeaderWriterFilter.java:75)
	at org.springframework.web.filter.OncePerRequestFilter.doFilter(OncePerRequestFilter.java:116)
	at org.springframework.security.web.FilterChainProxy$VirtualFilterChain.doFilter(FilterChainProxy.java:374)
	at org.springframework.security.web.context.SecurityContextHolderFilter.doFilter(SecurityContextHolderFilter.java:82)
	at org.springframework.security.web.context.SecurityContextHolderFilter.doFilter(SecurityContextHolderFilter.java:69)
	at org.springframework.security.web.FilterChainProxy$VirtualFilterChain.doFilter(FilterChainProxy.java:374)
	at org.springframework.security.web.context.request.async.WebAsyncManagerIntegrationFilter.doFilterInternal(WebAsyncManagerIntegrationFilter.java:62)
	at org.springframework.web.filter.OncePerRequestFilter.doFilter(OncePerRequestFilter.java:116)
	at org.springframework.security.web.FilterChainProxy$VirtualFilterChain.doFilter(FilterChainProxy.java:374)
	at org.springframework.security.web.session.DisableEncodeUrlFilter.doFilterInternal(DisableEncodeUrlFilter.java:42)
	at org.springframework.web.filter.OncePerRequestFilter.doFilter(OncePerRequestFilter.java:116)
	at org.springframework.security.web.FilterChainProxy$VirtualFilterChain.doFilter(FilterChainProxy.java:374)
	at org.springframework.security.web.FilterChainProxy.doFilterInternal(FilterChainProxy.java:233)
	at org.springframework.security.web.FilterChainProxy.doFilter(FilterChainProxy.java:191)
	at org.springframework.web.filter.CompositeFilter$VirtualFilterChain.doFilter(CompositeFilter.java:113)
	at org.springframework.web.filter.ServletRequestPathFilter.doFilter(ServletRequestPathFilter.java:52)
	at org.springframework.web.filter.CompositeFilter$VirtualFilterChain.doFilter(CompositeFilter.java:113)
	at org.springframework.web.filter.CompositeFilter.doFilter(CompositeFilter.java:74)
	at org.springframework.security.config.annotation.web.configuration.WebSecurityConfiguration$CompositeFilterChainProxy.doFilter(WebSecurityConfiguration.java:319)
	at org.springframework.web.filter.CompositeFilter$VirtualFilterChain.doFilter(CompositeFilter.java:113)
	at org.springframework.web.servlet.handler.HandlerMappingIntrospector.lambda$createCacheFilter$4(HandlerMappingIntrospector.java:267)
	at org.springframework.web.filter.CompositeFilter$VirtualFilterChain.doFilter(CompositeFilter.java:113)
	at org.springframework.web.filter.CompositeFilter.doFilter(CompositeFilter.java:74)
	at org.springframework.security.config.annotation.web.configuration.WebMvcSecurityConfiguration$CompositeFilterChainProxy.doFilter(WebMvcSecurityConfiguration.java:240)
	at org.springframework.web.filter.DelegatingFilterProxy.invokeDelegate(DelegatingFilterProxy.java:362)
	at org.springframework.web.filter.DelegatingFilterProxy.doFilter(DelegatingFilterProxy.java:278)
	at org.apache.catalina.core.ApplicationFilterChain.internalDoFilter(ApplicationFilterChain.java:164)
	at org.apache.catalina.core.ApplicationFilterChain.doFilter(ApplicationFilterChain.java:140)
	at org.springframework.web.filter.RequestContextFilter.doFilterInternal(RequestContextFilter.java:100)
	at org.springframework.web.filter.OncePerRequestFilter.doFilter(OncePerRequestFilter.java:116)
	at org.apache.catalina.core.ApplicationFilterChain.internalDoFilter(ApplicationFilterChain.java:164)
	at org.apache.catalina.core.ApplicationFilterChain.doFilter(ApplicationFilterChain.java:140)
	at org.springframework.web.filter.FormContentFilter.doFilterInternal(FormContentFilter.java:93)
	at org.springframework.web.filter.OncePerRequestFilter.doFilter(OncePerRequestFilter.java:116)
	at org.apache.catalina.core.ApplicationFilterChain.internalDoFilter(ApplicationFilterChain.java:164)
	at org.apache.catalina.core.ApplicationFilterChain.doFilter(ApplicationFilterChain.java:140)
	at org.springframework.web.filter.CharacterEncodingFilter.doFilterInternal(CharacterEncodingFilter.java:201)
	at org.springframework.web.filter.OncePerRequestFilter.doFilter(OncePerRequestFilter.java:116)
	at org.apache.catalina.core.ApplicationFilterChain.internalDoFilter(ApplicationFilterChain.java:164)
	at org.apache.catalina.core.ApplicationFilterChain.doFilter(ApplicationFilterChain.java:140)
	at org.apache.catalina.core.StandardWrapperValve.invoke(StandardWrapperValve.java:167)
	at org.apache.catalina.core.StandardContextValve.invoke(StandardContextValve.java:90)
	at org.apache.catalina.authenticator.AuthenticatorBase.invoke(AuthenticatorBase.java:483)
	at org.apache.catalina.core.StandardHostValve.invoke(StandardHostValve.java:116)
	at org.apache.catalina.valves.ErrorReportValve.invoke(ErrorReportValve.java:93)
	at org.apache.catalina.core.StandardEngineValve.invoke(StandardEngineValve.java:74)
	at org.apache.catalina.connector.CoyoteAdapter.service(CoyoteAdapter.java:344)
	at org.apache.coyote.http11.Http11Processor.service(Http11Processor.java:398)
	at org.apache.coyote.AbstractProcessorLight.process(AbstractProcessorLight.java:63)
	at org.apache.coyote.AbstractProtocol$ConnectionHandler.process(AbstractProtocol.java:903)
	at org.apache.tomcat.util.net.NioEndpoint$SocketProcessor.doRun(NioEndpoint.java:1769)
	at org.apache.tomcat.util.net.SocketProcessorBase.run(SocketProcessorBase.java:52)
	at org.apache.tomcat.util.threads.ThreadPoolExecutor.runWorker(ThreadPoolExecutor.java:1189)
	at org.apache.tomcat.util.threads.ThreadPoolExecutor$Worker.run(ThreadPoolExecutor.java:658)
	at org.apache.tomcat.util.threads.TaskThread$WrappingRunnable.run(TaskThread.java:63)
	at java.base/java.lang.Thread.run(Thread.java:1583)
2025-08-30 14:30:10 [http-nio-8080-exec-5] WARN  o.s.w.s.m.m.a.ExceptionHandlerExceptionResolver - Resolved [com.example.backend.shared.exceptions.InvalidCredentialsException: Contraseña incorrecta.]
2025-08-30 14:30:10 [http-nio-8080-exec-5] INFO  c.e.b.s.logging.RequestLoggingFilter - [POST] /auth/login -> 401 (69 ms)
2025-08-30 14:30:15 [http-nio-8080-exec-1] INFO  c.e.b.config.security.JwtService - Token válido para el usuario [admin@admin.com]
2025-08-30 14:30:15 [http-nio-8080-exec-1] INFO  c.e.b.u.c.controllers.AuthController - Intento de login para usuario: admin@admin.com
2025-08-30 14:30:15 [http-nio-8080-exec-1] INFO  c.e.b.u.s.implement.LoginService - Intentando autenticar usuario con email: admin@admin.com
2025-08-30 14:30:15 [http-nio-8080-exec-1] ERROR c.e.b.u.s.i.AuthenticationServiceImpl - Contraseña incorrecta para usuario email=admin@admin.com
2025-08-30 14:30:15 [http-nio-8080-exec-1] WARN  c.e.b.s.e.GlobalExceptionHandler - ❌ Credenciales inválidas: Contraseña incorrecta.
com.example.backend.shared.exceptions.InvalidCredentialsException: Contraseña incorrecta.
	at com.example.backend.users.service.implement.AuthenticationServiceImpl.login(AuthenticationServiceImpl.java:57)
	at com.example.backend.users.service.implement.LoginService.execute(LoginService.java:32)
	at com.example.backend.users.controller.controllers.AuthController.login(AuthController.java:53)
	at java.base/jdk.internal.reflect.DirectMethodHandleAccessor.invoke(DirectMethodHandleAccessor.java:103)
	at java.base/java.lang.reflect.Method.invoke(Method.java:580)
	at org.springframework.web.method.support.InvocableHandlerMethod.doInvoke(InvocableHandlerMethod.java:258)
	at org.springframework.web.method.support.InvocableHandlerMethod.invokeForRequest(InvocableHandlerMethod.java:191)
	at org.springframework.web.servlet.mvc.method.annotation.ServletInvocableHandlerMethod.invokeAndHandle(ServletInvocableHandlerMethod.java:118)
	at org.springframework.web.servlet.mvc.method.annotation.RequestMappingHandlerAdapter.invokeHandlerMethod(RequestMappingHandlerAdapter.java:991)
	at org.springframework.web.servlet.mvc.method.annotation.RequestMappingHandlerAdapter.handleInternal(RequestMappingHandlerAdapter.java:896)
	at org.springframework.web.servlet.mvc.method.AbstractHandlerMethodAdapter.handle(AbstractHandlerMethodAdapter.java:87)
	at org.springframework.web.servlet.DispatcherServlet.doDispatch(DispatcherServlet.java:1089)
	at org.springframework.web.servlet.DispatcherServlet.doService(DispatcherServlet.java:979)
	at org.springframework.web.servlet.FrameworkServlet.processRequest(FrameworkServlet.java:1014)
	at org.springframework.web.servlet.FrameworkServlet.doPost(FrameworkServlet.java:914)
	at jakarta.servlet.http.HttpServlet.service(HttpServlet.java:590)
	at org.springframework.web.servlet.FrameworkServlet.service(FrameworkServlet.java:885)
	at jakarta.servlet.http.HttpServlet.service(HttpServlet.java:658)
	at org.apache.catalina.core.ApplicationFilterChain.internalDoFilter(ApplicationFilterChain.java:195)
	at org.apache.catalina.core.ApplicationFilterChain.doFilter(ApplicationFilterChain.java:140)
	at org.apache.tomcat.websocket.server.WsFilter.doFilter(WsFilter.java:51)
	at org.apache.catalina.core.ApplicationFilterChain.internalDoFilter(ApplicationFilterChain.java:164)
	at org.apache.catalina.core.ApplicationFilterChain.doFilter(ApplicationFilterChain.java:140)
	at com.example.backend.shared.logging.RequestLoggingFilter.doFilterInternal(RequestLoggingFilter.java:29)
	at org.springframework.web.filter.OncePerRequestFilter.doFilter(OncePerRequestFilter.java:116)
	at org.apache.catalina.core.ApplicationFilterChain.internalDoFilter(ApplicationFilterChain.java:164)
	at org.apache.catalina.core.ApplicationFilterChain.doFilter(ApplicationFilterChain.java:140)
	at org.springframework.web.filter.OncePerRequestFilter.doFilter(OncePerRequestFilter.java:110)
	at org.apache.catalina.core.ApplicationFilterChain.internalDoFilter(ApplicationFilterChain.java:164)
	at org.apache.catalina.core.ApplicationFilterChain.doFilter(ApplicationFilterChain.java:140)
	at org.springframework.web.filter.CompositeFilter$VirtualFilterChain.doFilter(CompositeFilter.java:108)
	at org.springframework.web.filter.CompositeFilter$VirtualFilterChain.doFilter(CompositeFilter.java:108)
	at org.springframework.security.web.FilterChainProxy.lambda$doFilterInternal$3(FilterChainProxy.java:231)
	at org.springframework.security.web.FilterChainProxy$VirtualFilterChain.doFilter(FilterChainProxy.java:365)
	at org.springframework.security.web.access.intercept.AuthorizationFilter.doFilter(AuthorizationFilter.java:101)
	at org.springframework.security.web.FilterChainProxy$VirtualFilterChain.doFilter(FilterChainProxy.java:374)
	at org.springframework.security.web.access.ExceptionTranslationFilter.doFilter(ExceptionTranslationFilter.java:125)
	at org.springframework.security.web.access.ExceptionTranslationFilter.doFilter(ExceptionTranslationFilter.java:119)
	at org.springframework.security.web.FilterChainProxy$VirtualFilterChain.doFilter(FilterChainProxy.java:374)
	at org.springframework.security.web.session.SessionManagementFilter.doFilter(SessionManagementFilter.java:131)
	at org.springframework.security.web.session.SessionManagementFilter.doFilter(SessionManagementFilter.java:85)
	at org.springframework.security.web.FilterChainProxy$VirtualFilterChain.doFilter(FilterChainProxy.java:374)
	at org.springframework.security.web.authentication.AnonymousAuthenticationFilter.doFilter(AnonymousAuthenticationFilter.java:100)
	at org.springframework.security.web.FilterChainProxy$VirtualFilterChain.doFilter(FilterChainProxy.java:374)
	at org.springframework.security.web.servletapi.SecurityContextHolderAwareRequestFilter.doFilter(SecurityContextHolderAwareRequestFilter.java:179)
	at org.springframework.security.web.FilterChainProxy$VirtualFilterChain.doFilter(FilterChainProxy.java:374)
	at org.springframework.security.web.savedrequest.RequestCacheAwareFilter.doFilter(RequestCacheAwareFilter.java:63)
	at org.springframework.security.web.FilterChainProxy$VirtualFilterChain.doFilter(FilterChainProxy.java:374)
	at com.example.backend.config.security.JwtCookieAuthenticationFilter.doFilterInternal(JwtCookieAuthenticationFilter.java:62)
	at org.springframework.web.filter.OncePerRequestFilter.doFilter(OncePerRequestFilter.java:116)
	at org.springframework.security.web.FilterChainProxy$VirtualFilterChain.doFilter(FilterChainProxy.java:374)
	at org.springframework.security.web.authentication.AbstractAuthenticationProcessingFilter.doFilter(AbstractAuthenticationProcessingFilter.java:235)
	at org.springframework.security.web.authentication.AbstractAuthenticationProcessingFilter.doFilter(AbstractAuthenticationProcessingFilter.java:229)
	at org.springframework.security.web.FilterChainProxy$VirtualFilterChain.doFilter(FilterChainProxy.java:374)
	at org.springframework.security.oauth2.client.web.OAuth2AuthorizationRequestRedirectFilter.doFilterInternal(OAuth2AuthorizationRequestRedirectFilter.java:198)
	at org.springframework.web.filter.OncePerRequestFilter.doFilter(OncePerRequestFilter.java:116)
	at org.springframework.security.web.FilterChainProxy$VirtualFilterChain.doFilter(FilterChainProxy.java:374)
	at org.springframework.security.web.authentication.logout.LogoutFilter.doFilter(LogoutFilter.java:107)
	at org.springframework.security.web.authentication.logout.LogoutFilter.doFilter(LogoutFilter.java:93)
	at org.springframework.security.web.FilterChainProxy$VirtualFilterChain.doFilter(FilterChainProxy.java:374)
	at org.springframework.web.filter.CorsFilter.doFilterInternal(CorsFilter.java:91)
	at org.springframework.web.filter.OncePerRequestFilter.doFilter(OncePerRequestFilter.java:116)
	at org.springframework.security.web.FilterChainProxy$VirtualFilterChain.doFilter(FilterChainProxy.java:374)
	at org.springframework.security.web.header.HeaderWriterFilter.doHeadersAfter(HeaderWriterFilter.java:90)
	at org.springframework.security.web.header.HeaderWriterFilter.doFilterInternal(HeaderWriterFilter.java:75)
	at org.springframework.web.filter.OncePerRequestFilter.doFilter(OncePerRequestFilter.java:116)
	at org.springframework.security.web.FilterChainProxy$VirtualFilterChain.doFilter(FilterChainProxy.java:374)
	at org.springframework.security.web.context.SecurityContextHolderFilter.doFilter(SecurityContextHolderFilter.java:82)
	at org.springframework.security.web.context.SecurityContextHolderFilter.doFilter(SecurityContextHolderFilter.java:69)
	at org.springframework.security.web.FilterChainProxy$VirtualFilterChain.doFilter(FilterChainProxy.java:374)
	at org.springframework.security.web.context.request.async.WebAsyncManagerIntegrationFilter.doFilterInternal(WebAsyncManagerIntegrationFilter.java:62)
	at org.springframework.web.filter.OncePerRequestFilter.doFilter(OncePerRequestFilter.java:116)
	at org.springframework.security.web.FilterChainProxy$VirtualFilterChain.doFilter(FilterChainProxy.java:374)
	at org.springframework.security.web.session.DisableEncodeUrlFilter.doFilterInternal(DisableEncodeUrlFilter.java:42)
	at org.springframework.web.filter.OncePerRequestFilter.doFilter(OncePerRequestFilter.java:116)
	at org.springframework.security.web.FilterChainProxy$VirtualFilterChain.doFilter(FilterChainProxy.java:374)
	at org.springframework.security.web.FilterChainProxy.doFilterInternal(FilterChainProxy.java:233)
	at org.springframework.security.web.FilterChainProxy.doFilter(FilterChainProxy.java:191)
	at org.springframework.web.filter.CompositeFilter$VirtualFilterChain.doFilter(CompositeFilter.java:113)
	at org.springframework.web.filter.ServletRequestPathFilter.doFilter(ServletRequestPathFilter.java:52)
	at org.springframework.web.filter.CompositeFilter$VirtualFilterChain.doFilter(CompositeFilter.java:113)
	at org.springframework.web.filter.CompositeFilter.doFilter(CompositeFilter.java:74)
	at org.springframework.security.config.annotation.web.configuration.WebSecurityConfiguration$CompositeFilterChainProxy.doFilter(WebSecurityConfiguration.java:319)
	at org.springframework.web.filter.CompositeFilter$VirtualFilterChain.doFilter(CompositeFilter.java:113)
	at org.springframework.web.servlet.handler.HandlerMappingIntrospector.lambda$createCacheFilter$4(HandlerMappingIntrospector.java:267)
	at org.springframework.web.filter.CompositeFilter$VirtualFilterChain.doFilter(CompositeFilter.java:113)
	at org.springframework.web.filter.CompositeFilter.doFilter(CompositeFilter.java:74)
	at org.springframework.security.config.annotation.web.configuration.WebMvcSecurityConfiguration$CompositeFilterChainProxy.doFilter(WebMvcSecurityConfiguration.java:240)
	at org.springframework.web.filter.DelegatingFilterProxy.invokeDelegate(DelegatingFilterProxy.java:362)
	at org.springframework.web.filter.DelegatingFilterProxy.doFilter(DelegatingFilterProxy.java:278)
	at org.apache.catalina.core.ApplicationFilterChain.internalDoFilter(ApplicationFilterChain.java:164)
	at org.apache.catalina.core.ApplicationFilterChain.doFilter(ApplicationFilterChain.java:140)
	at org.springframework.web.filter.RequestContextFilter.doFilterInternal(RequestContextFilter.java:100)
	at org.springframework.web.filter.OncePerRequestFilter.doFilter(OncePerRequestFilter.java:116)
	at org.apache.catalina.core.ApplicationFilterChain.internalDoFilter(ApplicationFilterChain.java:164)
	at org.apache.catalina.core.ApplicationFilterChain.doFilter(ApplicationFilterChain.java:140)
	at org.springframework.web.filter.FormContentFilter.doFilterInternal(FormContentFilter.java:93)
	at org.springframework.web.filter.OncePerRequestFilter.doFilter(OncePerRequestFilter.java:116)
	at org.apache.catalina.core.ApplicationFilterChain.internalDoFilter(ApplicationFilterChain.java:164)
	at org.apache.catalina.core.ApplicationFilterChain.doFilter(ApplicationFilterChain.java:140)
	at org.springframework.web.filter.CharacterEncodingFilter.doFilterInternal(CharacterEncodingFilter.java:201)
	at org.springframework.web.filter.OncePerRequestFilter.doFilter(OncePerRequestFilter.java:116)
	at org.apache.catalina.core.ApplicationFilterChain.internalDoFilter(ApplicationFilterChain.java:164)
	at org.apache.catalina.core.ApplicationFilterChain.doFilter(ApplicationFilterChain.java:140)
	at org.apache.catalina.core.StandardWrapperValve.invoke(StandardWrapperValve.java:167)
	at org.apache.catalina.core.StandardContextValve.invoke(StandardContextValve.java:90)
	at org.apache.catalina.authenticator.AuthenticatorBase.invoke(AuthenticatorBase.java:483)
	at org.apache.catalina.core.StandardHostValve.invoke(StandardHostValve.java:116)
	at org.apache.catalina.valves.ErrorReportValve.invoke(ErrorReportValve.java:93)
	at org.apache.catalina.core.StandardEngineValve.invoke(StandardEngineValve.java:74)
	at org.apache.catalina.connector.CoyoteAdapter.service(CoyoteAdapter.java:344)
	at org.apache.coyote.http11.Http11Processor.service(Http11Processor.java:398)
	at org.apache.coyote.AbstractProcessorLight.process(AbstractProcessorLight.java:63)
	at org.apache.coyote.AbstractProtocol$ConnectionHandler.process(AbstractProtocol.java:903)
	at org.apache.tomcat.util.net.NioEndpoint$SocketProcessor.doRun(NioEndpoint.java:1769)
	at org.apache.tomcat.util.net.SocketProcessorBase.run(SocketProcessorBase.java:52)
	at org.apache.tomcat.util.threads.ThreadPoolExecutor.runWorker(ThreadPoolExecutor.java:1189)
	at org.apache.tomcat.util.threads.ThreadPoolExecutor$Worker.run(ThreadPoolExecutor.java:658)
	at org.apache.tomcat.util.threads.TaskThread$WrappingRunnable.run(TaskThread.java:63)
	at java.base/java.lang.Thread.run(Thread.java:1583)
2025-08-30 14:30:15 [http-nio-8080-exec-1] WARN  o.s.w.s.m.m.a.ExceptionHandlerExceptionResolver - Resolved [com.example.backend.shared.exceptions.InvalidCredentialsException: Contraseña incorrecta.]
2025-08-30 14:30:15 [http-nio-8080-exec-1] INFO  c.e.b.s.logging.RequestLoggingFilter - [POST] /auth/login -> 401 (69 ms)
2025-08-30 14:30:20 [http-nio-8080-exec-10] INFO  c.e.b.config.security.JwtService - Token válido para el usuario [admin@admin.com]
2025-08-30 14:30:20 [http-nio-8080-exec-10] INFO  c.e.b.u.c.controllers.AuthController - Intento de login para usuario: admin@admin.com
2025-08-30 14:30:20 [http-nio-8080-exec-10] INFO  c.e.b.u.s.implement.LoginService - Intentando autenticar usuario con email: admin@admin.com
2025-08-30 14:30:20 [http-nio-8080-exec-10] INFO  c.e.b.u.s.i.AuthenticationServiceImpl - Último login actualizado para usuario id=1, email=admin@admin.com
2025-08-30 14:30:20 [http-nio-8080-exec-10] INFO  c.e.b.config.security.JwtService - Se generó un nuevo token para el usuario [admin@admin.com], rol: ADMIN
2025-08-30 14:30:20 [http-nio-8080-exec-10] INFO  c.e.b.u.s.i.AuthenticationServiceImpl - JWT generado exitosamente para usuario id=1
2025-08-30 14:30:20 [http-nio-8080-exec-10] INFO  c.e.b.u.s.implement.LoginService - Cookie de autenticación creada y añadida a la respuesta para usuario admin@admin.com
2025-08-30 14:30:20 [http-nio-8080-exec-10] INFO  c.e.b.u.s.implement.GetUserByEmail - Usuario encontrado con email: admin@admin.com
2025-08-30 14:30:20 [http-nio-8080-exec-10] INFO  c.e.b.u.s.implement.LoginService - Usuario admin@admin.com autenticado exitosamente con ID 1
2025-08-30 14:30:20 [http-nio-8080-exec-10] INFO  c.e.b.u.c.controllers.AuthController - Login exitoso para usuario: admin@admin.com
2025-08-30 14:30:20 [http-nio-8080-exec-10] INFO  c.e.b.s.logging.RequestLoggingFilter - [POST] /auth/login -> 200 (81 ms)
2025-08-30 14:30:20 [http-nio-8080-exec-2] INFO  c.e.b.config.security.JwtService - Token válido para el usuario [admin@admin.com]
2025-08-30 14:30:20 [http-nio-8080-exec-2] INFO  c.e.b.a.c.c.DashboardController - Iniciando consulta de métricas para dashboard
2025-08-30 14:30:20 [http-nio-8080-exec-2] INFO  c.e.b.a.c.c.DashboardController - Consulta completada -> Proveedores: 1, Categorías: 5, Usuarios: 4, Promedio: 0.0
2025-08-30 14:30:20 [http-nio-8080-exec-2] INFO  c.e.b.s.logging.RequestLoggingFilter - [GET] /dashboard/metrics -> 200 (15 ms)
2025-08-30 14:30:20 [http-nio-8080-exec-3] INFO  c.e.b.config.security.JwtService - Token válido para el usuario [admin@admin.com]
2025-08-30 14:30:20 [http-nio-8080-exec-3] INFO  c.e.b.a.c.c.DashboardController - Iniciando consulta de métricas para dashboard
2025-08-30 14:30:20 [http-nio-8080-exec-3] INFO  c.e.b.a.c.c.DashboardController - Consulta completada -> Proveedores: 1, Categorías: 5, Usuarios: 4, Promedio: 0.0
2025-08-30 14:30:20 [http-nio-8080-exec-3] INFO  c.e.b.s.logging.RequestLoggingFilter - [GET] /dashboard/metrics -> 200 (19 ms)
2025-08-30 14:30:48 [http-nio-8080-exec-7] INFO  c.e.b.config.security.JwtService - Token válido para el usuario [admin@admin.com]
2025-08-30 14:30:48 [http-nio-8080-exec-7] INFO  c.e.b.u.c.controllers.UserController - Intentando registrar un nuevo usuario con email: jose@lios.com
2025-08-30 14:30:48 [http-nio-8080-exec-7] INFO  c.e.b.users.service.UserService - Registrando nuevo usuario con email: jose@lios.com
2025-08-30 14:30:48 [http-nio-8080-exec-7] INFO  c.e.b.u.s.implement.RegisterUser - Iniciando registro de usuario con email: jose@lios.com y username: julia
2025-08-30 14:30:48 [http-nio-8080-exec-7] INFO  c.e.b.u.s.implement.RegisterUser - Usuario registrado exitosamente con ID: 5 y email: jose@lios.com
2025-08-30 14:30:48 [http-nio-8080-exec-7] INFO  c.e.b.users.service.UserService - Usuario jose@lios.com registrado correctamente.
2025-08-30 14:30:48 [http-nio-8080-exec-7] INFO  c.e.b.u.c.controllers.UserController - Usuario registrado correctamente con email: jose@lios.com
2025-08-30 14:30:48 [http-nio-8080-exec-7] INFO  c.e.b.s.logging.RequestLoggingFilter - [POST] /user/userRegister -> 201 (73 ms)
2025-08-30 14:38:54 [SpringApplicationShutdownHook] INFO  o.s.b.w.e.tomcat.GracefulShutdown - Commencing graceful shutdown. Waiting for active requests to complete
2025-08-30 14:38:54 [tomcat-shutdown] INFO  o.s.b.w.e.tomcat.GracefulShutdown - Graceful shutdown complete
2025-08-30 14:38:54 [SpringApplicationShutdownHook] INFO  o.s.o.j.LocalContainerEntityManagerFactoryBean - Closing JPA EntityManagerFactory for persistence unit 'default'
2025-08-30 14:38:54 [SpringApplicationShutdownHook] INFO  com.zaxxer.hikari.HikariDataSource - HikariPool-1 - Shutdown initiated...
2025-08-30 14:38:54 [SpringApplicationShutdownHook] INFO  com.zaxxer.hikari.HikariDataSource - HikariPool-1 - Shutdown completed.
2025-08-30 14:39:07 [background-preinit] INFO  o.h.validator.internal.util.Version - HV000001: Hibernate Validator 8.0.2.Final
2025-08-30 14:39:07 [restartedMain] INFO  c.e.backend.PublicidadWebApplication - Starting PublicidadWebApplication using Java 21.0.6 with PID 21132 (C:\Users\jonii\OneDrive\Escritorio\Proyectos\MONOLITOS\SISTEMA DE PUBLICIDAD\Publicidad-Web\BackendPublicacionWeb\publicacionWeb\target\classes started by jonii in C:\Users\jonii\OneDrive\Escritorio\Proyectos\MONOLITOS\SISTEMA DE PUBLICIDAD\Publicidad-Web\BackendPublicacionWeb)
2025-08-30 14:39:07 [restartedMain] INFO  c.e.backend.PublicidadWebApplication - The following 1 profile is active: "dev"
2025-08-30 14:39:07 [restartedMain] INFO  o.s.b.d.e.DevToolsPropertyDefaultsPostProcessor - Devtools property defaults active! Set 'spring.devtools.add-properties' to 'false' to disable
2025-08-30 14:39:07 [restartedMain] INFO  o.s.b.d.e.DevToolsPropertyDefaultsPostProcessor - For additional web related logging consider setting the 'logging.level.web' property to 'DEBUG'
2025-08-30 14:39:09 [restartedMain] INFO  o.s.d.r.c.RepositoryConfigurationDelegate - Bootstrapping Spring Data JPA repositories in DEFAULT mode.
2025-08-30 14:39:09 [restartedMain] INFO  o.s.d.r.c.RepositoryConfigurationDelegate - Finished Spring Data repository scanning in 197 ms. Found 7 JPA repository interfaces.
2025-08-30 14:39:10 [restartedMain] INFO  o.s.b.w.e.tomcat.TomcatWebServer - Tomcat initialized with port 8080 (http)
2025-08-30 14:39:10 [restartedMain] INFO  o.a.coyote.http11.Http11NioProtocol - Initializing ProtocolHandler ["http-nio-8080"]
2025-08-30 14:39:10 [restartedMain] INFO  o.a.catalina.core.StandardService - Starting service [Tomcat]
2025-08-30 14:39:10 [restartedMain] INFO  o.a.catalina.core.StandardEngine - Starting Servlet engine: [Apache Tomcat/10.1.43]
2025-08-30 14:39:10 [restartedMain] INFO  o.a.c.c.C.[Tomcat].[localhost].[/] - Initializing Spring embedded WebApplicationContext
2025-08-30 14:39:10 [restartedMain] INFO  o.s.b.w.s.c.ServletWebServerApplicationContext - Root WebApplicationContext: initialization completed in 3296 ms
2025-08-30 14:39:11 [restartedMain] INFO  o.h.jpa.internal.util.LogHelper - HHH000204: Processing PersistenceUnitInfo [name: default]
2025-08-30 14:39:11 [restartedMain] INFO  org.hibernate.Version - HHH000412: Hibernate ORM core version 6.6.22.Final
2025-08-30 14:39:11 [restartedMain] INFO  o.h.c.i.RegionFactoryInitiator - HHH000026: Second-level cache disabled
2025-08-30 14:39:11 [restartedMain] INFO  o.s.o.j.p.SpringPersistenceUnitInfo - No LoadTimeWeaver setup: ignoring JPA class transformer
2025-08-30 14:39:11 [restartedMain] INFO  com.zaxxer.hikari.HikariDataSource - HikariPool-1 - Starting...
2025-08-30 14:39:12 [restartedMain] INFO  com.zaxxer.hikari.pool.HikariPool - HikariPool-1 - Added connection com.mysql.cj.jdbc.ConnectionImpl@3dad7cf9
2025-08-30 14:39:12 [restartedMain] INFO  com.zaxxer.hikari.HikariDataSource - HikariPool-1 - Start completed.
2025-08-30 14:39:12 [restartedMain] WARN  org.hibernate.orm.deprecation - HHH90000025: MySQL8Dialect does not need to be specified explicitly using 'hibernate.dialect' (remove the property setting and it will be selected by default)
2025-08-30 14:39:12 [restartedMain] WARN  org.hibernate.orm.deprecation - HHH90000026: MySQL8Dialect has been deprecated; use org.hibernate.dialect.MySQLDialect instead
2025-08-30 14:39:12 [restartedMain] INFO  o.hibernate.orm.connections.pooling - HHH10001005: Database info:
	Database JDBC URL [Connecting through datasource 'HikariDataSource (HikariPool-1)']
	Database driver: undefined/unknown
	Database version: 8.0
	Autocommit mode: undefined/unknown
	Isolation level: undefined/unknown
	Minimum pool size: undefined/unknown
	Maximum pool size: undefined/unknown
2025-08-30 14:39:13 [restartedMain] INFO  o.h.e.t.j.p.i.JtaPlatformInitiator - HHH000489: No JTA platform available (set 'hibernate.transaction.jta.platform' to enable JTA platform integration)
2025-08-30 14:39:13 [restartedMain] INFO  o.s.o.j.LocalContainerEntityManagerFactoryBean - Initialized JPA EntityManagerFactory for persistence unit 'default'
2025-08-30 14:39:14 [restartedMain] INFO  c.e.b.users.service.UserService - Ejecutando inserción de usuario ADMIN inicial...
2025-08-30 14:39:14 [restartedMain] INFO  c.e.b.users.service.UserService - Usuario ADMIN insertado correctamente (si no existía).
2025-08-30 14:39:14 [restartedMain] INFO  o.s.d.j.r.query.QueryEnhancerFactory - Hibernate is in classpath; If applicable, HQL parser will be used.
2025-08-30 14:39:15 [restartedMain] INFO  o.s.s.c.a.a.c.InitializeAuthenticationProviderBeanManagerConfigurer$InitializeAuthenticationProviderManagerConfigurer - Global AuthenticationManager configured with AuthenticationProvider bean with name authenticationProvider
2025-08-30 14:39:15 [restartedMain] WARN  o.s.s.c.a.a.c.InitializeUserDetailsBeanManagerConfigurer$InitializeUserDetailsManagerConfigurer - Global AuthenticationManager configured with an AuthenticationProvider bean. UserDetailsService beans will not be used by Spring Security for automatically configuring username/password login. Consider removing the AuthenticationProvider bean. Alternatively, consider using the UserDetailsService in a manually instantiated DaoAuthenticationProvider. If the current configuration is intentional, to turn off this warning, increase the logging level of 'org.springframework.security.config.annotation.authentication.configuration.InitializeUserDetailsBeanManagerConfigurer' to ERROR
2025-08-30 14:39:16 [restartedMain] WARN  o.s.b.a.o.j.JpaBaseConfiguration$JpaWebConfiguration - spring.jpa.open-in-view is enabled by default. Therefore, database queries may be performed during view rendering. Explicitly configure spring.jpa.open-in-view to disable this warning
2025-08-30 14:39:17 [restartedMain] INFO  o.s.b.d.a.OptionalLiveReloadServer - LiveReload server is running on port 35729
2025-08-30 14:39:17 [restartedMain] INFO  o.a.coyote.http11.Http11NioProtocol - Starting ProtocolHandler ["http-nio-8080"]
2025-08-30 14:39:17 [restartedMain] INFO  o.s.b.w.e.tomcat.TomcatWebServer - Tomcat started on port 8080 (http) with context path '/'
2025-08-30 14:39:17 [restartedMain] INFO  c.e.backend.PublicidadWebApplication - Started PublicidadWebApplication in 10.4 seconds (process running for 11.128)
2025-08-30 14:39:39 [http-nio-8080-exec-1] INFO  o.a.c.c.C.[Tomcat].[localhost].[/] - Initializing Spring DispatcherServlet 'dispatcherServlet'
2025-08-30 14:39:39 [http-nio-8080-exec-1] INFO  o.s.web.servlet.DispatcherServlet - Initializing Servlet 'dispatcherServlet'
2025-08-30 14:39:39 [http-nio-8080-exec-1] INFO  o.s.web.servlet.DispatcherServlet - Completed initialization in 1 ms
2025-08-30 14:39:39 [http-nio-8080-exec-3] INFO  c.e.b.config.security.JwtService - Token válido para el usuario [admin@admin.com]
2025-08-30 14:39:39 [http-nio-8080-exec-3] INFO  c.e.b.u.c.controllers.UserController - Intentando registrar un nuevo usuario con email: jajaja@jaja.com
2025-08-30 14:39:39 [http-nio-8080-exec-3] INFO  c.e.b.users.service.UserService - Registrando nuevo usuario con email: jajaja@jaja.com
2025-08-30 14:39:39 [http-nio-8080-exec-3] INFO  c.e.b.u.s.implement.RegisterUser - Iniciando registro de usuario con email: jajaja@jaja.com y username: ja ja ja
2025-08-30 14:39:40 [http-nio-8080-exec-3] INFO  c.e.b.u.s.implement.RegisterUser - Usuario registrado exitosamente con ID: 6 y email: jajaja@jaja.com
2025-08-30 14:39:40 [http-nio-8080-exec-3] INFO  c.e.b.users.service.UserService - Usuario jajaja@jaja.com registrado correctamente.
2025-08-30 14:39:40 [http-nio-8080-exec-3] INFO  c.e.b.u.c.controllers.UserController - Usuario registrado correctamente con email: jajaja@jaja.com
2025-08-30 14:39:40 [http-nio-8080-exec-3] INFO  c.e.b.s.logging.RequestLoggingFilter - [POST] /user/userRegister -> 201 (332 ms)
2025-08-30 14:39:45 [http-nio-8080-exec-6] INFO  c.e.b.config.security.JwtService - Token válido para el usuario [admin@admin.com]
2025-08-30 14:39:45 [http-nio-8080-exec-6] INFO  c.e.b.u.c.controllers.UserController - Obteniendo lista de todos los usuarios
2025-08-30 14:39:45 [http-nio-8080-exec-6] INFO  c.e.b.users.service.UserService - Obteniendo la lista completa de usuarios...
2025-08-30 14:39:45 [http-nio-8080-exec-6] INFO  c.e.b.u.s.implement.GetAllUsers - Se encontraron 6 usuarios en la base de datos
2025-08-30 14:39:45 [http-nio-8080-exec-6] INFO  c.e.b.users.service.UserService - Se recuperaron 6 usuarios.
2025-08-30 14:39:45 [http-nio-8080-exec-6] INFO  c.e.b.s.logging.RequestLoggingFilter - [GET] /user/getUsers -> 200 (33 ms)
2025-08-30 14:39:45 [http-nio-8080-exec-5] INFO  c.e.b.config.security.JwtService - Token válido para el usuario [admin@admin.com]
2025-08-30 14:39:45 [http-nio-8080-exec-5] INFO  c.e.b.u.c.controllers.UserController - Obteniendo lista de todos los usuarios
2025-08-30 14:39:45 [http-nio-8080-exec-5] INFO  c.e.b.users.service.UserService - Obteniendo la lista completa de usuarios...
2025-08-30 14:39:45 [http-nio-8080-exec-5] INFO  c.e.b.u.s.implement.GetAllUsers - Se encontraron 6 usuarios en la base de datos
2025-08-30 14:39:45 [http-nio-8080-exec-5] INFO  c.e.b.users.service.UserService - Se recuperaron 6 usuarios.
2025-08-30 14:39:45 [http-nio-8080-exec-5] INFO  c.e.b.s.logging.RequestLoggingFilter - [GET] /user/getUsers -> 200 (10 ms)
2025-08-30 14:40:04 [http-nio-8080-exec-4] INFO  c.e.b.config.security.JwtService - Token válido para el usuario [admin@admin.com]
2025-08-30 14:40:04 [http-nio-8080-exec-4] INFO  c.e.b.u.c.controllers.UserController - Intentando registrar un nuevo usuario con email: jiji@jiji.com
2025-08-30 14:40:04 [http-nio-8080-exec-4] INFO  c.e.b.users.service.UserService - Registrando nuevo usuario con email: jiji@jiji.com
2025-08-30 14:40:04 [http-nio-8080-exec-4] INFO  c.e.b.u.s.implement.RegisterUser - Iniciando registro de usuario con email: jiji@jiji.com y username: jiji
2025-08-30 14:40:04 [http-nio-8080-exec-4] INFO  c.e.b.u.s.implement.RegisterUser - Usuario registrado exitosamente con ID: 7 y email: jiji@jiji.com
2025-08-30 14:40:04 [http-nio-8080-exec-4] INFO  c.e.b.users.service.UserService - Usuario jiji@jiji.com registrado correctamente.
2025-08-30 14:40:04 [http-nio-8080-exec-4] INFO  c.e.b.u.c.controllers.UserController - Usuario registrado correctamente con email: jiji@jiji.com
2025-08-30 14:40:04 [http-nio-8080-exec-4] INFO  c.e.b.s.logging.RequestLoggingFilter - [POST] /user/userRegister -> 201 (83 ms)
2025-08-30 14:40:27 [http-nio-8080-exec-8] INFO  c.e.b.p.c.c.ProviderController - → [ProviderController] Solicitud para listar proveedores paginados | page=0 | size=5
2025-08-30 14:40:27 [http-nio-8080-exec-8] INFO  c.e.b.p.service.ProviderService - → [ProviderService] Iniciando recuperación de prestadores | página=0 | size=5
2025-08-30 14:40:27 [http-nio-8080-exec-7] INFO  c.e.b.config.security.JwtService - Token válido para el usuario [admin@admin.com]
2025-08-30 14:40:27 [http-nio-8080-exec-9] INFO  c.e.b.config.security.JwtService - Token válido para el usuario [admin@admin.com]
2025-08-30 14:40:27 [http-nio-8080-exec-7] INFO  c.e.b.c.c.c.CategoryController - Petición recibida para listar todas las categorías
2025-08-30 14:40:27 [http-nio-8080-exec-7] INFO  c.e.b.c.service.CategoryService - Recuperando todas las categorías...
2025-08-30 14:40:27 [http-nio-8080-exec-7] INFO  c.e.b.c.s.i.GetAllCategories - → [GetAllCategories] Solicitud para obtener todas las categorías ordenadas por nombre
2025-08-30 14:40:28 [http-nio-8080-exec-9] INFO  c.e.b.u.c.controllers.AuthController - Obteniendo sesión actual
2025-08-30 14:40:28 [http-nio-8080-exec-7] INFO  c.e.b.c.s.i.GetAllCategories - ✓ [GetAllCategories] Se recuperaron 5 categorías
2025-08-30 14:40:28 [http-nio-8080-exec-7] INFO  c.e.b.c.service.CategoryService - Se recuperaron 5 categorías
2025-08-30 14:40:28 [http-nio-8080-exec-7] INFO  c.e.b.c.c.c.CategoryController - Se recuperaron 5 categorías
2025-08-30 14:40:28 [http-nio-8080-exec-9] INFO  c.e.b.u.s.implement.GetUserSession - Sesión válida encontrada. Usuario autenticado: id=1, email=admin@admin.com
2025-08-30 14:40:28 [http-nio-8080-exec-9] INFO  c.e.b.u.c.controllers.AuthController - Sesión obtenida para usuario: admin@admin.com
2025-08-30 14:40:28 [http-nio-8080-exec-7] INFO  c.e.b.s.logging.RequestLoggingFilter - [GET] /api/categories/getAll -> 200 (15 ms)
2025-08-30 14:40:28 [http-nio-8080-exec-9] INFO  c.e.b.s.logging.RequestLoggingFilter - [GET] /auth/me -> 200 (18 ms)
2025-08-30 14:40:28 [http-nio-8080-exec-10] INFO  c.e.b.config.security.JwtService - Token válido para el usuario [admin@admin.com]
2025-08-30 14:40:28 [http-nio-8080-exec-10] INFO  c.e.b.c.c.c.CategoryController - Petición recibida para listar todas las categorías
2025-08-30 14:40:28 [http-nio-8080-exec-1] INFO  c.e.b.config.security.JwtService - Token válido para el usuario [admin@admin.com]
2025-08-30 14:40:28 [http-nio-8080-exec-10] INFO  c.e.b.c.service.CategoryService - Recuperando todas las categorías...
2025-08-30 14:40:28 [http-nio-8080-exec-10] INFO  c.e.b.c.s.i.GetAllCategories - → [GetAllCategories] Solicitud para obtener todas las categorías ordenadas por nombre
2025-08-30 14:40:28 [http-nio-8080-exec-1] INFO  c.e.b.u.c.controllers.AuthController - Obteniendo sesión actual
2025-08-30 14:40:28 [http-nio-8080-exec-10] INFO  c.e.b.c.s.i.GetAllCategories - ✓ [GetAllCategories] Se recuperaron 5 categorías
2025-08-30 14:40:28 [http-nio-8080-exec-10] INFO  c.e.b.c.service.CategoryService - Se recuperaron 5 categorías
2025-08-30 14:40:28 [http-nio-8080-exec-10] INFO  c.e.b.c.c.c.CategoryController - Se recuperaron 5 categorías
2025-08-30 14:40:28 [http-nio-8080-exec-10] INFO  c.e.b.s.logging.RequestLoggingFilter - [GET] /api/categories/getAll -> 200 (9 ms)
2025-08-30 14:40:28 [http-nio-8080-exec-1] INFO  c.e.b.u.s.implement.GetUserSession - Sesión válida encontrada. Usuario autenticado: id=1, email=admin@admin.com
2025-08-30 14:40:28 [http-nio-8080-exec-1] INFO  c.e.b.u.c.controllers.AuthController - Sesión obtenida para usuario: admin@admin.com
2025-08-30 14:40:28 [http-nio-8080-exec-1] INFO  c.e.b.s.logging.RequestLoggingFilter - [GET] /auth/me -> 200 (11 ms)
2025-08-30 14:40:28 [http-nio-8080-exec-8] INFO  c.e.b.p.service.ProviderService - ✓ [ProviderService] Recuperados 1 prestadores | página=0 de 1 | totalElements=1
2025-08-30 14:40:28 [http-nio-8080-exec-8] INFO  c.e.b.p.c.c.ProviderController - ✓ [ProviderController] Se recuperaron 1 proveedores en la página 0 de 1 (total elementos=1)
2025-08-30 14:40:28 [http-nio-8080-exec-8] WARN  o.s.d.w.c.SpringDataJacksonConfiguration$PageModule$WarningLoggingModifier - Serializing PageImpl instances as-is is not supported, meaning that there is no guarantee about the stability of the resulting JSON structure!
	For a stable JSON structure, please use Spring Data's PagedModel (globally via @EnableSpringDataWebSupport(pageSerializationMode = VIA_DTO))
	or Spring HATEOAS and Spring Data's PagedResourcesAssembler as documented in https://docs.spring.io/spring-data/commons/reference/repositories/core-extensions.html#core.web.pageables.

2025-08-30 14:40:28 [http-nio-8080-exec-8] INFO  c.e.b.s.logging.RequestLoggingFilter - [GET] /api/providers/paged -> 200 (100 ms)
2025-08-30 14:40:28 [http-nio-8080-exec-3] INFO  c.e.b.p.c.c.ProviderController - → [ProviderController] Solicitud para listar proveedores paginados | page=0 | size=5
2025-08-30 14:40:28 [http-nio-8080-exec-3] INFO  c.e.b.p.service.ProviderService - → [ProviderService] Iniciando recuperación de prestadores | página=0 | size=5
2025-08-30 14:40:28 [http-nio-8080-exec-3] INFO  c.e.b.p.service.ProviderService - ✓ [ProviderService] Recuperados 1 prestadores | página=0 de 1 | totalElements=1
2025-08-30 14:40:28 [http-nio-8080-exec-3] INFO  c.e.b.p.c.c.ProviderController - ✓ [ProviderController] Se recuperaron 1 proveedores en la página 0 de 1 (total elementos=1)
2025-08-30 14:40:28 [http-nio-8080-exec-3] INFO  c.e.b.s.logging.RequestLoggingFilter - [GET] /api/providers/paged -> 200 (15 ms)
2025-08-30 14:40:28 [http-nio-8080-exec-6] INFO  c.e.b.p.c.c.ProviderController - → [ProviderController] Solicitud para listar proveedores paginados | page=0 | size=5
2025-08-30 14:40:28 [http-nio-8080-exec-6] INFO  c.e.b.p.service.ProviderService - → [ProviderService] Iniciando recuperación de prestadores | página=0 | size=5
2025-08-30 14:40:28 [http-nio-8080-exec-6] INFO  c.e.b.p.service.ProviderService - ✓ [ProviderService] Recuperados 1 prestadores | página=0 de 1 | totalElements=1
2025-08-30 14:40:28 [http-nio-8080-exec-6] INFO  c.e.b.p.c.c.ProviderController - ✓ [ProviderController] Se recuperaron 1 proveedores en la página 0 de 1 (total elementos=1)
2025-08-30 14:40:28 [http-nio-8080-exec-6] INFO  c.e.b.s.logging.RequestLoggingFilter - [GET] /api/providers/paged -> 200 (13 ms)
2025-08-30 14:40:28 [http-nio-8080-exec-5] INFO  c.e.b.config.security.JwtService - Token válido para el usuario [admin@admin.com]
2025-08-30 14:40:28 [http-nio-8080-exec-5] INFO  c.e.b.s.logging.RequestLoggingFilter - [GET] /uploads/proveedores/352dc430-ee0b-418e-b4cb-8401ec7f4c98.png -> 200 (7 ms)
2025-08-30 14:40:29 [http-nio-8080-exec-2] INFO  c.e.b.config.security.JwtService - Token válido para el usuario [admin@admin.com]
2025-08-30 14:40:29 [http-nio-8080-exec-2] INFO  c.e.b.u.c.controllers.AuthController - Obteniendo sesión actual
2025-08-30 14:40:29 [http-nio-8080-exec-2] INFO  c.e.b.u.s.implement.GetUserSession - Sesión válida encontrada. Usuario autenticado: id=1, email=admin@admin.com
2025-08-30 14:40:29 [http-nio-8080-exec-2] INFO  c.e.b.u.c.controllers.AuthController - Sesión obtenida para usuario: admin@admin.com
2025-08-30 14:40:29 [http-nio-8080-exec-2] INFO  c.e.b.s.logging.RequestLoggingFilter - [GET] /auth/me -> 200 (8 ms)
2025-08-30 14:40:29 [http-nio-8080-exec-4] INFO  c.e.b.config.security.JwtService - Token válido para el usuario [admin@admin.com]
2025-08-30 14:40:29 [http-nio-8080-exec-4] INFO  c.e.b.u.c.controllers.AuthController - Obteniendo sesión actual
2025-08-30 14:40:29 [http-nio-8080-exec-4] INFO  c.e.b.u.s.implement.GetUserSession - Sesión válida encontrada. Usuario autenticado: id=1, email=admin@admin.com
2025-08-30 14:40:29 [http-nio-8080-exec-4] INFO  c.e.b.u.c.controllers.AuthController - Sesión obtenida para usuario: admin@admin.com
2025-08-30 14:40:29 [http-nio-8080-exec-4] INFO  c.e.b.s.logging.RequestLoggingFilter - [GET] /auth/me -> 200 (8 ms)
2025-08-30 14:40:29 [http-nio-8080-exec-7] INFO  c.e.b.config.security.JwtService - Token válido para el usuario [admin@admin.com]
2025-08-30 14:40:29 [http-nio-8080-exec-7] INFO  c.e.b.r.c.c.RatingController - Iniciando consulta de calificaciones de todos los proveedores
2025-08-30 14:40:29 [http-nio-8080-exec-7] INFO  c.e.b.r.s.i.GetProviderRatingsService - Ejecutando servicio: obtener calificaciones de proveedores
2025-08-30 14:40:29 [http-nio-8080-exec-7] INFO  c.e.b.r.s.i.GetProviderRatingsService - Se encontraron 1 proveedores con calificaciones
2025-08-30 14:40:29 [http-nio-8080-exec-7] INFO  c.e.b.r.c.c.RatingController - Consulta completada: se encontraron 1 proveedores con calificaciones
2025-08-30 14:40:29 [http-nio-8080-exec-7] INFO  c.e.b.s.logging.RequestLoggingFilter - [GET] /providers/ratings -> 200 (19 ms)
2025-08-30 14:40:29 [http-nio-8080-exec-9] INFO  c.e.b.config.security.JwtService - Token válido para el usuario [admin@admin.com]
2025-08-30 14:40:29 [http-nio-8080-exec-9] INFO  c.e.b.r.c.c.RatingController - Iniciando consulta de calificaciones de todos los proveedores
2025-08-30 14:40:29 [http-nio-8080-exec-9] INFO  c.e.b.r.s.i.GetProviderRatingsService - Ejecutando servicio: obtener calificaciones de proveedores
2025-08-30 14:40:29 [http-nio-8080-exec-9] INFO  c.e.b.r.s.i.GetProviderRatingsService - Se encontraron 1 proveedores con calificaciones
2025-08-30 14:40:29 [http-nio-8080-exec-9] INFO  c.e.b.r.c.c.RatingController - Consulta completada: se encontraron 1 proveedores con calificaciones
2025-08-30 14:40:29 [http-nio-8080-exec-9] INFO  c.e.b.s.logging.RequestLoggingFilter - [GET] /providers/ratings -> 200 (5 ms)
2025-08-30 14:40:47 [http-nio-8080-exec-10] INFO  c.e.b.config.security.JwtService - Token válido para el usuario [admin@admin.com]
2025-08-30 14:40:47 [http-nio-8080-exec-10] INFO  c.e.b.u.c.controllers.UserController - Obteniendo lista de todos los usuarios
2025-08-30 14:40:47 [http-nio-8080-exec-10] INFO  c.e.b.users.service.UserService - Obteniendo la lista completa de usuarios...
2025-08-30 14:40:47 [http-nio-8080-exec-10] INFO  c.e.b.u.s.implement.GetAllUsers - Se encontraron 7 usuarios en la base de datos
2025-08-30 14:40:47 [http-nio-8080-exec-10] INFO  c.e.b.users.service.UserService - Se recuperaron 7 usuarios.
2025-08-30 14:40:47 [http-nio-8080-exec-10] INFO  c.e.b.s.logging.RequestLoggingFilter - [GET] /user/getUsers -> 200 (9 ms)
2025-08-30 14:40:47 [http-nio-8080-exec-1] INFO  c.e.b.config.security.JwtService - Token válido para el usuario [admin@admin.com]
2025-08-30 14:40:47 [http-nio-8080-exec-1] INFO  c.e.b.u.c.controllers.UserController - Obteniendo lista de todos los usuarios
2025-08-30 14:40:47 [http-nio-8080-exec-1] INFO  c.e.b.users.service.UserService - Obteniendo la lista completa de usuarios...
2025-08-30 14:40:47 [http-nio-8080-exec-1] INFO  c.e.b.u.s.implement.GetAllUsers - Se encontraron 7 usuarios en la base de datos
2025-08-30 14:40:47 [http-nio-8080-exec-1] INFO  c.e.b.users.service.UserService - Se recuperaron 7 usuarios.
2025-08-30 14:40:47 [http-nio-8080-exec-1] INFO  c.e.b.s.logging.RequestLoggingFilter - [GET] /user/getUsers -> 200 (9 ms)
2025-08-30 14:41:00 [http-nio-8080-exec-3] INFO  c.e.b.config.security.JwtService - Token válido para el usuario [admin@admin.com]
2025-08-30 14:41:00 [http-nio-8080-exec-3] INFO  c.e.b.u.c.controllers.UserController - Actualizando usuario con ID: 7
2025-08-30 14:41:00 [http-nio-8080-exec-3] INFO  c.e.b.users.service.UserService - Actualizando usuario con ID: 7
2025-08-30 14:41:00 [http-nio-8080-exec-3] INFO  c.e.b.u.service.implement.UpdateUser - Iniciando actualización del usuario con ID: 7
2025-08-30 14:41:00 [http-nio-8080-exec-3] INFO  c.e.b.u.service.implement.UpdateUser - Actualizando datos del usuario ID: 7 -> email: jiji@jiji.com, username: jiji
2025-08-30 14:41:00 [http-nio-8080-exec-3] INFO  c.e.b.u.service.implement.UpdateUser - Usuario con ID 7 actualizado exitosamente
2025-08-30 14:41:00 [http-nio-8080-exec-3] INFO  c.e.b.users.service.UserService - Usuario con ID 7 actualizado correctamente.
2025-08-30 14:41:00 [http-nio-8080-exec-3] INFO  c.e.b.u.c.controllers.UserController - Usuario actualizado correctamente con ID: 7
2025-08-30 14:41:00 [http-nio-8080-exec-3] INFO  c.e.b.s.logging.RequestLoggingFilter - [PUT] /user/7 -> 200 (18 ms)
2025-08-30 14:41:01 [http-nio-8080-exec-6] INFO  c.e.b.config.security.JwtService - Token válido para el usuario [admin@admin.com]
2025-08-30 14:41:01 [http-nio-8080-exec-6] INFO  c.e.b.u.c.controllers.UserController - Actualizando usuario con ID: 7
2025-08-30 14:41:01 [http-nio-8080-exec-6] INFO  c.e.b.users.service.UserService - Actualizando usuario con ID: 7
2025-08-30 14:41:01 [http-nio-8080-exec-6] INFO  c.e.b.u.service.implement.UpdateUser - Iniciando actualización del usuario con ID: 7
2025-08-30 14:41:01 [http-nio-8080-exec-6] INFO  c.e.b.u.service.implement.UpdateUser - Actualizando datos del usuario ID: 7 -> email: jiji@jiji.com, username: jiji
2025-08-30 14:41:01 [http-nio-8080-exec-6] INFO  c.e.b.u.service.implement.UpdateUser - Usuario con ID 7 actualizado exitosamente
2025-08-30 14:41:01 [http-nio-8080-exec-6] INFO  c.e.b.users.service.UserService - Usuario con ID 7 actualizado correctamente.
2025-08-30 14:41:01 [http-nio-8080-exec-6] INFO  c.e.b.u.c.controllers.UserController - Usuario actualizado correctamente con ID: 7
2025-08-30 14:41:01 [http-nio-8080-exec-6] INFO  c.e.b.s.logging.RequestLoggingFilter - [PUT] /user/7 -> 200 (13 ms)
2025-08-30 14:41:01 [http-nio-8080-exec-5] INFO  c.e.b.config.security.JwtService - Token válido para el usuario [admin@admin.com]
2025-08-30 14:41:01 [http-nio-8080-exec-5] INFO  c.e.b.u.c.controllers.UserController - Obteniendo lista de todos los usuarios
2025-08-30 14:41:01 [http-nio-8080-exec-5] INFO  c.e.b.users.service.UserService - Obteniendo la lista completa de usuarios...
2025-08-30 14:41:01 [http-nio-8080-exec-5] INFO  c.e.b.u.s.implement.GetAllUsers - Se encontraron 7 usuarios en la base de datos
2025-08-30 14:41:01 [http-nio-8080-exec-5] INFO  c.e.b.users.service.UserService - Se recuperaron 7 usuarios.
2025-08-30 14:41:01 [http-nio-8080-exec-5] INFO  c.e.b.s.logging.RequestLoggingFilter - [GET] /user/getUsers -> 200 (9 ms)
2025-08-30 14:41:11 [http-nio-8080-exec-4] INFO  c.e.b.config.security.JwtService - Token válido para el usuario [admin@admin.com]
2025-08-30 14:41:11 [http-nio-8080-exec-4] INFO  c.e.b.u.c.controllers.AuthController - Intento de login para usuario: admin@admin.com
2025-08-30 14:41:11 [http-nio-8080-exec-4] INFO  c.e.b.u.s.implement.LoginService - Intentando autenticar usuario con email: admin@admin.com
2025-08-30 14:41:11 [http-nio-8080-exec-4] INFO  c.e.b.u.s.i.AuthenticationServiceImpl - Último login actualizado para usuario id=1, email=admin@admin.com
2025-08-30 14:41:11 [http-nio-8080-exec-4] INFO  c.e.b.config.security.JwtService - Se generó un nuevo token para el usuario [admin@admin.com], rol: ADMIN
2025-08-30 14:41:11 [http-nio-8080-exec-4] INFO  c.e.b.u.s.i.AuthenticationServiceImpl - JWT generado exitosamente para usuario id=1
2025-08-30 14:41:11 [http-nio-8080-exec-4] INFO  c.e.b.u.s.implement.LoginService - Cookie de autenticación creada y añadida a la respuesta para usuario admin@admin.com
2025-08-30 14:41:11 [http-nio-8080-exec-4] INFO  c.e.b.u.s.implement.GetUserByEmail - Usuario encontrado con email: admin@admin.com
2025-08-30 14:41:11 [http-nio-8080-exec-4] INFO  c.e.b.u.s.implement.LoginService - Usuario admin@admin.com autenticado exitosamente con ID 1
2025-08-30 14:41:11 [http-nio-8080-exec-4] INFO  c.e.b.u.c.controllers.AuthController - Login exitoso para usuario: admin@admin.com
2025-08-30 14:41:11 [http-nio-8080-exec-4] INFO  c.e.b.s.logging.RequestLoggingFilter - [POST] /auth/login -> 200 (178 ms)
2025-08-30 14:41:11 [http-nio-8080-exec-7] INFO  c.e.b.config.security.JwtService - Token válido para el usuario [admin@admin.com]
2025-08-30 14:41:11 [http-nio-8080-exec-7] INFO  c.e.b.a.c.c.DashboardController - Iniciando consulta de métricas para dashboard
2025-08-30 14:41:11 [http-nio-8080-exec-7] INFO  c.e.b.a.c.c.DashboardController - Consulta completada -> Proveedores: 1, Categorías: 5, Usuarios: 7, Promedio: 0.0
2025-08-30 14:41:11 [http-nio-8080-exec-7] INFO  c.e.b.s.logging.RequestLoggingFilter - [GET] /dashboard/metrics -> 200 (43 ms)
2025-08-30 14:41:11 [http-nio-8080-exec-9] INFO  c.e.b.config.security.JwtService - Token válido para el usuario [admin@admin.com]
2025-08-30 14:41:11 [http-nio-8080-exec-9] INFO  c.e.b.a.c.c.DashboardController - Iniciando consulta de métricas para dashboard
2025-08-30 14:41:11 [http-nio-8080-exec-9] INFO  c.e.b.a.c.c.DashboardController - Consulta completada -> Proveedores: 1, Categorías: 5, Usuarios: 7, Promedio: 0.0
2025-08-30 14:41:11 [http-nio-8080-exec-9] INFO  c.e.b.s.logging.RequestLoggingFilter - [GET] /dashboard/metrics -> 200 (17 ms)
2025-08-30 14:41:19 [http-nio-8080-exec-10] INFO  c.e.b.config.security.JwtService - Token válido para el usuario [admin@admin.com]
2025-08-30 14:41:19 [http-nio-8080-exec-10] INFO  c.e.b.u.c.controllers.AuthController - Obteniendo sesión actual
2025-08-30 14:41:19 [http-nio-8080-exec-10] INFO  c.e.b.u.s.implement.GetUserSession - Sesión válida encontrada. Usuario autenticado: id=1, email=admin@admin.com
2025-08-30 14:41:19 [http-nio-8080-exec-10] INFO  c.e.b.u.c.controllers.AuthController - Sesión obtenida para usuario: admin@admin.com
2025-08-30 14:41:19 [http-nio-8080-exec-10] INFO  c.e.b.s.logging.RequestLoggingFilter - [GET] /auth/me -> 200 (7 ms)
2025-08-30 14:41:19 [http-nio-8080-exec-1] INFO  c.e.b.config.security.JwtService - Token válido para el usuario [admin@admin.com]
2025-08-30 14:41:19 [http-nio-8080-exec-1] INFO  c.e.b.u.c.controllers.AuthController - Obteniendo sesión actual
2025-08-30 14:41:19 [http-nio-8080-exec-1] INFO  c.e.b.u.s.implement.GetUserSession - Sesión válida encontrada. Usuario autenticado: id=1, email=admin@admin.com
2025-08-30 14:41:19 [http-nio-8080-exec-1] INFO  c.e.b.u.c.controllers.AuthController - Sesión obtenida para usuario: admin@admin.com
2025-08-30 14:41:19 [http-nio-8080-exec-1] INFO  c.e.b.s.logging.RequestLoggingFilter - [GET] /auth/me -> 200 (8 ms)
2025-08-30 14:41:19 [http-nio-8080-exec-8] INFO  c.e.b.config.security.JwtService - Token válido para el usuario [admin@admin.com]
2025-08-30 14:41:19 [http-nio-8080-exec-8] INFO  c.e.b.u.c.controllers.UserController - Obteniendo lista de todos los usuarios
2025-08-30 14:41:19 [http-nio-8080-exec-8] INFO  c.e.b.users.service.UserService - Obteniendo la lista completa de usuarios...
2025-08-30 14:41:19 [http-nio-8080-exec-8] INFO  c.e.b.u.s.implement.GetAllUsers - Se encontraron 7 usuarios en la base de datos
2025-08-30 14:41:19 [http-nio-8080-exec-8] INFO  c.e.b.users.service.UserService - Se recuperaron 7 usuarios.
2025-08-30 14:41:19 [http-nio-8080-exec-8] INFO  c.e.b.s.logging.RequestLoggingFilter - [GET] /user/getUsers -> 200 (9 ms)
2025-08-30 14:41:19 [http-nio-8080-exec-3] INFO  c.e.b.config.security.JwtService - Token válido para el usuario [admin@admin.com]
2025-08-30 14:41:19 [http-nio-8080-exec-3] INFO  c.e.b.u.c.controllers.UserController - Obteniendo lista de todos los usuarios
2025-08-30 14:41:19 [http-nio-8080-exec-3] INFO  c.e.b.users.service.UserService - Obteniendo la lista completa de usuarios...
2025-08-30 14:41:19 [http-nio-8080-exec-3] INFO  c.e.b.u.s.implement.GetAllUsers - Se encontraron 7 usuarios en la base de datos
2025-08-30 14:41:19 [http-nio-8080-exec-3] INFO  c.e.b.users.service.UserService - Se recuperaron 7 usuarios.
2025-08-30 14:41:19 [http-nio-8080-exec-3] INFO  c.e.b.s.logging.RequestLoggingFilter - [GET] /user/getUsers -> 200 (8 ms)
2025-08-30 14:41:27 [http-nio-8080-exec-5] INFO  c.e.b.config.security.JwtService - Token válido para el usuario [admin@admin.com]
2025-08-30 14:41:27 [http-nio-8080-exec-5] INFO  c.e.b.u.c.controllers.UserController - Actualizando usuario con ID: 7
2025-08-30 14:41:27 [http-nio-8080-exec-5] INFO  c.e.b.users.service.UserService - Actualizando usuario con ID: 7
2025-08-30 14:41:27 [http-nio-8080-exec-5] INFO  c.e.b.u.service.implement.UpdateUser - Iniciando actualización del usuario con ID: 7
2025-08-30 14:41:27 [http-nio-8080-exec-5] INFO  c.e.b.u.service.implement.UpdateUser - Actualizando datos del usuario ID: 7 -> email: jiji@jiji.com, username: jiji
2025-08-30 14:41:27 [http-nio-8080-exec-5] INFO  c.e.b.u.service.implement.UpdateUser - Usuario con ID 7 actualizado exitosamente
2025-08-30 14:41:27 [http-nio-8080-exec-5] INFO  c.e.b.users.service.UserService - Usuario con ID 7 actualizado correctamente.
2025-08-30 14:41:27 [http-nio-8080-exec-5] INFO  c.e.b.u.c.controllers.UserController - Usuario actualizado correctamente con ID: 7
2025-08-30 14:41:27 [http-nio-8080-exec-5] INFO  c.e.b.s.logging.RequestLoggingFilter - [PUT] /user/7 -> 200 (11 ms)
2025-08-30 14:41:28 [http-nio-8080-exec-2] INFO  c.e.b.config.security.JwtService - Token válido para el usuario [admin@admin.com]
2025-08-30 14:41:28 [http-nio-8080-exec-2] INFO  c.e.b.u.c.controllers.UserController - Actualizando usuario con ID: 7
2025-08-30 14:41:28 [http-nio-8080-exec-2] INFO  c.e.b.users.service.UserService - Actualizando usuario con ID: 7
2025-08-30 14:41:28 [http-nio-8080-exec-2] INFO  c.e.b.u.service.implement.UpdateUser - Iniciando actualización del usuario con ID: 7
2025-08-30 14:41:28 [http-nio-8080-exec-2] INFO  c.e.b.u.service.implement.UpdateUser - Actualizando datos del usuario ID: 7 -> email: jiji@jiji.com, username: jiji
2025-08-30 14:41:28 [http-nio-8080-exec-2] INFO  c.e.b.u.service.implement.UpdateUser - Usuario con ID 7 actualizado exitosamente
2025-08-30 14:41:28 [http-nio-8080-exec-2] INFO  c.e.b.users.service.UserService - Usuario con ID 7 actualizado correctamente.
2025-08-30 14:41:28 [http-nio-8080-exec-2] INFO  c.e.b.u.c.controllers.UserController - Usuario actualizado correctamente con ID: 7
2025-08-30 14:41:28 [http-nio-8080-exec-2] INFO  c.e.b.s.logging.RequestLoggingFilter - [PUT] /user/7 -> 200 (9 ms)
2025-08-30 14:41:28 [http-nio-8080-exec-9] INFO  c.e.b.config.security.JwtService - Token válido para el usuario [admin@admin.com]
2025-08-30 14:41:28 [http-nio-8080-exec-9] INFO  c.e.b.u.c.controllers.UserController - Obteniendo lista de todos los usuarios
2025-08-30 14:41:28 [http-nio-8080-exec-9] INFO  c.e.b.users.service.UserService - Obteniendo la lista completa de usuarios...
2025-08-30 14:41:28 [http-nio-8080-exec-9] INFO  c.e.b.u.s.implement.GetAllUsers - Se encontraron 7 usuarios en la base de datos
2025-08-30 14:41:28 [http-nio-8080-exec-9] INFO  c.e.b.users.service.UserService - Se recuperaron 7 usuarios.
2025-08-30 14:41:28 [http-nio-8080-exec-9] INFO  c.e.b.s.logging.RequestLoggingFilter - [GET] /user/getUsers -> 200 (7 ms)
2025-08-30 14:41:31 [http-nio-8080-exec-10] INFO  c.e.b.config.security.JwtService - Token válido para el usuario [admin@admin.com]
2025-08-30 14:41:31 [http-nio-8080-exec-10] INFO  c.e.b.u.c.controllers.AuthController - Obteniendo sesión actual
2025-08-30 14:41:31 [http-nio-8080-exec-10] INFO  c.e.b.u.s.implement.GetUserSession - Sesión válida encontrada. Usuario autenticado: id=1, email=admin@admin.com
2025-08-30 14:41:31 [http-nio-8080-exec-10] INFO  c.e.b.u.c.controllers.AuthController - Sesión obtenida para usuario: admin@admin.com
2025-08-30 14:41:31 [http-nio-8080-exec-10] INFO  c.e.b.s.logging.RequestLoggingFilter - [GET] /auth/me -> 200 (7 ms)
2025-08-30 14:41:31 [http-nio-8080-exec-1] INFO  c.e.b.config.security.JwtService - Token válido para el usuario [admin@admin.com]
2025-08-30 14:41:31 [http-nio-8080-exec-1] INFO  c.e.b.u.c.controllers.AuthController - Obteniendo sesión actual
2025-08-30 14:41:31 [http-nio-8080-exec-1] INFO  c.e.b.u.s.implement.GetUserSession - Sesión válida encontrada. Usuario autenticado: id=1, email=admin@admin.com
2025-08-30 14:41:31 [http-nio-8080-exec-1] INFO  c.e.b.u.c.controllers.AuthController - Sesión obtenida para usuario: admin@admin.com
2025-08-30 14:41:31 [http-nio-8080-exec-1] INFO  c.e.b.s.logging.RequestLoggingFilter - [GET] /auth/me -> 200 (9 ms)
2025-08-30 14:41:31 [http-nio-8080-exec-8] INFO  c.e.b.config.security.JwtService - Token válido para el usuario [admin@admin.com]
2025-08-30 14:41:31 [http-nio-8080-exec-8] INFO  c.e.b.u.c.controllers.UserController - Obteniendo lista de todos los usuarios
2025-08-30 14:41:31 [http-nio-8080-exec-8] INFO  c.e.b.users.service.UserService - Obteniendo la lista completa de usuarios...
2025-08-30 14:41:31 [http-nio-8080-exec-8] INFO  c.e.b.u.s.implement.GetAllUsers - Se encontraron 7 usuarios en la base de datos
2025-08-30 14:41:31 [http-nio-8080-exec-8] INFO  c.e.b.users.service.UserService - Se recuperaron 7 usuarios.
2025-08-30 14:41:32 [http-nio-8080-exec-8] INFO  c.e.b.s.logging.RequestLoggingFilter - [GET] /user/getUsers -> 200 (7 ms)
2025-08-30 14:41:32 [http-nio-8080-exec-3] INFO  c.e.b.config.security.JwtService - Token válido para el usuario [admin@admin.com]
2025-08-30 14:41:32 [http-nio-8080-exec-3] INFO  c.e.b.u.c.controllers.UserController - Obteniendo lista de todos los usuarios
2025-08-30 14:41:32 [http-nio-8080-exec-3] INFO  c.e.b.users.service.UserService - Obteniendo la lista completa de usuarios...
2025-08-30 14:41:32 [http-nio-8080-exec-3] INFO  c.e.b.u.s.implement.GetAllUsers - Se encontraron 7 usuarios en la base de datos
2025-08-30 14:41:32 [http-nio-8080-exec-3] INFO  c.e.b.users.service.UserService - Se recuperaron 7 usuarios.
2025-08-30 14:41:32 [http-nio-8080-exec-3] INFO  c.e.b.s.logging.RequestLoggingFilter - [GET] /user/getUsers -> 200 (9 ms)
2025-08-30 14:43:10 [SpringApplicationShutdownHook] INFO  o.s.b.w.e.tomcat.GracefulShutdown - Commencing graceful shutdown. Waiting for active requests to complete
2025-08-30 14:43:10 [tomcat-shutdown] INFO  o.s.b.w.e.tomcat.GracefulShutdown - Graceful shutdown complete
2025-08-30 14:43:10 [SpringApplicationShutdownHook] INFO  o.s.o.j.LocalContainerEntityManagerFactoryBean - Closing JPA EntityManagerFactory for persistence unit 'default'
2025-08-30 14:43:10 [SpringApplicationShutdownHook] INFO  com.zaxxer.hikari.HikariDataSource - HikariPool-1 - Shutdown initiated...
2025-08-30 14:43:10 [SpringApplicationShutdownHook] INFO  com.zaxxer.hikari.HikariDataSource - HikariPool-1 - Shutdown completed.
2025-08-30 14:43:17 [background-preinit] INFO  o.h.validator.internal.util.Version - HV000001: Hibernate Validator 8.0.2.Final
2025-08-30 14:43:18 [restartedMain] INFO  c.e.backend.PublicidadWebApplication - Starting PublicidadWebApplication using Java 21.0.6 with PID 31864 (C:\Users\jonii\OneDrive\Escritorio\Proyectos\MONOLITOS\SISTEMA DE PUBLICIDAD\Publicidad-Web\BackendPublicacionWeb\publicacionWeb\target\classes started by jonii in C:\Users\jonii\OneDrive\Escritorio\Proyectos\MONOLITOS\SISTEMA DE PUBLICIDAD\Publicidad-Web\BackendPublicacionWeb)
2025-08-30 14:43:18 [restartedMain] INFO  c.e.backend.PublicidadWebApplication - The following 1 profile is active: "dev"
2025-08-30 14:43:18 [restartedMain] INFO  o.s.b.d.e.DevToolsPropertyDefaultsPostProcessor - Devtools property defaults active! Set 'spring.devtools.add-properties' to 'false' to disable
2025-08-30 14:43:18 [restartedMain] INFO  o.s.b.d.e.DevToolsPropertyDefaultsPostProcessor - For additional web related logging consider setting the 'logging.level.web' property to 'DEBUG'
2025-08-30 14:43:19 [restartedMain] INFO  o.s.d.r.c.RepositoryConfigurationDelegate - Bootstrapping Spring Data JPA repositories in DEFAULT mode.
2025-08-30 14:43:20 [restartedMain] INFO  o.s.d.r.c.RepositoryConfigurationDelegate - Finished Spring Data repository scanning in 205 ms. Found 7 JPA repository interfaces.
2025-08-30 14:43:21 [restartedMain] INFO  o.s.b.w.e.tomcat.TomcatWebServer - Tomcat initialized with port 8080 (http)
2025-08-30 14:43:21 [restartedMain] INFO  o.a.coyote.http11.Http11NioProtocol - Initializing ProtocolHandler ["http-nio-8080"]
2025-08-30 14:43:21 [restartedMain] INFO  o.a.catalina.core.StandardService - Starting service [Tomcat]
2025-08-30 14:43:21 [restartedMain] INFO  o.a.catalina.core.StandardEngine - Starting Servlet engine: [Apache Tomcat/10.1.43]
2025-08-30 14:43:21 [restartedMain] INFO  o.a.c.c.C.[Tomcat].[localhost].[/] - Initializing Spring embedded WebApplicationContext
2025-08-30 14:43:21 [restartedMain] INFO  o.s.b.w.s.c.ServletWebServerApplicationContext - Root WebApplicationContext: initialization completed in 3372 ms
2025-08-30 14:43:21 [restartedMain] INFO  o.h.jpa.internal.util.LogHelper - HHH000204: Processing PersistenceUnitInfo [name: default]
2025-08-30 14:43:21 [restartedMain] INFO  org.hibernate.Version - HHH000412: Hibernate ORM core version 6.6.22.Final
2025-08-30 14:43:22 [restartedMain] INFO  o.h.c.i.RegionFactoryInitiator - HHH000026: Second-level cache disabled
2025-08-30 14:43:22 [restartedMain] INFO  o.s.o.j.p.SpringPersistenceUnitInfo - No LoadTimeWeaver setup: ignoring JPA class transformer
2025-08-30 14:43:22 [restartedMain] INFO  com.zaxxer.hikari.HikariDataSource - HikariPool-1 - Starting...
2025-08-30 14:43:22 [restartedMain] INFO  com.zaxxer.hikari.pool.HikariPool - HikariPool-1 - Added connection com.mysql.cj.jdbc.ConnectionImpl@794a3c33
2025-08-30 14:43:22 [restartedMain] INFO  com.zaxxer.hikari.HikariDataSource - HikariPool-1 - Start completed.
2025-08-30 14:43:22 [restartedMain] WARN  org.hibernate.orm.deprecation - HHH90000025: MySQL8Dialect does not need to be specified explicitly using 'hibernate.dialect' (remove the property setting and it will be selected by default)
2025-08-30 14:43:22 [restartedMain] WARN  org.hibernate.orm.deprecation - HHH90000026: MySQL8Dialect has been deprecated; use org.hibernate.dialect.MySQLDialect instead
2025-08-30 14:43:22 [restartedMain] INFO  o.hibernate.orm.connections.pooling - HHH10001005: Database info:
	Database JDBC URL [Connecting through datasource 'HikariDataSource (HikariPool-1)']
	Database driver: undefined/unknown
	Database version: 8.0
	Autocommit mode: undefined/unknown
	Isolation level: undefined/unknown
	Minimum pool size: undefined/unknown
	Maximum pool size: undefined/unknown
2025-08-30 14:43:23 [restartedMain] INFO  o.h.e.t.j.p.i.JtaPlatformInitiator - HHH000489: No JTA platform available (set 'hibernate.transaction.jta.platform' to enable JTA platform integration)
2025-08-30 14:43:24 [restartedMain] INFO  o.s.o.j.LocalContainerEntityManagerFactoryBean - Initialized JPA EntityManagerFactory for persistence unit 'default'
2025-08-30 14:43:24 [restartedMain] INFO  c.e.b.users.service.UserService - Ejecutando inserción de usuario ADMIN inicial...
2025-08-30 14:43:24 [restartedMain] INFO  c.e.b.users.service.UserService - Usuario ADMIN insertado correctamente (si no existía).
2025-08-30 14:43:24 [restartedMain] INFO  o.s.d.j.r.query.QueryEnhancerFactory - Hibernate is in classpath; If applicable, HQL parser will be used.
2025-08-30 14:43:26 [restartedMain] INFO  o.s.s.c.a.a.c.InitializeAuthenticationProviderBeanManagerConfigurer$InitializeAuthenticationProviderManagerConfigurer - Global AuthenticationManager configured with AuthenticationProvider bean with name authenticationProvider
2025-08-30 14:43:26 [restartedMain] WARN  o.s.s.c.a.a.c.InitializeUserDetailsBeanManagerConfigurer$InitializeUserDetailsManagerConfigurer - Global AuthenticationManager configured with an AuthenticationProvider bean. UserDetailsService beans will not be used by Spring Security for automatically configuring username/password login. Consider removing the AuthenticationProvider bean. Alternatively, consider using the UserDetailsService in a manually instantiated DaoAuthenticationProvider. If the current configuration is intentional, to turn off this warning, increase the logging level of 'org.springframework.security.config.annotation.authentication.configuration.InitializeUserDetailsBeanManagerConfigurer' to ERROR
2025-08-30 14:43:26 [restartedMain] WARN  o.s.b.a.o.j.JpaBaseConfiguration$JpaWebConfiguration - spring.jpa.open-in-view is enabled by default. Therefore, database queries may be performed during view rendering. Explicitly configure spring.jpa.open-in-view to disable this warning
2025-08-30 14:43:27 [restartedMain] INFO  o.s.b.d.a.OptionalLiveReloadServer - LiveReload server is running on port 35729
2025-08-30 14:43:27 [restartedMain] INFO  o.a.coyote.http11.Http11NioProtocol - Starting ProtocolHandler ["http-nio-8080"]
2025-08-30 14:43:27 [restartedMain] INFO  o.s.b.w.e.tomcat.TomcatWebServer - Tomcat started on port 8080 (http) with context path '/'
2025-08-30 14:43:27 [restartedMain] INFO  c.e.backend.PublicidadWebApplication - Started PublicidadWebApplication in 10.02 seconds (process running for 10.731)
2025-08-30 14:44:06 [http-nio-8080-exec-1] INFO  o.a.c.c.C.[Tomcat].[localhost].[/] - Initializing Spring DispatcherServlet 'dispatcherServlet'
2025-08-30 14:44:06 [http-nio-8080-exec-1] INFO  o.s.web.servlet.DispatcherServlet - Initializing Servlet 'dispatcherServlet'
2025-08-30 14:44:06 [http-nio-8080-exec-1] INFO  o.s.web.servlet.DispatcherServlet - Completed initialization in 1 ms
2025-08-30 14:44:06 [http-nio-8080-exec-2] INFO  c.e.b.config.security.JwtService - Token válido para el usuario [admin@admin.com]
2025-08-30 14:44:06 [http-nio-8080-exec-2] INFO  c.e.b.u.c.controllers.UserController - Intentando registrar un nuevo usuario con email: jose@jose.co
2025-08-30 14:44:06 [http-nio-8080-exec-2] INFO  c.e.b.users.service.UserService - Registrando nuevo usuario con email: jose@jose.co
2025-08-30 14:44:06 [http-nio-8080-exec-2] INFO  c.e.b.u.s.implement.RegisterUser - Iniciando registro de usuario con email: jose@jose.co y username: chila
2025-08-30 14:44:06 [http-nio-8080-exec-2] INFO  c.e.b.u.s.implement.RegisterUser - Usuario registrado exitosamente con ID: 8 y email: jose@jose.co
2025-08-30 14:44:06 [http-nio-8080-exec-2] INFO  c.e.b.users.service.UserService - Usuario jose@jose.co registrado correctamente.
2025-08-30 14:44:06 [http-nio-8080-exec-2] INFO  c.e.b.u.c.controllers.UserController - Usuario registrado correctamente con email: jose@jose.co
2025-08-30 14:44:06 [http-nio-8080-exec-2] INFO  c.e.b.s.logging.RequestLoggingFilter - [POST] /user/userRegister -> 201 (284 ms)
2025-08-30 14:44:24 [http-nio-8080-exec-3] INFO  c.e.b.config.security.JwtService - Token válido para el usuario [admin@admin.com]
2025-08-30 14:44:24 [http-nio-8080-exec-3] INFO  c.e.b.u.c.controllers.AuthController - Obteniendo sesión actual
2025-08-30 14:44:24 [http-nio-8080-exec-3] INFO  c.e.b.u.s.implement.GetUserSession - Sesión válida encontrada. Usuario autenticado: id=1, email=admin@admin.com
2025-08-30 14:44:24 [http-nio-8080-exec-3] INFO  c.e.b.u.c.controllers.AuthController - Sesión obtenida para usuario: admin@admin.com
2025-08-30 14:44:24 [http-nio-8080-exec-3] INFO  c.e.b.s.logging.RequestLoggingFilter - [GET] /auth/me -> 200 (34 ms)
2025-08-30 14:44:24 [http-nio-8080-exec-4] INFO  c.e.b.config.security.JwtService - Token válido para el usuario [admin@admin.com]
2025-08-30 14:44:24 [http-nio-8080-exec-4] INFO  c.e.b.u.c.controllers.AuthController - Obteniendo sesión actual
2025-08-30 14:44:24 [http-nio-8080-exec-4] INFO  c.e.b.u.s.implement.GetUserSession - Sesión válida encontrada. Usuario autenticado: id=1, email=admin@admin.com
2025-08-30 14:44:24 [http-nio-8080-exec-4] INFO  c.e.b.u.c.controllers.AuthController - Sesión obtenida para usuario: admin@admin.com
2025-08-30 14:44:24 [http-nio-8080-exec-4] INFO  c.e.b.s.logging.RequestLoggingFilter - [GET] /auth/me -> 200 (10 ms)
2025-08-30 14:44:29 [http-nio-8080-exec-5] INFO  c.e.b.config.security.JwtService - Token válido para el usuario [admin@admin.com]
2025-08-30 14:44:29 [http-nio-8080-exec-5] INFO  c.e.b.u.c.controllers.UserController - Obteniendo lista de todos los usuarios
2025-08-30 14:44:29 [http-nio-8080-exec-5] INFO  c.e.b.users.service.UserService - Obteniendo la lista completa de usuarios...
2025-08-30 14:44:29 [http-nio-8080-exec-5] INFO  c.e.b.u.s.implement.GetAllUsers - Se encontraron 8 usuarios en la base de datos
2025-08-30 14:44:29 [http-nio-8080-exec-5] INFO  c.e.b.users.service.UserService - Se recuperaron 8 usuarios.
2025-08-30 14:44:29 [http-nio-8080-exec-5] INFO  c.e.b.s.logging.RequestLoggingFilter - [GET] /user/getUsers -> 200 (20 ms)
2025-08-30 14:44:29 [http-nio-8080-exec-7] INFO  c.e.b.config.security.JwtService - Token válido para el usuario [admin@admin.com]
2025-08-30 14:44:29 [http-nio-8080-exec-7] INFO  c.e.b.u.c.controllers.UserController - Obteniendo lista de todos los usuarios
2025-08-30 14:44:29 [http-nio-8080-exec-7] INFO  c.e.b.users.service.UserService - Obteniendo la lista completa de usuarios...
2025-08-30 14:44:29 [http-nio-8080-exec-7] INFO  c.e.b.u.s.implement.GetAllUsers - Se encontraron 8 usuarios en la base de datos
2025-08-30 14:44:29 [http-nio-8080-exec-7] INFO  c.e.b.users.service.UserService - Se recuperaron 8 usuarios.
2025-08-30 14:44:29 [http-nio-8080-exec-7] INFO  c.e.b.s.logging.RequestLoggingFilter - [GET] /user/getUsers -> 200 (8 ms)
2025-08-30 14:45:55 [SpringApplicationShutdownHook] INFO  o.s.b.w.e.tomcat.GracefulShutdown - Commencing graceful shutdown. Waiting for active requests to complete
2025-08-30 14:45:55 [tomcat-shutdown] INFO  o.s.b.w.e.tomcat.GracefulShutdown - Graceful shutdown complete
2025-08-30 14:45:55 [SpringApplicationShutdownHook] INFO  o.s.o.j.LocalContainerEntityManagerFactoryBean - Closing JPA EntityManagerFactory for persistence unit 'default'
2025-08-30 14:45:55 [SpringApplicationShutdownHook] INFO  com.zaxxer.hikari.HikariDataSource - HikariPool-1 - Shutdown initiated...
2025-08-30 14:45:55 [SpringApplicationShutdownHook] INFO  com.zaxxer.hikari.HikariDataSource - HikariPool-1 - Shutdown completed.
2025-08-30 14:46:02 [background-preinit] INFO  o.h.validator.internal.util.Version - HV000001: Hibernate Validator 8.0.2.Final
2025-08-30 14:46:02 [restartedMain] INFO  c.e.backend.PublicidadWebApplication - Starting PublicidadWebApplication using Java 21.0.6 with PID 12560 (C:\Users\jonii\OneDrive\Escritorio\Proyectos\MONOLITOS\SISTEMA DE PUBLICIDAD\Publicidad-Web\BackendPublicacionWeb\publicacionWeb\target\classes started by jonii in C:\Users\jonii\OneDrive\Escritorio\Proyectos\MONOLITOS\SISTEMA DE PUBLICIDAD\Publicidad-Web\BackendPublicacionWeb)
2025-08-30 14:46:02 [restartedMain] INFO  c.e.backend.PublicidadWebApplication - The following 1 profile is active: "dev"
2025-08-30 14:46:02 [restartedMain] INFO  o.s.b.d.e.DevToolsPropertyDefaultsPostProcessor - Devtools property defaults active! Set 'spring.devtools.add-properties' to 'false' to disable
2025-08-30 14:46:02 [restartedMain] INFO  o.s.b.d.e.DevToolsPropertyDefaultsPostProcessor - For additional web related logging consider setting the 'logging.level.web' property to 'DEBUG'
2025-08-30 14:46:04 [restartedMain] INFO  o.s.d.r.c.RepositoryConfigurationDelegate - Bootstrapping Spring Data JPA repositories in DEFAULT mode.
2025-08-30 14:46:04 [restartedMain] INFO  o.s.d.r.c.RepositoryConfigurationDelegate - Finished Spring Data repository scanning in 194 ms. Found 7 JPA repository interfaces.
2025-08-30 14:46:06 [restartedMain] INFO  o.s.b.w.e.tomcat.TomcatWebServer - Tomcat initialized with port 8080 (http)
2025-08-30 14:46:06 [restartedMain] INFO  o.a.coyote.http11.Http11NioProtocol - Initializing ProtocolHandler ["http-nio-8080"]
2025-08-30 14:46:06 [restartedMain] INFO  o.a.catalina.core.StandardService - Starting service [Tomcat]
2025-08-30 14:46:06 [restartedMain] INFO  o.a.catalina.core.StandardEngine - Starting Servlet engine: [Apache Tomcat/10.1.43]
2025-08-30 14:46:06 [restartedMain] INFO  o.a.c.c.C.[Tomcat].[localhost].[/] - Initializing Spring embedded WebApplicationContext
2025-08-30 14:46:06 [restartedMain] INFO  o.s.b.w.s.c.ServletWebServerApplicationContext - Root WebApplicationContext: initialization completed in 3291 ms
2025-08-30 14:46:06 [restartedMain] INFO  o.h.jpa.internal.util.LogHelper - HHH000204: Processing PersistenceUnitInfo [name: default]
2025-08-30 14:46:06 [restartedMain] INFO  org.hibernate.Version - HHH000412: Hibernate ORM core version 6.6.22.Final
2025-08-30 14:46:06 [restartedMain] INFO  o.h.c.i.RegionFactoryInitiator - HHH000026: Second-level cache disabled
2025-08-30 14:46:07 [restartedMain] INFO  o.s.o.j.p.SpringPersistenceUnitInfo - No LoadTimeWeaver setup: ignoring JPA class transformer
2025-08-30 14:46:07 [restartedMain] INFO  com.zaxxer.hikari.HikariDataSource - HikariPool-1 - Starting...
2025-08-30 14:46:07 [restartedMain] INFO  com.zaxxer.hikari.pool.HikariPool - HikariPool-1 - Added connection com.mysql.cj.jdbc.ConnectionImpl@2011d32c
2025-08-30 14:46:07 [restartedMain] INFO  com.zaxxer.hikari.HikariDataSource - HikariPool-1 - Start completed.
2025-08-30 14:46:07 [restartedMain] WARN  org.hibernate.orm.deprecation - HHH90000025: MySQL8Dialect does not need to be specified explicitly using 'hibernate.dialect' (remove the property setting and it will be selected by default)
2025-08-30 14:46:07 [restartedMain] WARN  org.hibernate.orm.deprecation - HHH90000026: MySQL8Dialect has been deprecated; use org.hibernate.dialect.MySQLDialect instead
2025-08-30 14:46:07 [restartedMain] INFO  o.hibernate.orm.connections.pooling - HHH10001005: Database info:
	Database JDBC URL [Connecting through datasource 'HikariDataSource (HikariPool-1)']
	Database driver: undefined/unknown
	Database version: 8.0
	Autocommit mode: undefined/unknown
	Isolation level: undefined/unknown
	Minimum pool size: undefined/unknown
	Maximum pool size: undefined/unknown
2025-08-30 14:46:08 [restartedMain] INFO  o.h.e.t.j.p.i.JtaPlatformInitiator - HHH000489: No JTA platform available (set 'hibernate.transaction.jta.platform' to enable JTA platform integration)
2025-08-30 14:46:08 [restartedMain] INFO  o.s.o.j.LocalContainerEntityManagerFactoryBean - Initialized JPA EntityManagerFactory for persistence unit 'default'
2025-08-30 14:46:09 [restartedMain] INFO  c.e.b.users.service.UserService - Ejecutando inserción de usuario ADMIN inicial...
2025-08-30 14:46:09 [restartedMain] INFO  c.e.b.users.service.UserService - Usuario ADMIN insertado correctamente (si no existía).
2025-08-30 14:46:09 [restartedMain] INFO  o.s.d.j.r.query.QueryEnhancerFactory - Hibernate is in classpath; If applicable, HQL parser will be used.
2025-08-30 14:46:10 [restartedMain] INFO  o.s.s.c.a.a.c.InitializeAuthenticationProviderBeanManagerConfigurer$InitializeAuthenticationProviderManagerConfigurer - Global AuthenticationManager configured with AuthenticationProvider bean with name authenticationProvider
2025-08-30 14:46:10 [restartedMain] WARN  o.s.s.c.a.a.c.InitializeUserDetailsBeanManagerConfigurer$InitializeUserDetailsManagerConfigurer - Global AuthenticationManager configured with an AuthenticationProvider bean. UserDetailsService beans will not be used by Spring Security for automatically configuring username/password login. Consider removing the AuthenticationProvider bean. Alternatively, consider using the UserDetailsService in a manually instantiated DaoAuthenticationProvider. If the current configuration is intentional, to turn off this warning, increase the logging level of 'org.springframework.security.config.annotation.authentication.configuration.InitializeUserDetailsBeanManagerConfigurer' to ERROR
2025-08-30 14:46:11 [restartedMain] WARN  o.s.b.a.o.j.JpaBaseConfiguration$JpaWebConfiguration - spring.jpa.open-in-view is enabled by default. Therefore, database queries may be performed during view rendering. Explicitly configure spring.jpa.open-in-view to disable this warning
2025-08-30 14:46:12 [restartedMain] INFO  o.s.b.d.a.OptionalLiveReloadServer - LiveReload server is running on port 35729
2025-08-30 14:46:12 [restartedMain] INFO  o.a.coyote.http11.Http11NioProtocol - Starting ProtocolHandler ["http-nio-8080"]
2025-08-30 14:46:12 [restartedMain] INFO  o.s.b.w.e.tomcat.TomcatWebServer - Tomcat started on port 8080 (http) with context path '/'
2025-08-30 14:46:12 [restartedMain] INFO  c.e.backend.PublicidadWebApplication - Started PublicidadWebApplication in 10.072 seconds (process running for 10.761)
2025-08-30 14:46:36 [http-nio-8080-exec-1] INFO  o.a.c.c.C.[Tomcat].[localhost].[/] - Initializing Spring DispatcherServlet 'dispatcherServlet'
2025-08-30 14:46:36 [http-nio-8080-exec-1] INFO  o.s.web.servlet.DispatcherServlet - Initializing Servlet 'dispatcherServlet'
2025-08-30 14:46:36 [http-nio-8080-exec-1] INFO  o.s.web.servlet.DispatcherServlet - Completed initialization in 1 ms
2025-08-30 14:46:36 [http-nio-8080-exec-5] INFO  c.e.b.config.security.JwtService - Token válido para el usuario [admin@admin.com]
2025-08-30 14:46:36 [http-nio-8080-exec-5] INFO  c.e.b.u.c.controllers.UserController - Intentando registrar un nuevo usuario con email: juanca@juan.com
2025-08-30 14:46:36 [http-nio-8080-exec-5] INFO  c.e.b.users.service.UserService - Registrando nuevo usuario con email: juanca@juan.com
2025-08-30 14:46:36 [http-nio-8080-exec-5] INFO  c.e.b.u.s.implement.RegisterUser - Iniciando registro de usuario con email: juanca@juan.com y username: josemanuel
2025-08-30 14:46:36 [http-nio-8080-exec-5] INFO  c.e.b.u.s.implement.RegisterUser - Usuario registrado exitosamente con ID: 9 y email: juanca@juan.com
2025-08-30 14:46:36 [http-nio-8080-exec-5] INFO  c.e.b.users.service.UserService - Usuario juanca@juan.com registrado correctamente.
2025-08-30 14:46:36 [http-nio-8080-exec-5] INFO  c.e.b.u.c.controllers.UserController - Usuario registrado correctamente con email: juanca@juan.com
2025-08-30 14:46:36 [http-nio-8080-exec-5] INFO  c.e.b.s.logging.RequestLoggingFilter - [POST] /user/userRegister -> 201 (319 ms)
2025-08-30 14:46:39 [http-nio-8080-exec-7] INFO  c.e.b.config.security.JwtService - Token válido para el usuario [admin@admin.com]
2025-08-30 14:46:39 [http-nio-8080-exec-7] INFO  c.e.b.u.c.controllers.AuthController - Obteniendo sesión actual
2025-08-30 14:46:39 [http-nio-8080-exec-7] INFO  c.e.b.u.s.implement.GetUserSession - Sesión válida encontrada. Usuario autenticado: id=1, email=admin@admin.com
2025-08-30 14:46:39 [http-nio-8080-exec-7] INFO  c.e.b.u.c.controllers.AuthController - Sesión obtenida para usuario: admin@admin.com
2025-08-30 14:46:39 [http-nio-8080-exec-7] INFO  c.e.b.s.logging.RequestLoggingFilter - [GET] /auth/me -> 200 (38 ms)
2025-08-30 14:46:39 [http-nio-8080-exec-10] INFO  c.e.b.config.security.JwtService - Token válido para el usuario [admin@admin.com]
2025-08-30 14:46:39 [http-nio-8080-exec-10] INFO  c.e.b.u.c.controllers.AuthController - Obteniendo sesión actual
2025-08-30 14:46:39 [http-nio-8080-exec-10] INFO  c.e.b.u.s.implement.GetUserSession - Sesión válida encontrada. Usuario autenticado: id=1, email=admin@admin.com
2025-08-30 14:46:39 [http-nio-8080-exec-10] INFO  c.e.b.u.c.controllers.AuthController - Sesión obtenida para usuario: admin@admin.com
2025-08-30 14:46:39 [http-nio-8080-exec-10] INFO  c.e.b.s.logging.RequestLoggingFilter - [GET] /auth/me -> 200 (10 ms)
2025-08-30 14:46:41 [http-nio-8080-exec-2] INFO  c.e.b.config.security.JwtService - Token válido para el usuario [admin@admin.com]
2025-08-30 14:46:41 [http-nio-8080-exec-2] INFO  c.e.b.u.c.controllers.UserController - Obteniendo lista de todos los usuarios
2025-08-30 14:46:41 [http-nio-8080-exec-2] INFO  c.e.b.users.service.UserService - Obteniendo la lista completa de usuarios...
2025-08-30 14:46:41 [http-nio-8080-exec-2] INFO  c.e.b.u.s.implement.GetAllUsers - Se encontraron 9 usuarios en la base de datos
2025-08-30 14:46:41 [http-nio-8080-exec-2] INFO  c.e.b.users.service.UserService - Se recuperaron 9 usuarios.
2025-08-30 14:46:41 [http-nio-8080-exec-2] INFO  c.e.b.s.logging.RequestLoggingFilter - [GET] /user/getUsers -> 200 (23 ms)
2025-08-30 14:46:41 [http-nio-8080-exec-6] INFO  c.e.b.config.security.JwtService - Token válido para el usuario [admin@admin.com]
2025-08-30 14:46:41 [http-nio-8080-exec-6] INFO  c.e.b.u.c.controllers.UserController - Obteniendo lista de todos los usuarios
2025-08-30 14:46:41 [http-nio-8080-exec-6] INFO  c.e.b.users.service.UserService - Obteniendo la lista completa de usuarios...
2025-08-30 14:46:41 [http-nio-8080-exec-6] INFO  c.e.b.u.s.implement.GetAllUsers - Se encontraron 9 usuarios en la base de datos
2025-08-30 14:46:41 [http-nio-8080-exec-6] INFO  c.e.b.users.service.UserService - Se recuperaron 9 usuarios.
2025-08-30 14:46:41 [http-nio-8080-exec-6] INFO  c.e.b.s.logging.RequestLoggingFilter - [GET] /user/getUsers -> 200 (14 ms)
2025-08-30 14:47:27 [http-nio-8080-exec-8] INFO  c.e.b.config.security.JwtService - Token válido para el usuario [admin@admin.com]
2025-08-30 14:47:27 [http-nio-8080-exec-8] INFO  c.e.b.u.c.controllers.UserController - Intentando registrar un nuevo usuario con email: joseluisa@chila.com
2025-08-30 14:47:27 [http-nio-8080-exec-8] INFO  c.e.b.users.service.UserService - Registrando nuevo usuario con email: joseluisa@chila.com
2025-08-30 14:47:27 [http-nio-8080-exec-8] INFO  c.e.b.u.s.implement.RegisterUser - Iniciando registro de usuario con email: joseluisa@chila.com y username: chichi
2025-08-30 14:47:27 [http-nio-8080-exec-8] INFO  c.e.b.u.s.implement.RegisterUser - Usuario registrado exitosamente con ID: 10 y email: joseluisa@chila.com
2025-08-30 14:47:27 [http-nio-8080-exec-8] INFO  c.e.b.users.service.UserService - Usuario joseluisa@chila.com registrado correctamente.
2025-08-30 14:47:27 [http-nio-8080-exec-8] INFO  c.e.b.u.c.controllers.UserController - Usuario registrado correctamente con email: joseluisa@chila.com
2025-08-30 14:47:27 [http-nio-8080-exec-8] INFO  c.e.b.s.logging.RequestLoggingFilter - [POST] /user/userRegister -> 201 (79 ms)
2025-08-30 14:49:13 [SpringApplicationShutdownHook] INFO  o.s.b.w.e.tomcat.GracefulShutdown - Commencing graceful shutdown. Waiting for active requests to complete
2025-08-30 14:49:13 [tomcat-shutdown] INFO  o.s.b.w.e.tomcat.GracefulShutdown - Graceful shutdown complete
2025-08-30 14:49:13 [SpringApplicationShutdownHook] INFO  o.s.o.j.LocalContainerEntityManagerFactoryBean - Closing JPA EntityManagerFactory for persistence unit 'default'
2025-08-30 14:49:13 [SpringApplicationShutdownHook] INFO  com.zaxxer.hikari.HikariDataSource - HikariPool-1 - Shutdown initiated...
2025-08-30 14:49:13 [SpringApplicationShutdownHook] INFO  com.zaxxer.hikari.HikariDataSource - HikariPool-1 - Shutdown completed.
2025-08-30 14:49:21 [background-preinit] INFO  o.h.validator.internal.util.Version - HV000001: Hibernate Validator 8.0.2.Final
2025-08-30 14:49:21 [restartedMain] INFO  c.e.backend.PublicidadWebApplication - Starting PublicidadWebApplication using Java 21.0.6 with PID 28288 (C:\Users\jonii\OneDrive\Escritorio\Proyectos\MONOLITOS\SISTEMA DE PUBLICIDAD\Publicidad-Web\BackendPublicacionWeb\publicacionWeb\target\classes started by jonii in C:\Users\jonii\OneDrive\Escritorio\Proyectos\MONOLITOS\SISTEMA DE PUBLICIDAD\Publicidad-Web\BackendPublicacionWeb)
2025-08-30 14:49:21 [restartedMain] INFO  c.e.backend.PublicidadWebApplication - The following 1 profile is active: "dev"
2025-08-30 14:49:21 [restartedMain] INFO  o.s.b.d.e.DevToolsPropertyDefaultsPostProcessor - Devtools property defaults active! Set 'spring.devtools.add-properties' to 'false' to disable
2025-08-30 14:49:21 [restartedMain] INFO  o.s.b.d.e.DevToolsPropertyDefaultsPostProcessor - For additional web related logging consider setting the 'logging.level.web' property to 'DEBUG'
2025-08-30 14:49:23 [restartedMain] INFO  o.s.d.r.c.RepositoryConfigurationDelegate - Bootstrapping Spring Data JPA repositories in DEFAULT mode.
2025-08-30 14:49:23 [restartedMain] INFO  o.s.d.r.c.RepositoryConfigurationDelegate - Finished Spring Data repository scanning in 194 ms. Found 7 JPA repository interfaces.
2025-08-30 14:49:24 [restartedMain] INFO  o.s.b.w.e.tomcat.TomcatWebServer - Tomcat initialized with port 8080 (http)
2025-08-30 14:49:24 [restartedMain] INFO  o.a.coyote.http11.Http11NioProtocol - Initializing ProtocolHandler ["http-nio-8080"]
2025-08-30 14:49:24 [restartedMain] INFO  o.a.catalina.core.StandardService - Starting service [Tomcat]
2025-08-30 14:49:24 [restartedMain] INFO  o.a.catalina.core.StandardEngine - Starting Servlet engine: [Apache Tomcat/10.1.43]
2025-08-30 14:49:25 [restartedMain] INFO  o.a.c.c.C.[Tomcat].[localhost].[/] - Initializing Spring embedded WebApplicationContext
2025-08-30 14:49:25 [restartedMain] INFO  o.s.b.w.s.c.ServletWebServerApplicationContext - Root WebApplicationContext: initialization completed in 3463 ms
2025-08-30 14:49:25 [restartedMain] INFO  o.h.jpa.internal.util.LogHelper - HHH000204: Processing PersistenceUnitInfo [name: default]
2025-08-30 14:49:25 [restartedMain] INFO  org.hibernate.Version - HHH000412: Hibernate ORM core version 6.6.22.Final
2025-08-30 14:49:25 [restartedMain] INFO  o.h.c.i.RegionFactoryInitiator - HHH000026: Second-level cache disabled
2025-08-30 14:49:25 [restartedMain] INFO  o.s.o.j.p.SpringPersistenceUnitInfo - No LoadTimeWeaver setup: ignoring JPA class transformer
2025-08-30 14:49:25 [restartedMain] INFO  com.zaxxer.hikari.HikariDataSource - HikariPool-1 - Starting...
2025-08-30 14:49:26 [restartedMain] INFO  com.zaxxer.hikari.pool.HikariPool - HikariPool-1 - Added connection com.mysql.cj.jdbc.ConnectionImpl@15a01a34
2025-08-30 14:49:26 [restartedMain] INFO  com.zaxxer.hikari.HikariDataSource - HikariPool-1 - Start completed.
2025-08-30 14:49:26 [restartedMain] WARN  org.hibernate.orm.deprecation - HHH90000025: MySQL8Dialect does not need to be specified explicitly using 'hibernate.dialect' (remove the property setting and it will be selected by default)
2025-08-30 14:49:26 [restartedMain] WARN  org.hibernate.orm.deprecation - HHH90000026: MySQL8Dialect has been deprecated; use org.hibernate.dialect.MySQLDialect instead
2025-08-30 14:49:26 [restartedMain] INFO  o.hibernate.orm.connections.pooling - HHH10001005: Database info:
	Database JDBC URL [Connecting through datasource 'HikariDataSource (HikariPool-1)']
	Database driver: undefined/unknown
	Database version: 8.0
	Autocommit mode: undefined/unknown
	Isolation level: undefined/unknown
	Minimum pool size: undefined/unknown
	Maximum pool size: undefined/unknown
2025-08-30 14:49:27 [restartedMain] INFO  o.h.e.t.j.p.i.JtaPlatformInitiator - HHH000489: No JTA platform available (set 'hibernate.transaction.jta.platform' to enable JTA platform integration)
2025-08-30 14:49:27 [restartedMain] INFO  o.s.o.j.LocalContainerEntityManagerFactoryBean - Initialized JPA EntityManagerFactory for persistence unit 'default'
2025-08-30 14:49:28 [restartedMain] INFO  c.e.b.users.service.UserService - Ejecutando inserción de usuario ADMIN inicial...
2025-08-30 14:49:28 [restartedMain] INFO  c.e.b.users.service.UserService - Usuario ADMIN insertado correctamente (si no existía).
2025-08-30 14:49:28 [restartedMain] INFO  o.s.d.j.r.query.QueryEnhancerFactory - Hibernate is in classpath; If applicable, HQL parser will be used.
2025-08-30 14:49:29 [restartedMain] INFO  o.s.s.c.a.a.c.InitializeAuthenticationProviderBeanManagerConfigurer$InitializeAuthenticationProviderManagerConfigurer - Global AuthenticationManager configured with AuthenticationProvider bean with name authenticationProvider
2025-08-30 14:49:29 [restartedMain] WARN  o.s.s.c.a.a.c.InitializeUserDetailsBeanManagerConfigurer$InitializeUserDetailsManagerConfigurer - Global AuthenticationManager configured with an AuthenticationProvider bean. UserDetailsService beans will not be used by Spring Security for automatically configuring username/password login. Consider removing the AuthenticationProvider bean. Alternatively, consider using the UserDetailsService in a manually instantiated DaoAuthenticationProvider. If the current configuration is intentional, to turn off this warning, increase the logging level of 'org.springframework.security.config.annotation.authentication.configuration.InitializeUserDetailsBeanManagerConfigurer' to ERROR
2025-08-30 14:49:30 [restartedMain] WARN  o.s.b.a.o.j.JpaBaseConfiguration$JpaWebConfiguration - spring.jpa.open-in-view is enabled by default. Therefore, database queries may be performed during view rendering. Explicitly configure spring.jpa.open-in-view to disable this warning
2025-08-30 14:49:30 [restartedMain] INFO  o.s.b.d.a.OptionalLiveReloadServer - LiveReload server is running on port 35729
2025-08-30 14:49:31 [restartedMain] INFO  o.s.b.w.e.tomcat.TomcatWebServer - Tomcat started on port 8080 (http) with context path '/'
2025-08-30 14:49:31 [restartedMain] INFO  c.e.backend.PublicidadWebApplication - Started PublicidadWebApplication in 10.405 seconds (process running for 11.124)
2025-08-30 14:49:31 [SpringApplicationShutdownHook] INFO  o.s.b.w.e.tomcat.GracefulShutdown - Commencing graceful shutdown. Waiting for active requests to complete
2025-08-30 14:49:31 [tomcat-shutdown] INFO  o.s.b.w.e.tomcat.GracefulShutdown - Graceful shutdown complete
2025-08-30 14:49:31 [SpringApplicationShutdownHook] INFO  o.s.o.j.LocalContainerEntityManagerFactoryBean - Closing JPA EntityManagerFactory for persistence unit 'default'
2025-08-30 14:49:31 [SpringApplicationShutdownHook] INFO  com.zaxxer.hikari.HikariDataSource - HikariPool-1 - Shutdown initiated...
2025-08-30 14:49:31 [SpringApplicationShutdownHook] INFO  com.zaxxer.hikari.HikariDataSource - HikariPool-1 - Shutdown completed.
2025-08-30 14:49:38 [background-preinit] INFO  o.h.validator.internal.util.Version - HV000001: Hibernate Validator 8.0.2.Final
2025-08-30 14:49:38 [restartedMain] INFO  c.e.backend.PublicidadWebApplication - Starting PublicidadWebApplication using Java 21.0.6 with PID 19732 (C:\Users\jonii\OneDrive\Escritorio\Proyectos\MONOLITOS\SISTEMA DE PUBLICIDAD\Publicidad-Web\BackendPublicacionWeb\publicacionWeb\target\classes started by jonii in C:\Users\jonii\OneDrive\Escritorio\Proyectos\MONOLITOS\SISTEMA DE PUBLICIDAD\Publicidad-Web\BackendPublicacionWeb)
2025-08-30 14:49:38 [restartedMain] INFO  c.e.backend.PublicidadWebApplication - The following 1 profile is active: "dev"
2025-08-30 14:49:39 [restartedMain] INFO  o.s.b.d.e.DevToolsPropertyDefaultsPostProcessor - Devtools property defaults active! Set 'spring.devtools.add-properties' to 'false' to disable
2025-08-30 14:49:39 [restartedMain] INFO  o.s.b.d.e.DevToolsPropertyDefaultsPostProcessor - For additional web related logging consider setting the 'logging.level.web' property to 'DEBUG'
2025-08-30 14:49:40 [restartedMain] INFO  o.s.d.r.c.RepositoryConfigurationDelegate - Bootstrapping Spring Data JPA repositories in DEFAULT mode.
2025-08-30 14:49:41 [restartedMain] INFO  o.s.d.r.c.RepositoryConfigurationDelegate - Finished Spring Data repository scanning in 197 ms. Found 7 JPA repository interfaces.
2025-08-30 14:49:42 [restartedMain] INFO  o.s.b.w.e.tomcat.TomcatWebServer - Tomcat initialized with port 8080 (http)
2025-08-30 14:49:42 [restartedMain] INFO  o.a.coyote.http11.Http11NioProtocol - Initializing ProtocolHandler ["http-nio-8080"]
2025-08-30 14:49:42 [restartedMain] INFO  o.a.catalina.core.StandardService - Starting service [Tomcat]
2025-08-30 14:49:42 [restartedMain] INFO  o.a.catalina.core.StandardEngine - Starting Servlet engine: [Apache Tomcat/10.1.43]
2025-08-30 14:49:42 [restartedMain] INFO  o.a.c.c.C.[Tomcat].[localhost].[/] - Initializing Spring embedded WebApplicationContext
2025-08-30 14:49:42 [restartedMain] INFO  o.s.b.w.s.c.ServletWebServerApplicationContext - Root WebApplicationContext: initialization completed in 3356 ms
2025-08-30 14:49:42 [restartedMain] INFO  o.h.jpa.internal.util.LogHelper - HHH000204: Processing PersistenceUnitInfo [name: default]
2025-08-30 14:49:42 [restartedMain] INFO  org.hibernate.Version - HHH000412: Hibernate ORM core version 6.6.22.Final
2025-08-30 14:49:42 [restartedMain] INFO  o.h.c.i.RegionFactoryInitiator - HHH000026: Second-level cache disabled
2025-08-30 14:49:43 [restartedMain] INFO  o.s.o.j.p.SpringPersistenceUnitInfo - No LoadTimeWeaver setup: ignoring JPA class transformer
2025-08-30 14:49:43 [restartedMain] INFO  com.zaxxer.hikari.HikariDataSource - HikariPool-1 - Starting...
2025-08-30 14:49:43 [restartedMain] INFO  com.zaxxer.hikari.pool.HikariPool - HikariPool-1 - Added connection com.mysql.cj.jdbc.ConnectionImpl@46d43238
2025-08-30 14:49:43 [restartedMain] INFO  com.zaxxer.hikari.HikariDataSource - HikariPool-1 - Start completed.
2025-08-30 14:49:43 [restartedMain] WARN  org.hibernate.orm.deprecation - HHH90000025: MySQL8Dialect does not need to be specified explicitly using 'hibernate.dialect' (remove the property setting and it will be selected by default)
2025-08-30 14:49:43 [restartedMain] WARN  org.hibernate.orm.deprecation - HHH90000026: MySQL8Dialect has been deprecated; use org.hibernate.dialect.MySQLDialect instead
2025-08-30 14:49:43 [restartedMain] INFO  o.hibernate.orm.connections.pooling - HHH10001005: Database info:
	Database JDBC URL [Connecting through datasource 'HikariDataSource (HikariPool-1)']
	Database driver: undefined/unknown
	Database version: 8.0
	Autocommit mode: undefined/unknown
	Isolation level: undefined/unknown
	Minimum pool size: undefined/unknown
	Maximum pool size: undefined/unknown
2025-08-30 14:49:44 [restartedMain] INFO  o.h.e.t.j.p.i.JtaPlatformInitiator - HHH000489: No JTA platform available (set 'hibernate.transaction.jta.platform' to enable JTA platform integration)
2025-08-30 14:49:45 [restartedMain] INFO  o.s.o.j.LocalContainerEntityManagerFactoryBean - Initialized JPA EntityManagerFactory for persistence unit 'default'
2025-08-30 14:49:45 [restartedMain] INFO  c.e.b.users.service.UserService - Ejecutando inserción de usuario ADMIN inicial...
2025-08-30 14:49:45 [restartedMain] INFO  c.e.b.users.service.UserService - Usuario ADMIN insertado correctamente (si no existía).
2025-08-30 14:49:46 [restartedMain] INFO  o.s.d.j.r.query.QueryEnhancerFactory - Hibernate is in classpath; If applicable, HQL parser will be used.
2025-08-30 14:49:47 [restartedMain] INFO  o.s.s.c.a.a.c.InitializeAuthenticationProviderBeanManagerConfigurer$InitializeAuthenticationProviderManagerConfigurer - Global AuthenticationManager configured with AuthenticationProvider bean with name authenticationProvider
2025-08-30 14:49:47 [restartedMain] WARN  o.s.s.c.a.a.c.InitializeUserDetailsBeanManagerConfigurer$InitializeUserDetailsManagerConfigurer - Global AuthenticationManager configured with an AuthenticationProvider bean. UserDetailsService beans will not be used by Spring Security for automatically configuring username/password login. Consider removing the AuthenticationProvider bean. Alternatively, consider using the UserDetailsService in a manually instantiated DaoAuthenticationProvider. If the current configuration is intentional, to turn off this warning, increase the logging level of 'org.springframework.security.config.annotation.authentication.configuration.InitializeUserDetailsBeanManagerConfigurer' to ERROR
2025-08-30 14:49:47 [restartedMain] WARN  o.s.b.a.o.j.JpaBaseConfiguration$JpaWebConfiguration - spring.jpa.open-in-view is enabled by default. Therefore, database queries may be performed during view rendering. Explicitly configure spring.jpa.open-in-view to disable this warning
2025-08-30 14:49:48 [restartedMain] INFO  o.s.b.d.a.OptionalLiveReloadServer - LiveReload server is running on port 35729
2025-08-30 14:49:48 [restartedMain] INFO  o.a.coyote.http11.Http11NioProtocol - Starting ProtocolHandler ["http-nio-8080"]
2025-08-30 14:49:48 [restartedMain] INFO  o.s.b.w.e.tomcat.TomcatWebServer - Tomcat started on port 8080 (http) with context path '/'
2025-08-30 14:49:48 [restartedMain] INFO  c.e.backend.PublicidadWebApplication - Started PublicidadWebApplication in 10.525 seconds (process running for 11.317)
2025-08-30 14:50:49 [http-nio-8080-exec-1] INFO  o.a.c.c.C.[Tomcat].[localhost].[/] - Initializing Spring DispatcherServlet 'dispatcherServlet'
2025-08-30 14:50:49 [http-nio-8080-exec-1] INFO  o.s.web.servlet.DispatcherServlet - Initializing Servlet 'dispatcherServlet'
2025-08-30 14:50:49 [http-nio-8080-exec-1] INFO  o.s.web.servlet.DispatcherServlet - Completed initialization in 1 ms
2025-08-30 14:50:49 [http-nio-8080-exec-1] INFO  c.e.b.config.security.JwtService - Token válido para el usuario [admin@admin.com]
2025-08-30 14:50:49 [http-nio-8080-exec-1] INFO  c.e.b.u.c.controllers.AuthController - Obteniendo sesión actual
2025-08-30 14:50:49 [http-nio-8080-exec-1] INFO  c.e.b.u.s.implement.GetUserSession - Sesión válida encontrada. Usuario autenticado: id=1, email=admin@admin.com
2025-08-30 14:50:49 [http-nio-8080-exec-1] INFO  c.e.b.u.c.controllers.AuthController - Sesión obtenida para usuario: admin@admin.com
2025-08-30 14:50:49 [http-nio-8080-exec-1] INFO  c.e.b.s.logging.RequestLoggingFilter - [GET] /auth/me -> 200 (84 ms)
2025-08-30 14:50:49 [http-nio-8080-exec-4] INFO  c.e.b.config.security.JwtService - Token válido para el usuario [admin@admin.com]
2025-08-30 14:50:49 [http-nio-8080-exec-4] INFO  c.e.b.u.c.controllers.AuthController - Obteniendo sesión actual
2025-08-30 14:50:49 [http-nio-8080-exec-4] INFO  c.e.b.u.s.implement.GetUserSession - Sesión válida encontrada. Usuario autenticado: id=1, email=admin@admin.com
2025-08-30 14:50:49 [http-nio-8080-exec-4] INFO  c.e.b.u.c.controllers.AuthController - Sesión obtenida para usuario: admin@admin.com
2025-08-30 14:50:49 [http-nio-8080-exec-4] INFO  c.e.b.s.logging.RequestLoggingFilter - [GET] /auth/me -> 200 (11 ms)
2025-08-30 14:51:10 [http-nio-8080-exec-2] INFO  c.e.b.config.security.JwtService - Token válido para el usuario [admin@admin.com]
2025-08-30 14:51:10 [http-nio-8080-exec-2] INFO  c.e.b.u.c.controllers.UserController - Intentando registrar un nuevo usuario con email: administratore@admines.com
2025-08-30 14:51:10 [http-nio-8080-exec-2] INFO  c.e.b.users.service.UserService - Registrando nuevo usuario con email: administratore@admines.com
2025-08-30 14:51:10 [http-nio-8080-exec-2] INFO  c.e.b.u.s.implement.RegisterUser - Iniciando registro de usuario con email: administratore@admines.com y username: administratore
2025-08-30 14:51:10 [http-nio-8080-exec-2] INFO  c.e.b.u.s.implement.RegisterUser - Usuario registrado exitosamente con ID: 11 y email: administratore@admines.com
2025-08-30 14:51:10 [http-nio-8080-exec-2] INFO  c.e.b.users.service.UserService - Usuario administratore@admines.com registrado correctamente.
2025-08-30 14:51:10 [http-nio-8080-exec-2] INFO  c.e.b.u.c.controllers.UserController - Usuario registrado correctamente con email: administratore@admines.com
2025-08-30 14:51:10 [http-nio-8080-exec-2] INFO  c.e.b.s.logging.RequestLoggingFilter - [POST] /user/userRegister -> 201 (235 ms)
2025-08-30 14:51:13 [http-nio-8080-exec-5] INFO  c.e.b.config.security.JwtService - Token válido para el usuario [admin@admin.com]
2025-08-30 14:51:13 [http-nio-8080-exec-5] INFO  c.e.b.u.c.controllers.UserController - Obteniendo lista de todos los usuarios
2025-08-30 14:51:13 [http-nio-8080-exec-5] INFO  c.e.b.users.service.UserService - Obteniendo la lista completa de usuarios...
2025-08-30 14:51:13 [http-nio-8080-exec-5] INFO  c.e.b.u.s.implement.GetAllUsers - Se encontraron 11 usuarios en la base de datos
2025-08-30 14:51:13 [http-nio-8080-exec-5] INFO  c.e.b.users.service.UserService - Se recuperaron 11 usuarios.
2025-08-30 14:51:13 [http-nio-8080-exec-5] INFO  c.e.b.s.logging.RequestLoggingFilter - [GET] /user/getUsers -> 200 (18 ms)
2025-08-30 14:51:13 [http-nio-8080-exec-7] INFO  c.e.b.config.security.JwtService - Token válido para el usuario [admin@admin.com]
2025-08-30 14:51:13 [http-nio-8080-exec-7] INFO  c.e.b.u.c.controllers.UserController - Obteniendo lista de todos los usuarios
2025-08-30 14:51:13 [http-nio-8080-exec-7] INFO  c.e.b.users.service.UserService - Obteniendo la lista completa de usuarios...
2025-08-30 14:51:13 [http-nio-8080-exec-7] INFO  c.e.b.u.s.implement.GetAllUsers - Se encontraron 11 usuarios en la base de datos
2025-08-30 14:51:13 [http-nio-8080-exec-7] INFO  c.e.b.users.service.UserService - Se recuperaron 11 usuarios.
2025-08-30 14:51:13 [http-nio-8080-exec-7] INFO  c.e.b.s.logging.RequestLoggingFilter - [GET] /user/getUsers -> 200 (11 ms)
2025-08-30 14:51:29 [http-nio-8080-exec-9] INFO  c.e.b.config.security.JwtService - Token válido para el usuario [admin@admin.com]
2025-08-30 14:51:29 [http-nio-8080-exec-9] INFO  c.e.b.u.c.controllers.AuthController - Logout solicitado
2025-08-30 14:51:29 [http-nio-8080-exec-9] INFO  c.e.b.u.s.implement.LogoutService - Iniciando proceso de logout: invalidando cookie de autenticación.
2025-08-30 14:51:29 [http-nio-8080-exec-9] INFO  c.e.b.u.s.implement.LogoutService - Cookie de autenticación eliminada correctamente. Logout exitoso.
2025-08-30 14:51:29 [http-nio-8080-exec-9] INFO  c.e.b.u.c.controllers.AuthController - Logout exitoso
2025-08-30 14:51:29 [http-nio-8080-exec-9] INFO  c.e.b.s.logging.RequestLoggingFilter - [POST] /auth/logout -> 200 (7 ms)
2025-08-30 14:51:57 [http-nio-8080-exec-4] INFO  c.e.b.u.c.controllers.UserController - Intentando registrar un nuevo usuario con email: chiliperalta@chila.com
2025-08-30 14:51:57 [http-nio-8080-exec-4] INFO  c.e.b.users.service.UserService - Registrando nuevo usuario con email: chiliperalta@chila.com
2025-08-30 14:51:57 [http-nio-8080-exec-4] INFO  c.e.b.u.s.implement.RegisterUser - Iniciando registro de usuario con email: chiliperalta@chila.com y username: chiliperalta
2025-08-30 14:51:57 [http-nio-8080-exec-4] INFO  c.e.b.u.s.implement.RegisterUser - Usuario registrado exitosamente con ID: 12 y email: chiliperalta@chila.com
2025-08-30 14:51:57 [http-nio-8080-exec-4] INFO  c.e.b.users.service.UserService - Usuario chiliperalta@chila.com registrado correctamente.
2025-08-30 14:51:57 [http-nio-8080-exec-4] INFO  c.e.b.u.c.controllers.UserController - Usuario registrado correctamente con email: chiliperalta@chila.com
2025-08-30 14:51:57 [http-nio-8080-exec-4] INFO  c.e.b.s.logging.RequestLoggingFilter - [POST] /user/userRegister -> 201 (78 ms)
2025-08-30 14:52:35 [http-nio-8080-exec-5] INFO  c.e.b.u.c.controllers.AuthController - Intento de login para usuario: admin@admin.com
2025-08-30 14:52:35 [http-nio-8080-exec-5] INFO  c.e.b.u.s.implement.LoginService - Intentando autenticar usuario con email: admin@admin.com
2025-08-30 14:52:35 [http-nio-8080-exec-5] INFO  c.e.b.u.s.i.AuthenticationServiceImpl - Último login actualizado para usuario id=1, email=admin@admin.com
2025-08-30 14:52:35 [http-nio-8080-exec-5] INFO  c.e.b.config.security.JwtService - Se generó un nuevo token para el usuario [admin@admin.com], rol: ADMIN
2025-08-30 14:52:35 [http-nio-8080-exec-5] INFO  c.e.b.u.s.i.AuthenticationServiceImpl - JWT generado exitosamente para usuario id=1
2025-08-30 14:52:35 [http-nio-8080-exec-5] INFO  c.e.b.u.s.implement.LoginService - Cookie de autenticación creada y añadida a la respuesta para usuario admin@admin.com
2025-08-30 14:52:35 [http-nio-8080-exec-5] INFO  c.e.b.u.s.implement.GetUserByEmail - Usuario encontrado con email: admin@admin.com
2025-08-30 14:52:35 [http-nio-8080-exec-5] INFO  c.e.b.u.s.implement.LoginService - Usuario admin@admin.com autenticado exitosamente con ID 1
2025-08-30 14:52:35 [http-nio-8080-exec-5] INFO  c.e.b.u.c.controllers.AuthController - Login exitoso para usuario: admin@admin.com
2025-08-30 14:52:35 [http-nio-8080-exec-5] INFO  c.e.b.s.logging.RequestLoggingFilter - [POST] /auth/login -> 200 (182 ms)
2025-08-30 14:52:35 [http-nio-8080-exec-7] INFO  c.e.b.config.security.JwtService - Token válido para el usuario [admin@admin.com]
2025-08-30 14:52:35 [http-nio-8080-exec-7] INFO  c.e.b.a.c.c.DashboardController - Iniciando consulta de métricas para dashboard
2025-08-30 14:52:35 [http-nio-8080-exec-7] INFO  c.e.b.a.c.c.DashboardController - Consulta completada -> Proveedores: 1, Categorías: 5, Usuarios: 12, Promedio: 0.0
2025-08-30 14:52:35 [http-nio-8080-exec-7] INFO  c.e.b.s.logging.RequestLoggingFilter - [GET] /dashboard/metrics -> 200 (57 ms)
2025-08-30 14:52:35 [http-nio-8080-exec-6] INFO  c.e.b.config.security.JwtService - Token válido para el usuario [admin@admin.com]
2025-08-30 14:52:35 [http-nio-8080-exec-6] INFO  c.e.b.a.c.c.DashboardController - Iniciando consulta de métricas para dashboard
2025-08-30 14:52:35 [http-nio-8080-exec-6] INFO  c.e.b.a.c.c.DashboardController - Consulta completada -> Proveedores: 1, Categorías: 5, Usuarios: 12, Promedio: 0.0
2025-08-30 14:52:35 [http-nio-8080-exec-6] INFO  c.e.b.s.logging.RequestLoggingFilter - [GET] /dashboard/metrics -> 200 (18 ms)
2025-08-30 14:52:43 [http-nio-8080-exec-9] INFO  c.e.b.config.security.JwtService - Token válido para el usuario [admin@admin.com]
2025-08-30 14:52:43 [http-nio-8080-exec-9] INFO  c.e.b.p.c.c.ProviderController - → [ProviderController] Solicitud para listar todos los proveedores
2025-08-30 14:52:43 [http-nio-8080-exec-9] INFO  c.e.b.p.service.ProviderService - → [ProviderService] Solicitando listado de todos los proveedores
2025-08-30 14:52:43 [http-nio-8080-exec-9] INFO  c.e.b.p.s.i.GetAllProviderService - Iniciando proceso de obtención de todos los proveedores
2025-08-30 14:52:43 [http-nio-8080-exec-9] INFO  c.e.b.p.s.i.GetAllProviderService - Se obtuvieron 1 proveedores en total
2025-08-30 14:52:43 [http-nio-8080-exec-9] INFO  c.e.b.p.service.ProviderService - ✓ [ProviderService] Se recuperaron 1 proveedores
2025-08-30 14:52:43 [http-nio-8080-exec-9] INFO  c.e.b.p.c.c.ProviderController - ✓ [ProviderController] Se recuperaron 1 proveedores
2025-08-30 14:52:43 [http-nio-8080-exec-9] INFO  c.e.b.s.logging.RequestLoggingFilter - [GET] /api/providers/getAll -> 200 (39 ms)
2025-08-30 14:52:43 [http-nio-8080-exec-8] INFO  c.e.b.config.security.JwtService - Token válido para el usuario [admin@admin.com]
2025-08-30 14:52:43 [http-nio-8080-exec-8] INFO  c.e.b.p.c.c.ProviderController - → [ProviderController] Solicitud para listar todos los proveedores
2025-08-30 14:52:43 [http-nio-8080-exec-8] INFO  c.e.b.p.service.ProviderService - → [ProviderService] Solicitando listado de todos los proveedores
2025-08-30 14:52:43 [http-nio-8080-exec-8] INFO  c.e.b.p.s.i.GetAllProviderService - Iniciando proceso de obtención de todos los proveedores
2025-08-30 14:52:43 [http-nio-8080-exec-8] INFO  c.e.b.p.s.i.GetAllProviderService - Se obtuvieron 1 proveedores en total
2025-08-30 14:52:43 [http-nio-8080-exec-8] INFO  c.e.b.p.service.ProviderService - ✓ [ProviderService] Se recuperaron 1 proveedores
2025-08-30 14:52:43 [http-nio-8080-exec-8] INFO  c.e.b.p.c.c.ProviderController - ✓ [ProviderController] Se recuperaron 1 proveedores
2025-08-30 14:52:43 [http-nio-8080-exec-8] INFO  c.e.b.s.logging.RequestLoggingFilter - [GET] /api/providers/getAll -> 200 (9 ms)
2025-08-30 14:52:46 [http-nio-8080-exec-10] INFO  c.e.b.config.security.JwtService - Token válido para el usuario [admin@admin.com]
2025-08-30 14:52:46 [http-nio-8080-exec-10] INFO  c.e.b.s.logging.RequestLoggingFilter - [GET] /uploads/proveedores/352dc430-ee0b-418e-b4cb-8401ec7f4c98.png -> 200 (8 ms)
2025-08-30 14:52:48 [http-nio-8080-exec-1] INFO  c.e.b.config.security.JwtService - Token válido para el usuario [admin@admin.com]
2025-08-30 14:52:48 [http-nio-8080-exec-1] INFO  c.e.b.s.logging.RequestLoggingFilter - [GET] /uploads/proveedores/352dc430-ee0b-418e-b4cb-8401ec7f4c98.png -> 200 (2 ms)
2025-08-30 14:52:56 [http-nio-8080-exec-3] INFO  c.e.b.config.security.JwtService - Token válido para el usuario [admin@admin.com]
2025-08-30 14:52:56 [http-nio-8080-exec-3] INFO  c.e.b.p.c.c.ProviderController - → [ProviderController] Solicitud para actualizar proveedor id=1 con imageAction=replace
2025-08-30 14:52:56 [http-nio-8080-exec-3] INFO  c.e.b.p.service.ProviderService - → [ProviderService] Actualizando proveedor id=1 con imageAction=replace
2025-08-30 14:52:56 [http-nio-8080-exec-3] INFO  c.e.b.p.s.i.UpdateProviderService - Iniciando actualización de proveedor con id 1
2025-08-30 14:52:56 [http-nio-8080-exec-3] INFO  c.e.b.p.s.i.UpdateProviderService - Reemplazando imagen del proveedor id 1
2025-08-30 14:52:56 [http-nio-8080-exec-3] INFO  c.e.b.p.s.i.UpdateProviderService - Imagen guardada exitosamente en C:\Users\jonii\OneDrive\Escritorio\Proyectos\MONOLITOS\SISTEMA DE PUBLICIDAD\Publicidad-Web\BackendPublicacionWeb\publicacionWeb\uploads\proveedores\14509d29-1818-4034-8ff2-ac7802cc9ddd.png
2025-08-30 14:52:56 [http-nio-8080-exec-3] INFO  c.e.b.p.s.i.UpdateProviderService - Proveedor con id 1 actualizado correctamente
2025-08-30 14:52:56 [http-nio-8080-exec-3] INFO  c.e.b.p.service.ProviderService - ✓ [ProviderService] Proveedor actualizado id=1 nombre=Michael  apellido=Illescas
2025-08-30 14:52:56 [http-nio-8080-exec-3] INFO  c.e.b.p.c.c.ProviderController - ✓ [ProviderController] Proveedor actualizado id=1 nombre=Michael  apellido=Illescas
2025-08-30 14:52:56 [http-nio-8080-exec-3] INFO  c.e.b.s.logging.RequestLoggingFilter - [PUT] /api/providers/update/1 -> 200 (58 ms)
2025-08-30 14:52:56 [http-nio-8080-exec-2] INFO  c.e.b.config.security.JwtService - Token válido para el usuario [admin@admin.com]
2025-08-30 14:52:56 [http-nio-8080-exec-2] INFO  c.e.b.p.c.c.ProviderController - → [ProviderController] Solicitud para listar todos los proveedores
2025-08-30 14:52:56 [http-nio-8080-exec-2] INFO  c.e.b.p.service.ProviderService - → [ProviderService] Solicitando listado de todos los proveedores
2025-08-30 14:52:56 [http-nio-8080-exec-2] INFO  c.e.b.p.s.i.GetAllProviderService - Iniciando proceso de obtención de todos los proveedores
2025-08-30 14:52:56 [http-nio-8080-exec-2] INFO  c.e.b.p.s.i.GetAllProviderService - Se obtuvieron 1 proveedores en total
2025-08-30 14:52:56 [http-nio-8080-exec-2] INFO  c.e.b.p.service.ProviderService - ✓ [ProviderService] Se recuperaron 1 proveedores
2025-08-30 14:52:56 [http-nio-8080-exec-2] INFO  c.e.b.p.c.c.ProviderController - ✓ [ProviderController] Se recuperaron 1 proveedores
2025-08-30 14:52:56 [http-nio-8080-exec-2] INFO  c.e.b.s.logging.RequestLoggingFilter - [GET] /api/providers/getAll -> 200 (9 ms)
2025-08-30 14:53:01 [http-nio-8080-exec-7] INFO  c.e.b.p.c.c.ProviderController - → [ProviderController] Solicitud para listar proveedores paginados | page=0 | size=5
2025-08-30 14:53:01 [http-nio-8080-exec-7] INFO  c.e.b.p.service.ProviderService - → [ProviderService] Iniciando recuperación de prestadores | página=0 | size=5
2025-08-30 14:53:01 [http-nio-8080-exec-5] INFO  c.e.b.config.security.JwtService - Token válido para el usuario [admin@admin.com]
2025-08-30 14:53:01 [http-nio-8080-exec-5] INFO  c.e.b.c.c.c.CategoryController - Petición recibida para listar todas las categorías
2025-08-30 14:53:01 [http-nio-8080-exec-5] INFO  c.e.b.c.service.CategoryService - Recuperando todas las categorías...
2025-08-30 14:53:01 [http-nio-8080-exec-5] INFO  c.e.b.c.s.i.GetAllCategories - → [GetAllCategories] Solicitud para obtener todas las categorías ordenadas por nombre
2025-08-30 14:53:01 [http-nio-8080-exec-6] INFO  c.e.b.config.security.JwtService - Token válido para el usuario [admin@admin.com]
2025-08-30 14:53:01 [http-nio-8080-exec-6] INFO  c.e.b.u.c.controllers.AuthController - Obteniendo sesión actual
2025-08-30 14:53:01 [http-nio-8080-exec-5] INFO  c.e.b.c.s.i.GetAllCategories - ✓ [GetAllCategories] Se recuperaron 5 categorías
2025-08-30 14:53:01 [http-nio-8080-exec-5] INFO  c.e.b.c.service.CategoryService - Se recuperaron 5 categorías
2025-08-30 14:53:01 [http-nio-8080-exec-5] INFO  c.e.b.c.c.c.CategoryController - Se recuperaron 5 categorías
2025-08-30 14:53:01 [http-nio-8080-exec-6] INFO  c.e.b.u.s.implement.GetUserSession - Sesión válida encontrada. Usuario autenticado: id=1, email=admin@admin.com
2025-08-30 14:53:01 [http-nio-8080-exec-6] INFO  c.e.b.u.c.controllers.AuthController - Sesión obtenida para usuario: admin@admin.com
2025-08-30 14:53:01 [http-nio-8080-exec-5] INFO  c.e.b.s.logging.RequestLoggingFilter - [GET] /api/categories/getAll -> 200 (10 ms)
2025-08-30 14:53:01 [http-nio-8080-exec-6] INFO  c.e.b.s.logging.RequestLoggingFilter - [GET] /auth/me -> 200 (8 ms)
2025-08-30 14:53:01 [http-nio-8080-exec-7] INFO  c.e.b.p.service.ProviderService - ✓ [ProviderService] Recuperados 1 prestadores | página=0 de 1 | totalElements=1
2025-08-30 14:53:01 [http-nio-8080-exec-7] INFO  c.e.b.p.c.c.ProviderController - ✓ [ProviderController] Se recuperaron 1 proveedores en la página 0 de 1 (total elementos=1)
2025-08-30 14:53:01 [http-nio-8080-exec-7] WARN  o.s.d.w.c.SpringDataJacksonConfiguration$PageModule$WarningLoggingModifier - Serializing PageImpl instances as-is is not supported, meaning that there is no guarantee about the stability of the resulting JSON structure!
	For a stable JSON structure, please use Spring Data's PagedModel (globally via @EnableSpringDataWebSupport(pageSerializationMode = VIA_DTO))
	or Spring HATEOAS and Spring Data's PagedResourcesAssembler as documented in https://docs.spring.io/spring-data/commons/reference/repositories/core-extensions.html#core.web.pageables.

2025-08-30 14:53:01 [http-nio-8080-exec-9] INFO  c.e.b.config.security.JwtService - Token válido para el usuario [admin@admin.com]
2025-08-30 14:53:01 [http-nio-8080-exec-8] INFO  c.e.b.config.security.JwtService - Token válido para el usuario [admin@admin.com]
2025-08-30 14:53:01 [http-nio-8080-exec-8] INFO  c.e.b.u.c.controllers.AuthController - Obteniendo sesión actual
2025-08-30 14:53:01 [http-nio-8080-exec-9] INFO  c.e.b.c.c.c.CategoryController - Petición recibida para listar todas las categorías
2025-08-30 14:53:01 [http-nio-8080-exec-9] INFO  c.e.b.c.service.CategoryService - Recuperando todas las categorías...
2025-08-30 14:53:01 [http-nio-8080-exec-9] INFO  c.e.b.c.s.i.GetAllCategories - → [GetAllCategories] Solicitud para obtener todas las categorías ordenadas por nombre
2025-08-30 14:53:01 [http-nio-8080-exec-7] INFO  c.e.b.s.logging.RequestLoggingFilter - [GET] /api/providers/paged -> 200 (42 ms)
2025-08-30 14:53:01 [http-nio-8080-exec-9] INFO  c.e.b.c.s.i.GetAllCategories - ✓ [GetAllCategories] Se recuperaron 5 categorías
2025-08-30 14:53:01 [http-nio-8080-exec-9] INFO  c.e.b.c.service.CategoryService - Se recuperaron 5 categorías
2025-08-30 14:53:01 [http-nio-8080-exec-9] INFO  c.e.b.c.c.c.CategoryController - Se recuperaron 5 categorías
2025-08-30 14:53:01 [http-nio-8080-exec-9] INFO  c.e.b.s.logging.RequestLoggingFilter - [GET] /api/categories/getAll -> 200 (7 ms)
2025-08-30 14:53:01 [http-nio-8080-exec-8] INFO  c.e.b.u.s.implement.GetUserSession - Sesión válida encontrada. Usuario autenticado: id=1, email=admin@admin.com
2025-08-30 14:53:01 [http-nio-8080-exec-8] INFO  c.e.b.u.c.controllers.AuthController - Sesión obtenida para usuario: admin@admin.com
2025-08-30 14:53:01 [http-nio-8080-exec-10] INFO  c.e.b.p.c.c.ProviderController - → [ProviderController] Solicitud para listar proveedores paginados | page=0 | size=5
2025-08-30 14:53:01 [http-nio-8080-exec-10] INFO  c.e.b.p.service.ProviderService - → [ProviderService] Iniciando recuperación de prestadores | página=0 | size=5
2025-08-30 14:53:01 [http-nio-8080-exec-8] INFO  c.e.b.s.logging.RequestLoggingFilter - [GET] /auth/me -> 200 (9 ms)
2025-08-30 14:53:01 [http-nio-8080-exec-10] INFO  c.e.b.p.service.ProviderService - ✓ [ProviderService] Recuperados 1 prestadores | página=0 de 1 | totalElements=1
2025-08-30 14:53:01 [http-nio-8080-exec-10] INFO  c.e.b.p.c.c.ProviderController - ✓ [ProviderController] Se recuperaron 1 proveedores en la página 0 de 1 (total elementos=1)
2025-08-30 14:53:01 [http-nio-8080-exec-10] INFO  c.e.b.s.logging.RequestLoggingFilter - [GET] /api/providers/paged -> 200 (14 ms)
2025-08-30 14:53:01 [http-nio-8080-exec-1] INFO  c.e.b.p.c.c.ProviderController - → [ProviderController] Solicitud para listar proveedores paginados | page=0 | size=5
2025-08-30 14:53:01 [http-nio-8080-exec-1] INFO  c.e.b.p.service.ProviderService - → [ProviderService] Iniciando recuperación de prestadores | página=0 | size=5
2025-08-30 14:53:01 [http-nio-8080-exec-1] INFO  c.e.b.p.service.ProviderService - ✓ [ProviderService] Recuperados 1 prestadores | página=0 de 1 | totalElements=1
2025-08-30 14:53:01 [http-nio-8080-exec-1] INFO  c.e.b.p.c.c.ProviderController - ✓ [ProviderController] Se recuperaron 1 proveedores en la página 0 de 1 (total elementos=1)
2025-08-30 14:53:01 [http-nio-8080-exec-1] INFO  c.e.b.s.logging.RequestLoggingFilter - [GET] /api/providers/paged -> 200 (10 ms)
2025-08-30 14:53:01 [http-nio-8080-exec-4] INFO  c.e.b.config.security.JwtService - Token válido para el usuario [admin@admin.com]
2025-08-30 14:53:01 [http-nio-8080-exec-4] INFO  c.e.b.s.logging.RequestLoggingFilter - [GET] /uploads/proveedores/14509d29-1818-4034-8ff2-ac7802cc9ddd.png -> 200 (3 ms)
2025-08-30 14:53:30 [http-nio-8080-exec-3] INFO  c.e.b.config.security.JwtService - Token válido para el usuario [admin@admin.com]
2025-08-30 14:53:30 [http-nio-8080-exec-3] INFO  c.e.b.u.c.controllers.UserController - Obteniendo lista de todos los usuarios
2025-08-30 14:53:30 [http-nio-8080-exec-3] INFO  c.e.b.users.service.UserService - Obteniendo la lista completa de usuarios...
2025-08-30 14:53:30 [http-nio-8080-exec-3] INFO  c.e.b.u.s.implement.GetAllUsers - Se encontraron 12 usuarios en la base de datos
2025-08-30 14:53:30 [http-nio-8080-exec-3] INFO  c.e.b.users.service.UserService - Se recuperaron 12 usuarios.
2025-08-30 14:53:30 [http-nio-8080-exec-3] INFO  c.e.b.s.logging.RequestLoggingFilter - [GET] /user/getUsers -> 200 (8 ms)
2025-08-30 14:53:30 [http-nio-8080-exec-2] INFO  c.e.b.config.security.JwtService - Token válido para el usuario [admin@admin.com]
2025-08-30 14:53:30 [http-nio-8080-exec-2] INFO  c.e.b.u.c.controllers.UserController - Obteniendo lista de todos los usuarios
2025-08-30 14:53:30 [http-nio-8080-exec-2] INFO  c.e.b.users.service.UserService - Obteniendo la lista completa de usuarios...
2025-08-30 14:53:30 [http-nio-8080-exec-2] INFO  c.e.b.u.s.implement.GetAllUsers - Se encontraron 12 usuarios en la base de datos
2025-08-30 14:53:30 [http-nio-8080-exec-2] INFO  c.e.b.users.service.UserService - Se recuperaron 12 usuarios.
2025-08-30 14:53:30 [http-nio-8080-exec-2] INFO  c.e.b.s.logging.RequestLoggingFilter - [GET] /user/getUsers -> 200 (9 ms)
2025-08-30 14:53:47 [http-nio-8080-exec-6] INFO  c.e.b.config.security.JwtService - Token válido para el usuario [admin@admin.com]
2025-08-30 14:53:47 [http-nio-8080-exec-6] INFO  c.e.b.u.c.controllers.UserController - Actualizando usuario con ID: 2
2025-08-30 14:53:47 [http-nio-8080-exec-6] INFO  c.e.b.users.service.UserService - Actualizando usuario con ID: 2
2025-08-30 14:53:47 [http-nio-8080-exec-6] INFO  c.e.b.u.service.implement.UpdateUser - Iniciando actualización del usuario con ID: 2
2025-08-30 14:53:47 [http-nio-8080-exec-6] INFO  c.e.b.u.service.implement.UpdateUser - Actualizando datos del usuario ID: 2 -> email: jime@jime.com, username: jimena
2025-08-30 14:53:47 [http-nio-8080-exec-6] INFO  c.e.b.u.service.implement.UpdateUser - Usuario con ID 2 actualizado exitosamente
2025-08-30 14:53:47 [http-nio-8080-exec-6] INFO  c.e.b.users.service.UserService - Usuario con ID 2 actualizado correctamente.
2025-08-30 14:53:47 [http-nio-8080-exec-6] INFO  c.e.b.u.c.controllers.UserController - Usuario actualizado correctamente con ID: 2
2025-08-30 14:53:47 [http-nio-8080-exec-6] INFO  c.e.b.s.logging.RequestLoggingFilter - [PUT] /user/2 -> 200 (13 ms)
2025-08-30 14:53:50 [http-nio-8080-exec-7] INFO  c.e.b.config.security.JwtService - Token válido para el usuario [admin@admin.com]
2025-08-30 14:53:50 [http-nio-8080-exec-7] INFO  c.e.b.u.c.controllers.UserController - Actualizando usuario con ID: 2
2025-08-30 14:53:50 [http-nio-8080-exec-7] INFO  c.e.b.users.service.UserService - Actualizando usuario con ID: 2
2025-08-30 14:53:50 [http-nio-8080-exec-7] INFO  c.e.b.u.service.implement.UpdateUser - Iniciando actualización del usuario con ID: 2
2025-08-30 14:53:50 [http-nio-8080-exec-7] INFO  c.e.b.u.service.implement.UpdateUser - Actualizando datos del usuario ID: 2 -> email: jime@jime.com, username: jimena
2025-08-30 14:53:50 [http-nio-8080-exec-7] INFO  c.e.b.u.service.implement.UpdateUser - Usuario con ID 2 actualizado exitosamente
2025-08-30 14:53:50 [http-nio-8080-exec-7] INFO  c.e.b.users.service.UserService - Usuario con ID 2 actualizado correctamente.
2025-08-30 14:53:50 [http-nio-8080-exec-7] INFO  c.e.b.u.c.controllers.UserController - Usuario actualizado correctamente con ID: 2
2025-08-30 14:53:50 [http-nio-8080-exec-7] INFO  c.e.b.s.logging.RequestLoggingFilter - [PUT] /user/2 -> 200 (13 ms)
2025-08-30 14:53:50 [http-nio-8080-exec-9] INFO  c.e.b.config.security.JwtService - Token válido para el usuario [admin@admin.com]
2025-08-30 14:53:50 [http-nio-8080-exec-9] INFO  c.e.b.u.c.controllers.UserController - Obteniendo lista de todos los usuarios
2025-08-30 14:53:50 [http-nio-8080-exec-9] INFO  c.e.b.users.service.UserService - Obteniendo la lista completa de usuarios...
2025-08-30 14:53:50 [http-nio-8080-exec-9] INFO  c.e.b.u.s.implement.GetAllUsers - Se encontraron 12 usuarios en la base de datos
2025-08-30 14:53:50 [http-nio-8080-exec-9] INFO  c.e.b.users.service.UserService - Se recuperaron 12 usuarios.
2025-08-30 14:53:50 [http-nio-8080-exec-9] INFO  c.e.b.s.logging.RequestLoggingFilter - [GET] /user/getUsers -> 200 (7 ms)
2025-08-30 14:55:42 [SpringApplicationShutdownHook] INFO  o.s.b.w.e.tomcat.GracefulShutdown - Commencing graceful shutdown. Waiting for active requests to complete
2025-08-30 14:55:42 [tomcat-shutdown] INFO  o.s.b.w.e.tomcat.GracefulShutdown - Graceful shutdown complete
2025-08-30 14:55:42 [SpringApplicationShutdownHook] INFO  o.s.o.j.LocalContainerEntityManagerFactoryBean - Closing JPA EntityManagerFactory for persistence unit 'default'
2025-08-30 14:55:42 [SpringApplicationShutdownHook] INFO  com.zaxxer.hikari.HikariDataSource - HikariPool-1 - Shutdown initiated...
2025-08-30 14:55:42 [SpringApplicationShutdownHook] INFO  com.zaxxer.hikari.HikariDataSource - HikariPool-1 - Shutdown completed.
2025-08-30 14:55:50 [background-preinit] INFO  o.h.validator.internal.util.Version - HV000001: Hibernate Validator 8.0.2.Final
2025-08-30 14:55:50 [restartedMain] INFO  c.e.backend.PublicidadWebApplication - Starting PublicidadWebApplication using Java 21.0.6 with PID 41120 (C:\Users\jonii\OneDrive\Escritorio\Proyectos\MONOLITOS\SISTEMA DE PUBLICIDAD\Publicidad-Web\BackendPublicacionWeb\publicacionWeb\target\classes started by jonii in C:\Users\jonii\OneDrive\Escritorio\Proyectos\MONOLITOS\SISTEMA DE PUBLICIDAD\Publicidad-Web\BackendPublicacionWeb)
2025-08-30 14:55:50 [restartedMain] INFO  c.e.backend.PublicidadWebApplication - The following 1 profile is active: "dev"
2025-08-30 14:55:50 [restartedMain] INFO  o.s.b.d.e.DevToolsPropertyDefaultsPostProcessor - Devtools property defaults active! Set 'spring.devtools.add-properties' to 'false' to disable
2025-08-30 14:55:50 [restartedMain] INFO  o.s.b.d.e.DevToolsPropertyDefaultsPostProcessor - For additional web related logging consider setting the 'logging.level.web' property to 'DEBUG'
2025-08-30 14:55:52 [restartedMain] INFO  o.s.d.r.c.RepositoryConfigurationDelegate - Bootstrapping Spring Data JPA repositories in DEFAULT mode.
2025-08-30 14:55:52 [restartedMain] INFO  o.s.d.r.c.RepositoryConfigurationDelegate - Finished Spring Data repository scanning in 196 ms. Found 7 JPA repository interfaces.
2025-08-30 14:55:53 [restartedMain] INFO  o.s.b.w.e.tomcat.TomcatWebServer - Tomcat initialized with port 8080 (http)
2025-08-30 14:55:53 [restartedMain] INFO  o.a.coyote.http11.Http11NioProtocol - Initializing ProtocolHandler ["http-nio-8080"]
2025-08-30 14:55:53 [restartedMain] INFO  o.a.catalina.core.StandardService - Starting service [Tomcat]
2025-08-30 14:55:53 [restartedMain] INFO  o.a.catalina.core.StandardEngine - Starting Servlet engine: [Apache Tomcat/10.1.43]
2025-08-30 14:55:53 [restartedMain] INFO  o.a.c.c.C.[Tomcat].[localhost].[/] - Initializing Spring embedded WebApplicationContext
2025-08-30 14:55:53 [restartedMain] INFO  o.s.b.w.s.c.ServletWebServerApplicationContext - Root WebApplicationContext: initialization completed in 3243 ms
2025-08-30 14:55:54 [restartedMain] INFO  o.h.jpa.internal.util.LogHelper - HHH000204: Processing PersistenceUnitInfo [name: default]
2025-08-30 14:55:54 [restartedMain] INFO  org.hibernate.Version - HHH000412: Hibernate ORM core version 6.6.22.Final
2025-08-30 14:55:54 [restartedMain] INFO  o.h.c.i.RegionFactoryInitiator - HHH000026: Second-level cache disabled
2025-08-30 14:55:54 [restartedMain] INFO  o.s.o.j.p.SpringPersistenceUnitInfo - No LoadTimeWeaver setup: ignoring JPA class transformer
2025-08-30 14:55:54 [restartedMain] INFO  com.zaxxer.hikari.HikariDataSource - HikariPool-1 - Starting...
2025-08-30 14:55:54 [restartedMain] INFO  com.zaxxer.hikari.pool.HikariPool - HikariPool-1 - Added connection com.mysql.cj.jdbc.ConnectionImpl@4110a26f
2025-08-30 14:55:54 [restartedMain] INFO  com.zaxxer.hikari.HikariDataSource - HikariPool-1 - Start completed.
2025-08-30 14:55:54 [restartedMain] WARN  org.hibernate.orm.deprecation - HHH90000025: MySQL8Dialect does not need to be specified explicitly using 'hibernate.dialect' (remove the property setting and it will be selected by default)
2025-08-30 14:55:54 [restartedMain] WARN  org.hibernate.orm.deprecation - HHH90000026: MySQL8Dialect has been deprecated; use org.hibernate.dialect.MySQLDialect instead
2025-08-30 14:55:54 [restartedMain] INFO  o.hibernate.orm.connections.pooling - HHH10001005: Database info:
	Database JDBC URL [Connecting through datasource 'HikariDataSource (HikariPool-1)']
	Database driver: undefined/unknown
	Database version: 8.0
	Autocommit mode: undefined/unknown
	Isolation level: undefined/unknown
	Minimum pool size: undefined/unknown
	Maximum pool size: undefined/unknown
2025-08-30 14:55:56 [restartedMain] INFO  o.h.e.t.j.p.i.JtaPlatformInitiator - HHH000489: No JTA platform available (set 'hibernate.transaction.jta.platform' to enable JTA platform integration)
2025-08-30 14:55:56 [restartedMain] INFO  o.s.o.j.LocalContainerEntityManagerFactoryBean - Initialized JPA EntityManagerFactory for persistence unit 'default'
2025-08-30 14:55:57 [restartedMain] INFO  c.e.b.users.service.UserService - Ejecutando inserción de usuario ADMIN inicial...
2025-08-30 14:55:57 [restartedMain] INFO  c.e.b.users.service.UserService - Usuario ADMIN insertado correctamente (si no existía).
2025-08-30 14:55:57 [restartedMain] INFO  o.s.d.j.r.query.QueryEnhancerFactory - Hibernate is in classpath; If applicable, HQL parser will be used.
2025-08-30 14:55:58 [restartedMain] INFO  o.s.s.c.a.a.c.InitializeAuthenticationProviderBeanManagerConfigurer$InitializeAuthenticationProviderManagerConfigurer - Global AuthenticationManager configured with AuthenticationProvider bean with name authenticationProvider
2025-08-30 14:55:58 [restartedMain] WARN  o.s.s.c.a.a.c.InitializeUserDetailsBeanManagerConfigurer$InitializeUserDetailsManagerConfigurer - Global AuthenticationManager configured with an AuthenticationProvider bean. UserDetailsService beans will not be used by Spring Security for automatically configuring username/password login. Consider removing the AuthenticationProvider bean. Alternatively, consider using the UserDetailsService in a manually instantiated DaoAuthenticationProvider. If the current configuration is intentional, to turn off this warning, increase the logging level of 'org.springframework.security.config.annotation.authentication.configuration.InitializeUserDetailsBeanManagerConfigurer' to ERROR
2025-08-30 14:55:58 [restartedMain] WARN  o.s.b.a.o.j.JpaBaseConfiguration$JpaWebConfiguration - spring.jpa.open-in-view is enabled by default. Therefore, database queries may be performed during view rendering. Explicitly configure spring.jpa.open-in-view to disable this warning
2025-08-30 14:55:59 [restartedMain] INFO  o.s.b.d.a.OptionalLiveReloadServer - LiveReload server is running on port 35729
2025-08-30 14:55:59 [restartedMain] INFO  o.a.coyote.http11.Http11NioProtocol - Starting ProtocolHandler ["http-nio-8080"]
2025-08-30 14:55:59 [restartedMain] INFO  o.s.b.w.e.tomcat.TomcatWebServer - Tomcat started on port 8080 (http) with context path '/'
2025-08-30 14:55:59 [restartedMain] INFO  c.e.backend.PublicidadWebApplication - Started PublicidadWebApplication in 10.126 seconds (process running for 10.851)
2025-08-30 14:56:00 [http-nio-8080-exec-1] INFO  o.a.c.c.C.[Tomcat].[localhost].[/] - Initializing Spring DispatcherServlet 'dispatcherServlet'
2025-08-30 14:56:00 [http-nio-8080-exec-1] INFO  o.s.web.servlet.DispatcherServlet - Initializing Servlet 'dispatcherServlet'
2025-08-30 14:56:00 [http-nio-8080-exec-1] INFO  o.s.web.servlet.DispatcherServlet - Completed initialization in 2 ms
2025-08-30 14:56:00 [http-nio-8080-exec-1] INFO  c.e.b.config.security.JwtService - Token válido para el usuario [admin@admin.com]
2025-08-30 14:56:00 [http-nio-8080-exec-1] INFO  c.e.b.u.c.controllers.AuthController - Obteniendo sesión actual
2025-08-30 14:56:00 [http-nio-8080-exec-1] INFO  c.e.b.u.s.implement.GetUserSession - Sesión válida encontrada. Usuario autenticado: id=1, email=admin@admin.com
2025-08-30 14:56:00 [http-nio-8080-exec-1] INFO  c.e.b.u.c.controllers.AuthController - Sesión obtenida para usuario: admin@admin.com
2025-08-30 14:56:00 [http-nio-8080-exec-1] INFO  c.e.b.s.logging.RequestLoggingFilter - [GET] /auth/me -> 200 (89 ms)
2025-08-30 14:56:00 [http-nio-8080-exec-2] INFO  c.e.b.config.security.JwtService - Token válido para el usuario [admin@admin.com]
2025-08-30 14:56:00 [http-nio-8080-exec-2] INFO  c.e.b.u.c.controllers.AuthController - Obteniendo sesión actual
2025-08-30 14:56:00 [http-nio-8080-exec-2] INFO  c.e.b.u.s.implement.GetUserSession - Sesión válida encontrada. Usuario autenticado: id=1, email=admin@admin.com
2025-08-30 14:56:00 [http-nio-8080-exec-2] INFO  c.e.b.u.c.controllers.AuthController - Sesión obtenida para usuario: admin@admin.com
2025-08-30 14:56:00 [http-nio-8080-exec-2] INFO  c.e.b.s.logging.RequestLoggingFilter - [GET] /auth/me -> 200 (8 ms)
2025-08-30 14:56:03 [http-nio-8080-exec-3] INFO  c.e.b.config.security.JwtService - Token válido para el usuario [admin@admin.com]
2025-08-30 14:56:03 [http-nio-8080-exec-3] INFO  c.e.b.u.c.controllers.UserController - Obteniendo lista de todos los usuarios
2025-08-30 14:56:03 [http-nio-8080-exec-3] INFO  c.e.b.users.service.UserService - Obteniendo la lista completa de usuarios...
2025-08-30 14:56:03 [http-nio-8080-exec-3] INFO  c.e.b.u.s.implement.GetAllUsers - Se encontraron 12 usuarios en la base de datos
2025-08-30 14:56:03 [http-nio-8080-exec-3] INFO  c.e.b.users.service.UserService - Se recuperaron 12 usuarios.
2025-08-30 14:56:03 [http-nio-8080-exec-3] INFO  c.e.b.s.logging.RequestLoggingFilter - [GET] /user/getUsers -> 200 (38 ms)
2025-08-30 14:56:03 [http-nio-8080-exec-4] INFO  c.e.b.config.security.JwtService - Token válido para el usuario [admin@admin.com]
2025-08-30 14:56:03 [http-nio-8080-exec-4] INFO  c.e.b.u.c.controllers.UserController - Obteniendo lista de todos los usuarios
2025-08-30 14:56:03 [http-nio-8080-exec-4] INFO  c.e.b.users.service.UserService - Obteniendo la lista completa de usuarios...
2025-08-30 14:56:03 [http-nio-8080-exec-4] INFO  c.e.b.u.s.implement.GetAllUsers - Se encontraron 12 usuarios en la base de datos
2025-08-30 14:56:03 [http-nio-8080-exec-4] INFO  c.e.b.users.service.UserService - Se recuperaron 12 usuarios.
2025-08-30 14:56:03 [http-nio-8080-exec-4] INFO  c.e.b.s.logging.RequestLoggingFilter - [GET] /user/getUsers -> 200 (15 ms)
2025-08-30 14:56:11 [http-nio-8080-exec-8] INFO  c.e.b.config.security.JwtService - Token válido para el usuario [admin@admin.com]
2025-08-30 14:56:11 [http-nio-8080-exec-8] INFO  c.e.b.u.c.controllers.UserController - Actualizando usuario con ID: 2
2025-08-30 14:56:11 [http-nio-8080-exec-8] INFO  c.e.b.users.service.UserService - Actualizando usuario con ID: 2
2025-08-30 14:56:11 [http-nio-8080-exec-8] INFO  c.e.b.u.service.implement.UpdateUser - Iniciando actualización del usuario con ID: 2
2025-08-30 14:56:11 [http-nio-8080-exec-8] INFO  c.e.b.u.service.implement.UpdateUser - Actualizando datos del usuario ID: 2 -> email: jime@jime.com, username: jimena
2025-08-30 14:56:11 [http-nio-8080-exec-8] ERROR c.e.b.s.e.GlobalExceptionHandler - 🔥 Excepción no controlada: Name is null
java.lang.NullPointerException: Name is null
	at java.base/java.lang.Enum.valueOf(Enum.java:291)
	at com.example.backend.users.domain.Role.valueOf(Role.java:11)
	at com.example.backend.users.service.implement.UpdateUser.execute(UpdateUser.java:55)
	at com.example.backend.users.service.UserService.updateUser(UserService.java:59)
	at com.example.backend.users.controller.controllers.UserController.updateUser(UserController.java:87)
	at java.base/jdk.internal.reflect.DirectMethodHandleAccessor.invoke(DirectMethodHandleAccessor.java:103)
	at java.base/java.lang.reflect.Method.invoke(Method.java:580)
	at org.springframework.web.method.support.InvocableHandlerMethod.doInvoke(InvocableHandlerMethod.java:258)
	at org.springframework.web.method.support.InvocableHandlerMethod.invokeForRequest(InvocableHandlerMethod.java:191)
	at org.springframework.web.servlet.mvc.method.annotation.ServletInvocableHandlerMethod.invokeAndHandle(ServletInvocableHandlerMethod.java:118)
	at org.springframework.web.servlet.mvc.method.annotation.RequestMappingHandlerAdapter.invokeHandlerMethod(RequestMappingHandlerAdapter.java:991)
	at org.springframework.web.servlet.mvc.method.annotation.RequestMappingHandlerAdapter.handleInternal(RequestMappingHandlerAdapter.java:896)
	at org.springframework.web.servlet.mvc.method.AbstractHandlerMethodAdapter.handle(AbstractHandlerMethodAdapter.java:87)
	at org.springframework.web.servlet.DispatcherServlet.doDispatch(DispatcherServlet.java:1089)
	at org.springframework.web.servlet.DispatcherServlet.doService(DispatcherServlet.java:979)
	at org.springframework.web.servlet.FrameworkServlet.processRequest(FrameworkServlet.java:1014)
	at org.springframework.web.servlet.FrameworkServlet.doPut(FrameworkServlet.java:925)
	at jakarta.servlet.http.HttpServlet.service(HttpServlet.java:593)
	at org.springframework.web.servlet.FrameworkServlet.service(FrameworkServlet.java:885)
	at jakarta.servlet.http.HttpServlet.service(HttpServlet.java:658)
	at org.apache.catalina.core.ApplicationFilterChain.internalDoFilter(ApplicationFilterChain.java:195)
	at org.apache.catalina.core.ApplicationFilterChain.doFilter(ApplicationFilterChain.java:140)
	at org.apache.tomcat.websocket.server.WsFilter.doFilter(WsFilter.java:51)
	at org.apache.catalina.core.ApplicationFilterChain.internalDoFilter(ApplicationFilterChain.java:164)
	at org.apache.catalina.core.ApplicationFilterChain.doFilter(ApplicationFilterChain.java:140)
	at com.example.backend.shared.logging.RequestLoggingFilter.doFilterInternal(RequestLoggingFilter.java:29)
	at org.springframework.web.filter.OncePerRequestFilter.doFilter(OncePerRequestFilter.java:116)
	at org.apache.catalina.core.ApplicationFilterChain.internalDoFilter(ApplicationFilterChain.java:164)
	at org.apache.catalina.core.ApplicationFilterChain.doFilter(ApplicationFilterChain.java:140)
	at org.springframework.web.filter.OncePerRequestFilter.doFilter(OncePerRequestFilter.java:110)
	at org.apache.catalina.core.ApplicationFilterChain.internalDoFilter(ApplicationFilterChain.java:164)
	at org.apache.catalina.core.ApplicationFilterChain.doFilter(ApplicationFilterChain.java:140)
	at org.springframework.web.filter.CompositeFilter$VirtualFilterChain.doFilter(CompositeFilter.java:108)
	at org.springframework.web.filter.CompositeFilter$VirtualFilterChain.doFilter(CompositeFilter.java:108)
	at org.springframework.security.web.FilterChainProxy.lambda$doFilterInternal$3(FilterChainProxy.java:231)
	at org.springframework.security.web.FilterChainProxy$VirtualFilterChain.doFilter(FilterChainProxy.java:365)
	at org.springframework.security.web.access.intercept.AuthorizationFilter.doFilter(AuthorizationFilter.java:101)
	at org.springframework.security.web.FilterChainProxy$VirtualFilterChain.doFilter(FilterChainProxy.java:374)
	at org.springframework.security.web.access.ExceptionTranslationFilter.doFilter(ExceptionTranslationFilter.java:125)
	at org.springframework.security.web.access.ExceptionTranslationFilter.doFilter(ExceptionTranslationFilter.java:119)
	at org.springframework.security.web.FilterChainProxy$VirtualFilterChain.doFilter(FilterChainProxy.java:374)
	at org.springframework.security.web.session.SessionManagementFilter.doFilter(SessionManagementFilter.java:131)
	at org.springframework.security.web.session.SessionManagementFilter.doFilter(SessionManagementFilter.java:85)
	at org.springframework.security.web.FilterChainProxy$VirtualFilterChain.doFilter(FilterChainProxy.java:374)
	at org.springframework.security.web.authentication.AnonymousAuthenticationFilter.doFilter(AnonymousAuthenticationFilter.java:100)
	at org.springframework.security.web.FilterChainProxy$VirtualFilterChain.doFilter(FilterChainProxy.java:374)
	at org.springframework.security.web.servletapi.SecurityContextHolderAwareRequestFilter.doFilter(SecurityContextHolderAwareRequestFilter.java:179)
	at org.springframework.security.web.FilterChainProxy$VirtualFilterChain.doFilter(FilterChainProxy.java:374)
	at org.springframework.security.web.savedrequest.RequestCacheAwareFilter.doFilter(RequestCacheAwareFilter.java:63)
	at org.springframework.security.web.FilterChainProxy$VirtualFilterChain.doFilter(FilterChainProxy.java:374)
	at com.example.backend.config.security.JwtCookieAuthenticationFilter.doFilterInternal(JwtCookieAuthenticationFilter.java:62)
	at org.springframework.web.filter.OncePerRequestFilter.doFilter(OncePerRequestFilter.java:116)
	at org.springframework.security.web.FilterChainProxy$VirtualFilterChain.doFilter(FilterChainProxy.java:374)
	at org.springframework.security.web.authentication.AbstractAuthenticationProcessingFilter.doFilter(AbstractAuthenticationProcessingFilter.java:235)
	at org.springframework.security.web.authentication.AbstractAuthenticationProcessingFilter.doFilter(AbstractAuthenticationProcessingFilter.java:229)
	at org.springframework.security.web.FilterChainProxy$VirtualFilterChain.doFilter(FilterChainProxy.java:374)
	at org.springframework.security.oauth2.client.web.OAuth2AuthorizationRequestRedirectFilter.doFilterInternal(OAuth2AuthorizationRequestRedirectFilter.java:198)
	at org.springframework.web.filter.OncePerRequestFilter.doFilter(OncePerRequestFilter.java:116)
	at org.springframework.security.web.FilterChainProxy$VirtualFilterChain.doFilter(FilterChainProxy.java:374)
	at org.springframework.security.web.authentication.logout.LogoutFilter.doFilter(LogoutFilter.java:107)
	at org.springframework.security.web.authentication.logout.LogoutFilter.doFilter(LogoutFilter.java:93)
	at org.springframework.security.web.FilterChainProxy$VirtualFilterChain.doFilter(FilterChainProxy.java:374)
	at org.springframework.web.filter.CorsFilter.doFilterInternal(CorsFilter.java:91)
	at org.springframework.web.filter.OncePerRequestFilter.doFilter(OncePerRequestFilter.java:116)
	at org.springframework.security.web.FilterChainProxy$VirtualFilterChain.doFilter(FilterChainProxy.java:374)
	at org.springframework.security.web.header.HeaderWriterFilter.doHeadersAfter(HeaderWriterFilter.java:90)
	at org.springframework.security.web.header.HeaderWriterFilter.doFilterInternal(HeaderWriterFilter.java:75)
	at org.springframework.web.filter.OncePerRequestFilter.doFilter(OncePerRequestFilter.java:116)
	at org.springframework.security.web.FilterChainProxy$VirtualFilterChain.doFilter(FilterChainProxy.java:374)
	at org.springframework.security.web.context.SecurityContextHolderFilter.doFilter(SecurityContextHolderFilter.java:82)
	at org.springframework.security.web.context.SecurityContextHolderFilter.doFilter(SecurityContextHolderFilter.java:69)
	at org.springframework.security.web.FilterChainProxy$VirtualFilterChain.doFilter(FilterChainProxy.java:374)
	at org.springframework.security.web.context.request.async.WebAsyncManagerIntegrationFilter.doFilterInternal(WebAsyncManagerIntegrationFilter.java:62)
	at org.springframework.web.filter.OncePerRequestFilter.doFilter(OncePerRequestFilter.java:116)
	at org.springframework.security.web.FilterChainProxy$VirtualFilterChain.doFilter(FilterChainProxy.java:374)
	at org.springframework.security.web.session.DisableEncodeUrlFilter.doFilterInternal(DisableEncodeUrlFilter.java:42)
	at org.springframework.web.filter.OncePerRequestFilter.doFilter(OncePerRequestFilter.java:116)
	at org.springframework.security.web.FilterChainProxy$VirtualFilterChain.doFilter(FilterChainProxy.java:374)
	at org.springframework.security.web.FilterChainProxy.doFilterInternal(FilterChainProxy.java:233)
	at org.springframework.security.web.FilterChainProxy.doFilter(FilterChainProxy.java:191)
	at org.springframework.web.filter.CompositeFilter$VirtualFilterChain.doFilter(CompositeFilter.java:113)
	at org.springframework.web.filter.ServletRequestPathFilter.doFilter(ServletRequestPathFilter.java:52)
	at org.springframework.web.filter.CompositeFilter$VirtualFilterChain.doFilter(CompositeFilter.java:113)
	at org.springframework.web.filter.CompositeFilter.doFilter(CompositeFilter.java:74)
	at org.springframework.security.config.annotation.web.configuration.WebSecurityConfiguration$CompositeFilterChainProxy.doFilter(WebSecurityConfiguration.java:319)
	at org.springframework.web.filter.CompositeFilter$VirtualFilterChain.doFilter(CompositeFilter.java:113)
	at org.springframework.web.servlet.handler.HandlerMappingIntrospector.lambda$createCacheFilter$4(HandlerMappingIntrospector.java:267)
	at org.springframework.web.filter.CompositeFilter$VirtualFilterChain.doFilter(CompositeFilter.java:113)
	at org.springframework.web.filter.CompositeFilter.doFilter(CompositeFilter.java:74)
	at org.springframework.security.config.annotation.web.configuration.WebMvcSecurityConfiguration$CompositeFilterChainProxy.doFilter(WebMvcSecurityConfiguration.java:240)
	at org.springframework.web.filter.DelegatingFilterProxy.invokeDelegate(DelegatingFilterProxy.java:362)
	at org.springframework.web.filter.DelegatingFilterProxy.doFilter(DelegatingFilterProxy.java:278)
	at org.apache.catalina.core.ApplicationFilterChain.internalDoFilter(ApplicationFilterChain.java:164)
	at org.apache.catalina.core.ApplicationFilterChain.doFilter(ApplicationFilterChain.java:140)
	at org.springframework.web.filter.RequestContextFilter.doFilterInternal(RequestContextFilter.java:100)
	at org.springframework.web.filter.OncePerRequestFilter.doFilter(OncePerRequestFilter.java:116)
	at org.apache.catalina.core.ApplicationFilterChain.internalDoFilter(ApplicationFilterChain.java:164)
	at org.apache.catalina.core.ApplicationFilterChain.doFilter(ApplicationFilterChain.java:140)
	at org.springframework.web.filter.FormContentFilter.doFilterInternal(FormContentFilter.java:93)
	at org.springframework.web.filter.OncePerRequestFilter.doFilter(OncePerRequestFilter.java:116)
	at org.apache.catalina.core.ApplicationFilterChain.internalDoFilter(ApplicationFilterChain.java:164)
	at org.apache.catalina.core.ApplicationFilterChain.doFilter(ApplicationFilterChain.java:140)
	at org.springframework.web.filter.CharacterEncodingFilter.doFilterInternal(CharacterEncodingFilter.java:201)
	at org.springframework.web.filter.OncePerRequestFilter.doFilter(OncePerRequestFilter.java:116)
	at org.apache.catalina.core.ApplicationFilterChain.internalDoFilter(ApplicationFilterChain.java:164)
	at org.apache.catalina.core.ApplicationFilterChain.doFilter(ApplicationFilterChain.java:140)
	at org.apache.catalina.core.StandardWrapperValve.invoke(StandardWrapperValve.java:167)
	at org.apache.catalina.core.StandardContextValve.invoke(StandardContextValve.java:90)
	at org.apache.catalina.authenticator.AuthenticatorBase.invoke(AuthenticatorBase.java:483)
	at org.apache.catalina.core.StandardHostValve.invoke(StandardHostValve.java:116)
	at org.apache.catalina.valves.ErrorReportValve.invoke(ErrorReportValve.java:93)
	at org.apache.catalina.core.StandardEngineValve.invoke(StandardEngineValve.java:74)
	at org.apache.catalina.connector.CoyoteAdapter.service(CoyoteAdapter.java:344)
	at org.apache.coyote.http11.Http11Processor.service(Http11Processor.java:398)
	at org.apache.coyote.AbstractProcessorLight.process(AbstractProcessorLight.java:63)
	at org.apache.coyote.AbstractProtocol$ConnectionHandler.process(AbstractProtocol.java:903)
	at org.apache.tomcat.util.net.NioEndpoint$SocketProcessor.doRun(NioEndpoint.java:1769)
	at org.apache.tomcat.util.net.SocketProcessorBase.run(SocketProcessorBase.java:52)
	at org.apache.tomcat.util.threads.ThreadPoolExecutor.runWorker(ThreadPoolExecutor.java:1189)
	at org.apache.tomcat.util.threads.ThreadPoolExecutor$Worker.run(ThreadPoolExecutor.java:658)
	at org.apache.tomcat.util.threads.TaskThread$WrappingRunnable.run(TaskThread.java:63)
	at java.base/java.lang.Thread.run(Thread.java:1583)
2025-08-30 14:56:11 [http-nio-8080-exec-8] WARN  o.s.w.s.m.m.a.ExceptionHandlerExceptionResolver - Resolved [java.lang.NullPointerException: Name is null]
2025-08-30 14:56:11 [http-nio-8080-exec-8] INFO  c.e.b.s.logging.RequestLoggingFilter - [PUT] /user/2 -> 500 (65 ms)
2025-08-30 14:56:17 [http-nio-8080-exec-6] INFO  c.e.b.config.security.JwtService - Token válido para el usuario [admin@admin.com]
2025-08-30 14:56:17 [http-nio-8080-exec-6] INFO  c.e.b.u.c.controllers.UserController - Actualizando usuario con ID: 2
2025-08-30 14:56:17 [http-nio-8080-exec-6] INFO  c.e.b.users.service.UserService - Actualizando usuario con ID: 2
2025-08-30 14:56:17 [http-nio-8080-exec-6] INFO  c.e.b.u.service.implement.UpdateUser - Iniciando actualización del usuario con ID: 2
2025-08-30 14:56:17 [http-nio-8080-exec-6] INFO  c.e.b.u.service.implement.UpdateUser - Actualizando datos del usuario ID: 2 -> email: jime@jime.com, username: jimena
2025-08-30 14:56:17 [http-nio-8080-exec-6] ERROR c.e.b.s.e.GlobalExceptionHandler - 🔥 Excepción no controlada: Name is null
java.lang.NullPointerException: Name is null
	at java.base/java.lang.Enum.valueOf(Enum.java:291)
	at com.example.backend.users.domain.Role.valueOf(Role.java:11)
	at com.example.backend.users.service.implement.UpdateUser.execute(UpdateUser.java:55)
	at com.example.backend.users.service.UserService.updateUser(UserService.java:59)
	at com.example.backend.users.controller.controllers.UserController.updateUser(UserController.java:87)
	at java.base/jdk.internal.reflect.DirectMethodHandleAccessor.invoke(DirectMethodHandleAccessor.java:103)
	at java.base/java.lang.reflect.Method.invoke(Method.java:580)
	at org.springframework.web.method.support.InvocableHandlerMethod.doInvoke(InvocableHandlerMethod.java:258)
	at org.springframework.web.method.support.InvocableHandlerMethod.invokeForRequest(InvocableHandlerMethod.java:191)
	at org.springframework.web.servlet.mvc.method.annotation.ServletInvocableHandlerMethod.invokeAndHandle(ServletInvocableHandlerMethod.java:118)
	at org.springframework.web.servlet.mvc.method.annotation.RequestMappingHandlerAdapter.invokeHandlerMethod(RequestMappingHandlerAdapter.java:991)
	at org.springframework.web.servlet.mvc.method.annotation.RequestMappingHandlerAdapter.handleInternal(RequestMappingHandlerAdapter.java:896)
	at org.springframework.web.servlet.mvc.method.AbstractHandlerMethodAdapter.handle(AbstractHandlerMethodAdapter.java:87)
	at org.springframework.web.servlet.DispatcherServlet.doDispatch(DispatcherServlet.java:1089)
	at org.springframework.web.servlet.DispatcherServlet.doService(DispatcherServlet.java:979)
	at org.springframework.web.servlet.FrameworkServlet.processRequest(FrameworkServlet.java:1014)
	at org.springframework.web.servlet.FrameworkServlet.doPut(FrameworkServlet.java:925)
	at jakarta.servlet.http.HttpServlet.service(HttpServlet.java:593)
	at org.springframework.web.servlet.FrameworkServlet.service(FrameworkServlet.java:885)
	at jakarta.servlet.http.HttpServlet.service(HttpServlet.java:658)
	at org.apache.catalina.core.ApplicationFilterChain.internalDoFilter(ApplicationFilterChain.java:195)
	at org.apache.catalina.core.ApplicationFilterChain.doFilter(ApplicationFilterChain.java:140)
	at org.apache.tomcat.websocket.server.WsFilter.doFilter(WsFilter.java:51)
	at org.apache.catalina.core.ApplicationFilterChain.internalDoFilter(ApplicationFilterChain.java:164)
	at org.apache.catalina.core.ApplicationFilterChain.doFilter(ApplicationFilterChain.java:140)
	at com.example.backend.shared.logging.RequestLoggingFilter.doFilterInternal(RequestLoggingFilter.java:29)
	at org.springframework.web.filter.OncePerRequestFilter.doFilter(OncePerRequestFilter.java:116)
	at org.apache.catalina.core.ApplicationFilterChain.internalDoFilter(ApplicationFilterChain.java:164)
	at org.apache.catalina.core.ApplicationFilterChain.doFilter(ApplicationFilterChain.java:140)
	at org.springframework.web.filter.OncePerRequestFilter.doFilter(OncePerRequestFilter.java:110)
	at org.apache.catalina.core.ApplicationFilterChain.internalDoFilter(ApplicationFilterChain.java:164)
	at org.apache.catalina.core.ApplicationFilterChain.doFilter(ApplicationFilterChain.java:140)
	at org.springframework.web.filter.CompositeFilter$VirtualFilterChain.doFilter(CompositeFilter.java:108)
	at org.springframework.web.filter.CompositeFilter$VirtualFilterChain.doFilter(CompositeFilter.java:108)
	at org.springframework.security.web.FilterChainProxy.lambda$doFilterInternal$3(FilterChainProxy.java:231)
	at org.springframework.security.web.FilterChainProxy$VirtualFilterChain.doFilter(FilterChainProxy.java:365)
	at org.springframework.security.web.access.intercept.AuthorizationFilter.doFilter(AuthorizationFilter.java:101)
	at org.springframework.security.web.FilterChainProxy$VirtualFilterChain.doFilter(FilterChainProxy.java:374)
	at org.springframework.security.web.access.ExceptionTranslationFilter.doFilter(ExceptionTranslationFilter.java:125)
	at org.springframework.security.web.access.ExceptionTranslationFilter.doFilter(ExceptionTranslationFilter.java:119)
	at org.springframework.security.web.FilterChainProxy$VirtualFilterChain.doFilter(FilterChainProxy.java:374)
	at org.springframework.security.web.session.SessionManagementFilter.doFilter(SessionManagementFilter.java:131)
	at org.springframework.security.web.session.SessionManagementFilter.doFilter(SessionManagementFilter.java:85)
	at org.springframework.security.web.FilterChainProxy$VirtualFilterChain.doFilter(FilterChainProxy.java:374)
	at org.springframework.security.web.authentication.AnonymousAuthenticationFilter.doFilter(AnonymousAuthenticationFilter.java:100)
	at org.springframework.security.web.FilterChainProxy$VirtualFilterChain.doFilter(FilterChainProxy.java:374)
	at org.springframework.security.web.servletapi.SecurityContextHolderAwareRequestFilter.doFilter(SecurityContextHolderAwareRequestFilter.java:179)
	at org.springframework.security.web.FilterChainProxy$VirtualFilterChain.doFilter(FilterChainProxy.java:374)
	at org.springframework.security.web.savedrequest.RequestCacheAwareFilter.doFilter(RequestCacheAwareFilter.java:63)
	at org.springframework.security.web.FilterChainProxy$VirtualFilterChain.doFilter(FilterChainProxy.java:374)
	at com.example.backend.config.security.JwtCookieAuthenticationFilter.doFilterInternal(JwtCookieAuthenticationFilter.java:62)
	at org.springframework.web.filter.OncePerRequestFilter.doFilter(OncePerRequestFilter.java:116)
	at org.springframework.security.web.FilterChainProxy$VirtualFilterChain.doFilter(FilterChainProxy.java:374)
	at org.springframework.security.web.authentication.AbstractAuthenticationProcessingFilter.doFilter(AbstractAuthenticationProcessingFilter.java:235)
	at org.springframework.security.web.authentication.AbstractAuthenticationProcessingFilter.doFilter(AbstractAuthenticationProcessingFilter.java:229)
	at org.springframework.security.web.FilterChainProxy$VirtualFilterChain.doFilter(FilterChainProxy.java:374)
	at org.springframework.security.oauth2.client.web.OAuth2AuthorizationRequestRedirectFilter.doFilterInternal(OAuth2AuthorizationRequestRedirectFilter.java:198)
	at org.springframework.web.filter.OncePerRequestFilter.doFilter(OncePerRequestFilter.java:116)
	at org.springframework.security.web.FilterChainProxy$VirtualFilterChain.doFilter(FilterChainProxy.java:374)
	at org.springframework.security.web.authentication.logout.LogoutFilter.doFilter(LogoutFilter.java:107)
	at org.springframework.security.web.authentication.logout.LogoutFilter.doFilter(LogoutFilter.java:93)
	at org.springframework.security.web.FilterChainProxy$VirtualFilterChain.doFilter(FilterChainProxy.java:374)
	at org.springframework.web.filter.CorsFilter.doFilterInternal(CorsFilter.java:91)
	at org.springframework.web.filter.OncePerRequestFilter.doFilter(OncePerRequestFilter.java:116)
	at org.springframework.security.web.FilterChainProxy$VirtualFilterChain.doFilter(FilterChainProxy.java:374)
	at org.springframework.security.web.header.HeaderWriterFilter.doHeadersAfter(HeaderWriterFilter.java:90)
	at org.springframework.security.web.header.HeaderWriterFilter.doFilterInternal(HeaderWriterFilter.java:75)
	at org.springframework.web.filter.OncePerRequestFilter.doFilter(OncePerRequestFilter.java:116)
	at org.springframework.security.web.FilterChainProxy$VirtualFilterChain.doFilter(FilterChainProxy.java:374)
	at org.springframework.security.web.context.SecurityContextHolderFilter.doFilter(SecurityContextHolderFilter.java:82)
	at org.springframework.security.web.context.SecurityContextHolderFilter.doFilter(SecurityContextHolderFilter.java:69)
	at org.springframework.security.web.FilterChainProxy$VirtualFilterChain.doFilter(FilterChainProxy.java:374)
	at org.springframework.security.web.context.request.async.WebAsyncManagerIntegrationFilter.doFilterInternal(WebAsyncManagerIntegrationFilter.java:62)
	at org.springframework.web.filter.OncePerRequestFilter.doFilter(OncePerRequestFilter.java:116)
	at org.springframework.security.web.FilterChainProxy$VirtualFilterChain.doFilter(FilterChainProxy.java:374)
	at org.springframework.security.web.session.DisableEncodeUrlFilter.doFilterInternal(DisableEncodeUrlFilter.java:42)
	at org.springframework.web.filter.OncePerRequestFilter.doFilter(OncePerRequestFilter.java:116)
	at org.springframework.security.web.FilterChainProxy$VirtualFilterChain.doFilter(FilterChainProxy.java:374)
	at org.springframework.security.web.FilterChainProxy.doFilterInternal(FilterChainProxy.java:233)
	at org.springframework.security.web.FilterChainProxy.doFilter(FilterChainProxy.java:191)
	at org.springframework.web.filter.CompositeFilter$VirtualFilterChain.doFilter(CompositeFilter.java:113)
	at org.springframework.web.filter.ServletRequestPathFilter.doFilter(ServletRequestPathFilter.java:52)
	at org.springframework.web.filter.CompositeFilter$VirtualFilterChain.doFilter(CompositeFilter.java:113)
	at org.springframework.web.filter.CompositeFilter.doFilter(CompositeFilter.java:74)
	at org.springframework.security.config.annotation.web.configuration.WebSecurityConfiguration$CompositeFilterChainProxy.doFilter(WebSecurityConfiguration.java:319)
	at org.springframework.web.filter.CompositeFilter$VirtualFilterChain.doFilter(CompositeFilter.java:113)
	at org.springframework.web.servlet.handler.HandlerMappingIntrospector.lambda$createCacheFilter$4(HandlerMappingIntrospector.java:267)
	at org.springframework.web.filter.CompositeFilter$VirtualFilterChain.doFilter(CompositeFilter.java:113)
	at org.springframework.web.filter.CompositeFilter.doFilter(CompositeFilter.java:74)
	at org.springframework.security.config.annotation.web.configuration.WebMvcSecurityConfiguration$CompositeFilterChainProxy.doFilter(WebMvcSecurityConfiguration.java:240)
	at org.springframework.web.filter.DelegatingFilterProxy.invokeDelegate(DelegatingFilterProxy.java:362)
	at org.springframework.web.filter.DelegatingFilterProxy.doFilter(DelegatingFilterProxy.java:278)
	at org.apache.catalina.core.ApplicationFilterChain.internalDoFilter(ApplicationFilterChain.java:164)
	at org.apache.catalina.core.ApplicationFilterChain.doFilter(ApplicationFilterChain.java:140)
	at org.springframework.web.filter.RequestContextFilter.doFilterInternal(RequestContextFilter.java:100)
	at org.springframework.web.filter.OncePerRequestFilter.doFilter(OncePerRequestFilter.java:116)
	at org.apache.catalina.core.ApplicationFilterChain.internalDoFilter(ApplicationFilterChain.java:164)
	at org.apache.catalina.core.ApplicationFilterChain.doFilter(ApplicationFilterChain.java:140)
	at org.springframework.web.filter.FormContentFilter.doFilterInternal(FormContentFilter.java:93)
	at org.springframework.web.filter.OncePerRequestFilter.doFilter(OncePerRequestFilter.java:116)
	at org.apache.catalina.core.ApplicationFilterChain.internalDoFilter(ApplicationFilterChain.java:164)
	at org.apache.catalina.core.ApplicationFilterChain.doFilter(ApplicationFilterChain.java:140)
	at org.springframework.web.filter.CharacterEncodingFilter.doFilterInternal(CharacterEncodingFilter.java:201)
	at org.springframework.web.filter.OncePerRequestFilter.doFilter(OncePerRequestFilter.java:116)
	at org.apache.catalina.core.ApplicationFilterChain.internalDoFilter(ApplicationFilterChain.java:164)
	at org.apache.catalina.core.ApplicationFilterChain.doFilter(ApplicationFilterChain.java:140)
	at org.apache.catalina.core.StandardWrapperValve.invoke(StandardWrapperValve.java:167)
	at org.apache.catalina.core.StandardContextValve.invoke(StandardContextValve.java:90)
	at org.apache.catalina.authenticator.AuthenticatorBase.invoke(AuthenticatorBase.java:483)
	at org.apache.catalina.core.StandardHostValve.invoke(StandardHostValve.java:116)
	at org.apache.catalina.valves.ErrorReportValve.invoke(ErrorReportValve.java:93)
	at org.apache.catalina.core.StandardEngineValve.invoke(StandardEngineValve.java:74)
	at org.apache.catalina.connector.CoyoteAdapter.service(CoyoteAdapter.java:344)
	at org.apache.coyote.http11.Http11Processor.service(Http11Processor.java:398)
	at org.apache.coyote.AbstractProcessorLight.process(AbstractProcessorLight.java:63)
	at org.apache.coyote.AbstractProtocol$ConnectionHandler.process(AbstractProtocol.java:903)
	at org.apache.tomcat.util.net.NioEndpoint$SocketProcessor.doRun(NioEndpoint.java:1769)
	at org.apache.tomcat.util.net.SocketProcessorBase.run(SocketProcessorBase.java:52)
	at org.apache.tomcat.util.threads.ThreadPoolExecutor.runWorker(ThreadPoolExecutor.java:1189)
	at org.apache.tomcat.util.threads.ThreadPoolExecutor$Worker.run(ThreadPoolExecutor.java:658)
	at org.apache.tomcat.util.threads.TaskThread$WrappingRunnable.run(TaskThread.java:63)
	at java.base/java.lang.Thread.run(Thread.java:1583)
2025-08-30 14:56:17 [http-nio-8080-exec-6] WARN  o.s.w.s.m.m.a.ExceptionHandlerExceptionResolver - Resolved [java.lang.NullPointerException: Name is null]
2025-08-30 14:56:17 [http-nio-8080-exec-6] INFO  c.e.b.s.logging.RequestLoggingFilter - [PUT] /user/2 -> 500 (13 ms)
2025-08-30 14:59:14 [http-nio-8080-exec-1] INFO  c.e.b.config.security.JwtService - Token válido para el usuario [admin@admin.com]
2025-08-30 14:59:14 [http-nio-8080-exec-1] INFO  c.e.b.u.c.controllers.UserController - Actualizando usuario con ID: 2
2025-08-30 14:59:14 [http-nio-8080-exec-1] INFO  c.e.b.users.service.UserService - Actualizando usuario con ID: 2
2025-08-30 14:59:14 [http-nio-8080-exec-1] INFO  c.e.b.u.service.implement.UpdateUser - Iniciando actualización del usuario con ID: 2
2025-08-30 14:59:14 [http-nio-8080-exec-1] INFO  c.e.b.u.service.implement.UpdateUser - Actualizando datos del usuario ID: 2 -> email: jime@jime.com, username: jimena
2025-08-30 14:59:14 [http-nio-8080-exec-1] INFO  c.e.b.u.service.implement.UpdateUser - Usuario con ID 2 actualizado exitosamente
2025-08-30 14:59:14 [http-nio-8080-exec-1] INFO  c.e.b.users.service.UserService - Usuario con ID 2 actualizado correctamente.
2025-08-30 14:59:14 [http-nio-8080-exec-1] INFO  c.e.b.u.c.controllers.UserController - Usuario actualizado correctamente con ID: 2
2025-08-30 14:59:14 [http-nio-8080-exec-1] INFO  c.e.b.s.logging.RequestLoggingFilter - [PUT] /user/2 -> 200 (27 ms)
2025-08-30 14:59:19 [http-nio-8080-exec-3] INFO  c.e.b.config.security.JwtService - Token válido para el usuario [admin@admin.com]
2025-08-30 14:59:19 [http-nio-8080-exec-3] INFO  c.e.b.u.c.controllers.UserController - Actualizando usuario con ID: 2
2025-08-30 14:59:19 [http-nio-8080-exec-3] INFO  c.e.b.users.service.UserService - Actualizando usuario con ID: 2
2025-08-30 14:59:19 [http-nio-8080-exec-3] INFO  c.e.b.u.service.implement.UpdateUser - Iniciando actualización del usuario con ID: 2
2025-08-30 14:59:19 [http-nio-8080-exec-3] INFO  c.e.b.u.service.implement.UpdateUser - Actualizando datos del usuario ID: 2 -> email: jime@jime.com, username: jimena
2025-08-30 14:59:19 [http-nio-8080-exec-3] INFO  c.e.b.u.service.implement.UpdateUser - Usuario con ID 2 actualizado exitosamente
2025-08-30 14:59:19 [http-nio-8080-exec-3] INFO  c.e.b.users.service.UserService - Usuario con ID 2 actualizado correctamente.
2025-08-30 14:59:19 [http-nio-8080-exec-3] INFO  c.e.b.u.c.controllers.UserController - Usuario actualizado correctamente con ID: 2
2025-08-30 14:59:19 [http-nio-8080-exec-3] INFO  c.e.b.s.logging.RequestLoggingFilter - [PUT] /user/2 -> 200 (14 ms)
2025-08-30 14:59:19 [http-nio-8080-exec-4] INFO  c.e.b.config.security.JwtService - Token válido para el usuario [admin@admin.com]
2025-08-30 14:59:19 [http-nio-8080-exec-4] INFO  c.e.b.u.c.controllers.UserController - Obteniendo lista de todos los usuarios
2025-08-30 14:59:19 [http-nio-8080-exec-4] INFO  c.e.b.users.service.UserService - Obteniendo la lista completa de usuarios...
2025-08-30 14:59:19 [http-nio-8080-exec-4] INFO  c.e.b.u.s.implement.GetAllUsers - Se encontraron 12 usuarios en la base de datos
2025-08-30 14:59:19 [http-nio-8080-exec-4] INFO  c.e.b.users.service.UserService - Se recuperaron 12 usuarios.
2025-08-30 14:59:19 [http-nio-8080-exec-4] INFO  c.e.b.s.logging.RequestLoggingFilter - [GET] /user/getUsers -> 200 (10 ms)
2025-08-30 14:59:25 [http-nio-8080-exec-8] INFO  c.e.b.config.security.JwtService - Token válido para el usuario [admin@admin.com]
2025-08-30 14:59:25 [http-nio-8080-exec-8] INFO  c.e.b.u.c.controllers.UserController - Actualizando usuario con ID: 2
2025-08-30 14:59:25 [http-nio-8080-exec-8] INFO  c.e.b.users.service.UserService - Actualizando usuario con ID: 2
2025-08-30 14:59:25 [http-nio-8080-exec-8] INFO  c.e.b.u.service.implement.UpdateUser - Iniciando actualización del usuario con ID: 2
2025-08-30 14:59:25 [http-nio-8080-exec-8] INFO  c.e.b.u.service.implement.UpdateUser - Actualizando datos del usuario ID: 2 -> email: jime@jime.com, username: jimena
2025-08-30 14:59:25 [http-nio-8080-exec-8] INFO  c.e.b.u.service.implement.UpdateUser - Usuario con ID 2 actualizado exitosamente
2025-08-30 14:59:25 [http-nio-8080-exec-8] INFO  c.e.b.users.service.UserService - Usuario con ID 2 actualizado correctamente.
2025-08-30 14:59:25 [http-nio-8080-exec-8] INFO  c.e.b.u.c.controllers.UserController - Usuario actualizado correctamente con ID: 2
2025-08-30 14:59:25 [http-nio-8080-exec-8] INFO  c.e.b.s.logging.RequestLoggingFilter - [PUT] /user/2 -> 200 (79 ms)
2025-08-30 14:59:27 [http-nio-8080-exec-7] INFO  c.e.b.config.security.JwtService - Token válido para el usuario [admin@admin.com]
2025-08-30 14:59:27 [http-nio-8080-exec-7] INFO  c.e.b.u.c.controllers.UserController - Actualizando usuario con ID: 2
2025-08-30 14:59:27 [http-nio-8080-exec-7] INFO  c.e.b.users.service.UserService - Actualizando usuario con ID: 2
2025-08-30 14:59:27 [http-nio-8080-exec-7] INFO  c.e.b.u.service.implement.UpdateUser - Iniciando actualización del usuario con ID: 2
2025-08-30 14:59:27 [http-nio-8080-exec-7] INFO  c.e.b.u.service.implement.UpdateUser - Actualizando datos del usuario ID: 2 -> email: jime@jime.com, username: jimena
2025-08-30 14:59:27 [http-nio-8080-exec-7] INFO  c.e.b.u.service.implement.UpdateUser - Usuario con ID 2 actualizado exitosamente
2025-08-30 14:59:27 [http-nio-8080-exec-7] INFO  c.e.b.users.service.UserService - Usuario con ID 2 actualizado correctamente.
2025-08-30 14:59:27 [http-nio-8080-exec-7] INFO  c.e.b.u.c.controllers.UserController - Usuario actualizado correctamente con ID: 2
2025-08-30 14:59:27 [http-nio-8080-exec-7] INFO  c.e.b.s.logging.RequestLoggingFilter - [PUT] /user/2 -> 200 (12 ms)
2025-08-30 14:59:27 [http-nio-8080-exec-6] INFO  c.e.b.config.security.JwtService - Token válido para el usuario [admin@admin.com]
2025-08-30 14:59:27 [http-nio-8080-exec-6] INFO  c.e.b.u.c.controllers.UserController - Obteniendo lista de todos los usuarios
2025-08-30 14:59:27 [http-nio-8080-exec-6] INFO  c.e.b.users.service.UserService - Obteniendo la lista completa de usuarios...
2025-08-30 14:59:27 [http-nio-8080-exec-6] INFO  c.e.b.u.s.implement.GetAllUsers - Se encontraron 12 usuarios en la base de datos
2025-08-30 14:59:27 [http-nio-8080-exec-6] INFO  c.e.b.users.service.UserService - Se recuperaron 12 usuarios.
2025-08-30 14:59:27 [http-nio-8080-exec-6] INFO  c.e.b.s.logging.RequestLoggingFilter - [GET] /user/getUsers -> 200 (7 ms)
2025-08-30 14:59:50 [http-nio-8080-exec-10] INFO  c.e.b.config.security.JwtService - Token válido para el usuario [admin@admin.com]
2025-08-30 14:59:50 [http-nio-8080-exec-10] INFO  c.e.b.u.c.controllers.UserController - Cambiando estado del usuario con ID: 10
2025-08-30 14:59:50 [http-nio-8080-exec-10] INFO  c.e.b.users.service.UserService - Cambiando estado del usuario con ID: 10
2025-08-30 14:59:50 [http-nio-8080-exec-10] INFO  c.e.b.u.s.i.ChangeUserStatusService - Cambiando estado del usuario con id=10 de true a false
2025-08-30 14:59:50 [http-nio-8080-exec-10] INFO  c.e.b.users.service.UserService - Estado del usuario con ID 10 cambiado a: false
2025-08-30 14:59:50 [http-nio-8080-exec-10] INFO  c.e.b.u.c.controllers.UserController - Estado del usuario con ID 10 cambiado correctamente
2025-08-30 14:59:50 [http-nio-8080-exec-10] INFO  c.e.b.s.logging.RequestLoggingFilter - [PATCH] /user/10/status -> 200 (13 ms)
2025-08-30 14:59:50 [http-nio-8080-exec-1] INFO  c.e.b.config.security.JwtService - Token válido para el usuario [admin@admin.com]
2025-08-30 14:59:50 [http-nio-8080-exec-1] INFO  c.e.b.u.c.controllers.UserController - Obteniendo lista de todos los usuarios
2025-08-30 14:59:50 [http-nio-8080-exec-1] INFO  c.e.b.users.service.UserService - Obteniendo la lista completa de usuarios...
2025-08-30 14:59:50 [http-nio-8080-exec-1] INFO  c.e.b.u.s.implement.GetAllUsers - Se encontraron 12 usuarios en la base de datos
2025-08-30 14:59:50 [http-nio-8080-exec-1] INFO  c.e.b.users.service.UserService - Se recuperaron 12 usuarios.
2025-08-30 14:59:50 [http-nio-8080-exec-1] INFO  c.e.b.s.logging.RequestLoggingFilter - [GET] /user/getUsers -> 200 (10 ms)
2025-08-30 14:59:57 [http-nio-8080-exec-2] INFO  c.e.b.config.security.JwtService - Token válido para el usuario [admin@admin.com]
2025-08-30 14:59:57 [http-nio-8080-exec-2] INFO  c.e.b.u.c.controllers.AuthController - Obteniendo sesión actual
2025-08-30 14:59:57 [http-nio-8080-exec-3] INFO  c.e.b.config.security.JwtService - Token válido para el usuario [admin@admin.com]
2025-08-30 14:59:57 [http-nio-8080-exec-3] INFO  c.e.b.u.c.controllers.AuthController - Obteniendo sesión actual
2025-08-30 14:59:57 [http-nio-8080-exec-2] INFO  c.e.b.u.s.implement.GetUserSession - Sesión válida encontrada. Usuario autenticado: id=1, email=admin@admin.com
2025-08-30 14:59:57 [http-nio-8080-exec-2] INFO  c.e.b.u.c.controllers.AuthController - Sesión obtenida para usuario: admin@admin.com
2025-08-30 14:59:57 [http-nio-8080-exec-3] INFO  c.e.b.u.s.implement.GetUserSession - Sesión válida encontrada. Usuario autenticado: id=1, email=admin@admin.com
2025-08-30 14:59:57 [http-nio-8080-exec-3] INFO  c.e.b.u.c.controllers.AuthController - Sesión obtenida para usuario: admin@admin.com
2025-08-30 14:59:57 [http-nio-8080-exec-2] INFO  c.e.b.s.logging.RequestLoggingFilter - [GET] /auth/me -> 200 (11 ms)
2025-08-30 14:59:57 [http-nio-8080-exec-3] INFO  c.e.b.s.logging.RequestLoggingFilter - [GET] /auth/me -> 200 (11 ms)
2025-08-30 15:00:22 [http-nio-8080-exec-5] INFO  c.e.b.config.security.JwtService - Token válido para el usuario [admin@admin.com]
2025-08-30 15:00:22 [http-nio-8080-exec-5] INFO  c.e.b.u.c.controllers.UserController - Intentando registrar un nuevo usuario con email: vergera@telechea.com
2025-08-30 15:00:22 [http-nio-8080-exec-5] INFO  c.e.b.users.service.UserService - Registrando nuevo usuario con email: vergera@telechea.com
2025-08-30 15:00:22 [http-nio-8080-exec-5] INFO  c.e.b.u.s.implement.RegisterUser - Iniciando registro de usuario con email: vergera@telechea.com y username: vergaratelechea
2025-08-30 15:00:22 [http-nio-8080-exec-5] INFO  c.e.b.u.s.implement.RegisterUser - Usuario registrado exitosamente con ID: 13 y email: vergera@telechea.com
2025-08-30 15:00:22 [http-nio-8080-exec-5] INFO  c.e.b.users.service.UserService - Usuario vergera@telechea.com registrado correctamente.
2025-08-30 15:00:22 [http-nio-8080-exec-5] INFO  c.e.b.u.c.controllers.UserController - Usuario registrado correctamente con email: vergera@telechea.com
2025-08-30 15:00:22 [http-nio-8080-exec-5] INFO  c.e.b.s.logging.RequestLoggingFilter - [POST] /user/userRegister -> 201 (180 ms)
2025-08-30 15:00:26 [http-nio-8080-exec-8] INFO  c.e.b.config.security.JwtService - Token válido para el usuario [admin@admin.com]
2025-08-30 15:00:26 [http-nio-8080-exec-8] INFO  c.e.b.a.c.c.DashboardController - Iniciando consulta de métricas para dashboard
2025-08-30 15:00:26 [http-nio-8080-exec-8] INFO  c.e.b.a.c.c.DashboardController - Consulta completada -> Proveedores: 1, Categorías: 5, Usuarios: 13, Promedio: 0.0
2025-08-30 15:00:26 [http-nio-8080-exec-8] INFO  c.e.b.s.logging.RequestLoggingFilter - [GET] /dashboard/metrics -> 200 (58 ms)
2025-08-30 15:00:26 [http-nio-8080-exec-7] INFO  c.e.b.config.security.JwtService - Token válido para el usuario [admin@admin.com]
2025-08-30 15:00:26 [http-nio-8080-exec-7] INFO  c.e.b.a.c.c.DashboardController - Iniciando consulta de métricas para dashboard
2025-08-30 15:00:26 [http-nio-8080-exec-7] INFO  c.e.b.a.c.c.DashboardController - Consulta completada -> Proveedores: 1, Categorías: 5, Usuarios: 13, Promedio: 0.0
2025-08-30 15:00:26 [http-nio-8080-exec-7] INFO  c.e.b.s.logging.RequestLoggingFilter - [GET] /dashboard/metrics -> 200 (18 ms)
2025-08-30 15:01:55 [http-nio-8080-exec-2] INFO  c.e.b.p.c.c.ProviderController - → [ProviderController] Solicitud para listar proveedores paginados | page=0 | size=5
2025-08-30 15:01:55 [http-nio-8080-exec-2] INFO  c.e.b.p.service.ProviderService - → [ProviderService] Iniciando recuperación de prestadores | página=0 | size=5
2025-08-30 15:01:55 [http-nio-8080-exec-1] INFO  c.e.b.config.security.JwtService - Token válido para el usuario [admin@admin.com]
2025-08-30 15:01:55 [http-nio-8080-exec-1] INFO  c.e.b.c.c.c.CategoryController - Petición recibida para listar todas las categorías
2025-08-30 15:01:55 [http-nio-8080-exec-1] INFO  c.e.b.c.service.CategoryService - Recuperando todas las categorías...
2025-08-30 15:01:55 [http-nio-8080-exec-1] INFO  c.e.b.c.s.i.GetAllCategories - → [GetAllCategories] Solicitud para obtener todas las categorías ordenadas por nombre
2025-08-30 15:01:55 [http-nio-8080-exec-1] INFO  c.e.b.c.s.i.GetAllCategories - ✓ [GetAllCategories] Se recuperaron 5 categorías
2025-08-30 15:01:55 [http-nio-8080-exec-1] INFO  c.e.b.c.service.CategoryService - Se recuperaron 5 categorías
2025-08-30 15:01:55 [http-nio-8080-exec-1] INFO  c.e.b.c.c.c.CategoryController - Se recuperaron 5 categorías
2025-08-30 15:01:55 [http-nio-8080-exec-1] INFO  c.e.b.s.logging.RequestLoggingFilter - [GET] /api/categories/getAll -> 200 (14 ms)
2025-08-30 15:01:55 [http-nio-8080-exec-3] INFO  c.e.b.config.security.JwtService - Token válido para el usuario [admin@admin.com]
2025-08-30 15:01:55 [http-nio-8080-exec-3] INFO  c.e.b.c.c.c.CategoryController - Petición recibida para listar todas las categorías
2025-08-30 15:01:55 [http-nio-8080-exec-2] INFO  c.e.b.p.service.ProviderService - ✓ [ProviderService] Recuperados 1 prestadores | página=0 de 1 | totalElements=1
2025-08-30 15:01:55 [http-nio-8080-exec-3] INFO  c.e.b.c.service.CategoryService - Recuperando todas las categorías...
2025-08-30 15:01:55 [http-nio-8080-exec-3] INFO  c.e.b.c.s.i.GetAllCategories - → [GetAllCategories] Solicitud para obtener todas las categorías ordenadas por nombre
2025-08-30 15:01:55 [http-nio-8080-exec-2] INFO  c.e.b.p.c.c.ProviderController - ✓ [ProviderController] Se recuperaron 1 proveedores en la página 0 de 1 (total elementos=1)
2025-08-30 15:01:55 [http-nio-8080-exec-3] INFO  c.e.b.c.s.i.GetAllCategories - ✓ [GetAllCategories] Se recuperaron 5 categorías
2025-08-30 15:01:55 [http-nio-8080-exec-3] INFO  c.e.b.c.service.CategoryService - Se recuperaron 5 categorías
2025-08-30 15:01:55 [http-nio-8080-exec-3] INFO  c.e.b.c.c.c.CategoryController - Se recuperaron 5 categorías
2025-08-30 15:01:55 [http-nio-8080-exec-3] INFO  c.e.b.s.logging.RequestLoggingFilter - [GET] /api/categories/getAll -> 200 (7 ms)
2025-08-30 15:01:55 [http-nio-8080-exec-2] WARN  o.s.d.w.c.SpringDataJacksonConfiguration$PageModule$WarningLoggingModifier - Serializing PageImpl instances as-is is not supported, meaning that there is no guarantee about the stability of the resulting JSON structure!
	For a stable JSON structure, please use Spring Data's PagedModel (globally via @EnableSpringDataWebSupport(pageSerializationMode = VIA_DTO))
	or Spring HATEOAS and Spring Data's PagedResourcesAssembler as documented in https://docs.spring.io/spring-data/commons/reference/repositories/core-extensions.html#core.web.pageables.

2025-08-30 15:01:55 [http-nio-8080-exec-2] INFO  c.e.b.s.logging.RequestLoggingFilter - [GET] /api/providers/paged -> 200 (71 ms)
2025-08-30 15:01:55 [http-nio-8080-exec-4] INFO  c.e.b.p.c.c.ProviderController - → [ProviderController] Solicitud para listar proveedores paginados | page=0 | size=5
2025-08-30 15:01:55 [http-nio-8080-exec-4] INFO  c.e.b.p.service.ProviderService - → [ProviderService] Iniciando recuperación de prestadores | página=0 | size=5
2025-08-30 15:01:55 [http-nio-8080-exec-4] INFO  c.e.b.p.service.ProviderService - ✓ [ProviderService] Recuperados 1 prestadores | página=0 de 1 | totalElements=1
2025-08-30 15:01:55 [http-nio-8080-exec-4] INFO  c.e.b.p.c.c.ProviderController - ✓ [ProviderController] Se recuperaron 1 proveedores en la página 0 de 1 (total elementos=1)
2025-08-30 15:01:55 [http-nio-8080-exec-4] INFO  c.e.b.s.logging.RequestLoggingFilter - [GET] /api/providers/paged -> 200 (13 ms)
2025-08-30 15:01:55 [http-nio-8080-exec-8] INFO  c.e.b.p.c.c.ProviderController - → [ProviderController] Solicitud para listar proveedores paginados | page=0 | size=5
2025-08-30 15:01:55 [http-nio-8080-exec-8] INFO  c.e.b.p.service.ProviderService - → [ProviderService] Iniciando recuperación de prestadores | página=0 | size=5
2025-08-30 15:01:55 [http-nio-8080-exec-8] INFO  c.e.b.p.service.ProviderService - ✓ [ProviderService] Recuperados 1 prestadores | página=0 de 1 | totalElements=1
2025-08-30 15:01:55 [http-nio-8080-exec-8] INFO  c.e.b.p.c.c.ProviderController - ✓ [ProviderController] Se recuperaron 1 proveedores en la página 0 de 1 (total elementos=1)
2025-08-30 15:01:55 [http-nio-8080-exec-5] INFO  c.e.b.config.security.JwtService - Token válido para el usuario [admin@admin.com]
2025-08-30 15:01:55 [http-nio-8080-exec-8] INFO  c.e.b.s.logging.RequestLoggingFilter - [GET] /api/providers/paged -> 200 (13 ms)
2025-08-30 15:01:55 [http-nio-8080-exec-5] INFO  c.e.b.s.logging.RequestLoggingFilter - [GET] /uploads/proveedores/14509d29-1818-4034-8ff2-ac7802cc9ddd.png -> 200 (5 ms)
2025-08-30 15:01:58 [http-nio-8080-exec-7] INFO  c.e.b.config.security.JwtService - Token válido para el usuario [admin@admin.com]
2025-08-30 15:01:58 [http-nio-8080-exec-7] INFO  c.e.b.a.c.c.DashboardController - Iniciando consulta de métricas para dashboard
2025-08-30 15:01:58 [http-nio-8080-exec-7] INFO  c.e.b.a.c.c.DashboardController - Consulta completada -> Proveedores: 1, Categorías: 5, Usuarios: 13, Promedio: 0.0
2025-08-30 15:01:58 [http-nio-8080-exec-7] INFO  c.e.b.s.logging.RequestLoggingFilter - [GET] /dashboard/metrics -> 200 (16 ms)
2025-08-30 15:01:58 [http-nio-8080-exec-6] INFO  c.e.b.config.security.JwtService - Token válido para el usuario [admin@admin.com]
2025-08-30 15:01:58 [http-nio-8080-exec-6] INFO  c.e.b.a.c.c.DashboardController - Iniciando consulta de métricas para dashboard
2025-08-30 15:01:58 [http-nio-8080-exec-6] INFO  c.e.b.a.c.c.DashboardController - Consulta completada -> Proveedores: 1, Categorías: 5, Usuarios: 13, Promedio: 0.0
2025-08-30 15:01:58 [http-nio-8080-exec-6] INFO  c.e.b.s.logging.RequestLoggingFilter - [GET] /dashboard/metrics -> 200 (19 ms)
2025-08-30 15:05:26 [http-nio-8080-exec-4] INFO  c.e.b.config.security.JwtService - Token válido para el usuario [admin@admin.com]
2025-08-30 15:05:26 [http-nio-8080-exec-4] INFO  c.e.b.u.c.controllers.AuthController - Logout solicitado
2025-08-30 15:05:26 [http-nio-8080-exec-4] INFO  c.e.b.u.s.implement.LogoutService - Iniciando proceso de logout: invalidando cookie de autenticación.
2025-08-30 15:05:26 [http-nio-8080-exec-4] INFO  c.e.b.u.s.implement.LogoutService - Cookie de autenticación eliminada correctamente. Logout exitoso.
2025-08-30 15:05:26 [http-nio-8080-exec-4] INFO  c.e.b.u.c.controllers.AuthController - Logout exitoso
2025-08-30 15:05:26 [http-nio-8080-exec-4] INFO  c.e.b.s.logging.RequestLoggingFilter - [POST] /auth/logout -> 200 (7 ms)
2025-08-30 15:05:30 [http-nio-8080-exec-8] INFO  c.e.b.c.c.c.CategoryController - Petición recibida para listar todas las categorías
2025-08-30 15:05:30 [http-nio-8080-exec-8] INFO  c.e.b.c.service.CategoryService - Recuperando todas las categorías...
2025-08-30 15:05:30 [http-nio-8080-exec-8] INFO  c.e.b.c.s.i.GetAllCategories - → [GetAllCategories] Solicitud para obtener todas las categorías ordenadas por nombre
2025-08-30 15:05:30 [http-nio-8080-exec-5] INFO  c.e.b.p.c.c.ProviderController - → [ProviderController] Solicitud para listar proveedores paginados | page=0 | size=5
2025-08-30 15:05:30 [http-nio-8080-exec-5] INFO  c.e.b.p.service.ProviderService - → [ProviderService] Iniciando recuperación de prestadores | página=0 | size=5
2025-08-30 15:05:30 [http-nio-8080-exec-8] INFO  c.e.b.c.s.i.GetAllCategories - ✓ [GetAllCategories] Se recuperaron 5 categorías
2025-08-30 15:05:30 [http-nio-8080-exec-8] INFO  c.e.b.c.service.CategoryService - Se recuperaron 5 categorías
2025-08-30 15:05:30 [http-nio-8080-exec-8] INFO  c.e.b.c.c.c.CategoryController - Se recuperaron 5 categorías
2025-08-30 15:05:30 [http-nio-8080-exec-8] INFO  c.e.b.s.logging.RequestLoggingFilter - [GET] /api/categories/getAll -> 200 (8 ms)
2025-08-30 15:05:30 [http-nio-8080-exec-6] INFO  c.e.b.c.c.c.CategoryController - Petición recibida para listar todas las categorías
2025-08-30 15:05:30 [http-nio-8080-exec-6] INFO  c.e.b.c.service.CategoryService - Recuperando todas las categorías...
2025-08-30 15:05:30 [http-nio-8080-exec-6] INFO  c.e.b.c.s.i.GetAllCategories - → [GetAllCategories] Solicitud para obtener todas las categorías ordenadas por nombre
2025-08-30 15:05:30 [http-nio-8080-exec-5] INFO  c.e.b.p.service.ProviderService - ✓ [ProviderService] Recuperados 1 prestadores | página=0 de 1 | totalElements=1
2025-08-30 15:05:30 [http-nio-8080-exec-5] INFO  c.e.b.p.c.c.ProviderController - ✓ [ProviderController] Se recuperaron 1 proveedores en la página 0 de 1 (total elementos=1)
2025-08-30 15:05:30 [http-nio-8080-exec-5] INFO  c.e.b.s.logging.RequestLoggingFilter - [GET] /api/providers/paged -> 200 (15 ms)
2025-08-30 15:05:30 [http-nio-8080-exec-6] INFO  c.e.b.c.s.i.GetAllCategories - ✓ [GetAllCategories] Se recuperaron 5 categorías
2025-08-30 15:05:30 [http-nio-8080-exec-6] INFO  c.e.b.c.service.CategoryService - Se recuperaron 5 categorías
2025-08-30 15:05:30 [http-nio-8080-exec-6] INFO  c.e.b.c.c.c.CategoryController - Se recuperaron 5 categorías
2025-08-30 15:05:30 [http-nio-8080-exec-6] INFO  c.e.b.s.logging.RequestLoggingFilter - [GET] /api/categories/getAll -> 200 (8 ms)
2025-08-30 15:05:30 [http-nio-8080-exec-9] INFO  c.e.b.p.c.c.ProviderController - → [ProviderController] Solicitud para listar proveedores paginados | page=0 | size=5
2025-08-30 15:05:30 [http-nio-8080-exec-9] INFO  c.e.b.p.service.ProviderService - → [ProviderService] Iniciando recuperación de prestadores | página=0 | size=5
2025-08-30 15:05:30 [http-nio-8080-exec-9] INFO  c.e.b.p.service.ProviderService - ✓ [ProviderService] Recuperados 1 prestadores | página=0 de 1 | totalElements=1
2025-08-30 15:05:30 [http-nio-8080-exec-9] INFO  c.e.b.p.c.c.ProviderController - ✓ [ProviderController] Se recuperaron 1 proveedores en la página 0 de 1 (total elementos=1)
2025-08-30 15:05:30 [http-nio-8080-exec-9] INFO  c.e.b.s.logging.RequestLoggingFilter - [GET] /api/providers/paged -> 200 (14 ms)
2025-08-30 15:05:30 [http-nio-8080-exec-1] INFO  c.e.b.p.c.c.ProviderController - → [ProviderController] Solicitud para listar proveedores paginados | page=0 | size=5
2025-08-30 15:05:30 [http-nio-8080-exec-1] INFO  c.e.b.p.service.ProviderService - → [ProviderService] Iniciando recuperación de prestadores | página=0 | size=5
2025-08-30 15:05:30 [http-nio-8080-exec-1] INFO  c.e.b.p.service.ProviderService - ✓ [ProviderService] Recuperados 1 prestadores | página=0 de 1 | totalElements=1
2025-08-30 15:05:30 [http-nio-8080-exec-1] INFO  c.e.b.p.c.c.ProviderController - ✓ [ProviderController] Se recuperaron 1 proveedores en la página 0 de 1 (total elementos=1)
2025-08-30 15:05:30 [http-nio-8080-exec-1] INFO  c.e.b.s.logging.RequestLoggingFilter - [GET] /api/providers/paged -> 200 (13 ms)
2025-08-30 15:05:30 [http-nio-8080-exec-3] INFO  c.e.b.s.logging.RequestLoggingFilter - [GET] /uploads/proveedores/14509d29-1818-4034-8ff2-ac7802cc9ddd.png -> 200 (4 ms)
2025-08-30 15:05:40 [http-nio-8080-exec-8] INFO  c.e.b.c.s.o.GoogleOAuth2SuccessHandler - ✅ Inicio de autenticación con Google OAuth2
2025-08-30 15:05:40 [http-nio-8080-exec-8] INFO  c.e.b.c.s.o.GoogleOAuth2SuccessHandler - 📧 Usuario autenticado por Google con email: illescasjonathan39@gmail.com
2025-08-30 15:05:40 [http-nio-8080-exec-8] INFO  c.e.b.c.s.o.GoogleOAuth2SuccessHandler - 🕒 Último login actualizado para usuario: illescasjonathan39@gmail.com
2025-08-30 15:05:40 [http-nio-8080-exec-8] INFO  c.e.b.config.security.JwtService - Se generó un nuevo token para el usuario [illescasjonathan39@gmail.com], rol: USER
2025-08-30 15:05:40 [http-nio-8080-exec-8] INFO  c.e.b.c.s.o.GoogleOAuth2SuccessHandler - 🔑 JWT generado y agregado en cookie para usuario illescasjonathan39@gmail.com
2025-08-30 15:05:40 [http-nio-8080-exec-8] INFO  c.e.b.c.s.o.GoogleOAuth2SuccessHandler - ✅ Autenticación exitosa, redirigiendo al frontend
2025-08-30 15:05:40 [http-nio-8080-exec-6] INFO  c.e.b.p.c.c.ProviderController - → [ProviderController] Solicitud para listar proveedores paginados | page=0 | size=5
2025-08-30 15:05:40 [http-nio-8080-exec-6] INFO  c.e.b.p.service.ProviderService - → [ProviderService] Iniciando recuperación de prestadores | página=0 | size=5
2025-08-30 15:05:40 [http-nio-8080-exec-6] INFO  c.e.b.p.service.ProviderService - ✓ [ProviderService] Recuperados 1 prestadores | página=0 de 1 | totalElements=1
2025-08-30 15:05:40 [http-nio-8080-exec-6] INFO  c.e.b.p.c.c.ProviderController - ✓ [ProviderController] Se recuperaron 1 proveedores en la página 0 de 1 (total elementos=1)
2025-08-30 15:05:40 [http-nio-8080-exec-9] INFO  c.e.b.config.security.JwtService - Token válido para el usuario [illescasjonathan39@gmail.com]
2025-08-30 15:05:40 [http-nio-8080-exec-6] INFO  c.e.b.s.logging.RequestLoggingFilter - [GET] /api/providers/paged -> 200 (15 ms)
2025-08-30 15:05:40 [http-nio-8080-exec-5] INFO  c.e.b.config.security.JwtService - Token válido para el usuario [illescasjonathan39@gmail.com]
2025-08-30 15:05:40 [http-nio-8080-exec-5] INFO  c.e.b.c.c.c.CategoryController - Petición recibida para listar todas las categorías
2025-08-30 15:05:40 [http-nio-8080-exec-9] INFO  c.e.b.u.c.controllers.AuthController - Obteniendo sesión actual
2025-08-30 15:05:40 [http-nio-8080-exec-5] INFO  c.e.b.c.service.CategoryService - Recuperando todas las categorías...
2025-08-30 15:05:40 [http-nio-8080-exec-5] INFO  c.e.b.c.s.i.GetAllCategories - → [GetAllCategories] Solicitud para obtener todas las categorías ordenadas por nombre
2025-08-30 15:05:40 [http-nio-8080-exec-1] INFO  c.e.b.p.c.c.ProviderController - → [ProviderController] Solicitud para listar proveedores paginados | page=0 | size=5
2025-08-30 15:05:40 [http-nio-8080-exec-1] INFO  c.e.b.p.service.ProviderService - → [ProviderService] Iniciando recuperación de prestadores | página=0 | size=5
2025-08-30 15:05:40 [http-nio-8080-exec-5] INFO  c.e.b.c.s.i.GetAllCategories - ✓ [GetAllCategories] Se recuperaron 5 categorías
2025-08-30 15:05:40 [http-nio-8080-exec-5] INFO  c.e.b.c.service.CategoryService - Se recuperaron 5 categorías
2025-08-30 15:05:40 [http-nio-8080-exec-5] INFO  c.e.b.c.c.c.CategoryController - Se recuperaron 5 categorías
2025-08-30 15:05:40 [http-nio-8080-exec-5] INFO  c.e.b.s.logging.RequestLoggingFilter - [GET] /api/categories/getAll -> 200 (8 ms)
2025-08-30 15:05:40 [http-nio-8080-exec-9] INFO  c.e.b.u.s.implement.GetUserSession - Sesión válida encontrada. Usuario autenticado: id=3, email=illescasjonathan39@gmail.com
2025-08-30 15:05:40 [http-nio-8080-exec-9] INFO  c.e.b.u.c.controllers.AuthController - Sesión obtenida para usuario: illescasjonathan39@gmail.com
2025-08-30 15:05:40 [http-nio-8080-exec-9] INFO  c.e.b.s.logging.RequestLoggingFilter - [GET] /auth/me -> 200 (11 ms)
2025-08-30 15:05:40 [http-nio-8080-exec-1] INFO  c.e.b.p.service.ProviderService - ✓ [ProviderService] Recuperados 1 prestadores | página=0 de 1 | totalElements=1
2025-08-30 15:05:40 [http-nio-8080-exec-1] INFO  c.e.b.p.c.c.ProviderController - ✓ [ProviderController] Se recuperaron 1 proveedores en la página 0 de 1 (total elementos=1)
2025-08-30 15:05:40 [http-nio-8080-exec-1] INFO  c.e.b.s.logging.RequestLoggingFilter - [GET] /api/providers/paged -> 200 (14 ms)
2025-08-30 15:05:40 [http-nio-8080-exec-7] INFO  c.e.b.p.c.c.ProviderController - → [ProviderController] Solicitud para listar proveedores paginados | page=0 | size=5
2025-08-30 15:05:40 [http-nio-8080-exec-7] INFO  c.e.b.p.service.ProviderService - → [ProviderService] Iniciando recuperación de prestadores | página=0 | size=5
2025-08-30 15:05:40 [http-nio-8080-exec-3] INFO  c.e.b.config.security.JwtService - Token válido para el usuario [illescasjonathan39@gmail.com]
2025-08-30 15:05:40 [http-nio-8080-exec-3] INFO  c.e.b.c.c.c.CategoryController - Petición recibida para listar todas las categorías
2025-08-30 15:05:40 [http-nio-8080-exec-3] INFO  c.e.b.c.service.CategoryService - Recuperando todas las categorías...
2025-08-30 15:05:40 [http-nio-8080-exec-3] INFO  c.e.b.c.s.i.GetAllCategories - → [GetAllCategories] Solicitud para obtener todas las categorías ordenadas por nombre
2025-08-30 15:05:40 [http-nio-8080-exec-2] INFO  c.e.b.config.security.JwtService - Token válido para el usuario [illescasjonathan39@gmail.com]
2025-08-30 15:05:40 [http-nio-8080-exec-2] INFO  c.e.b.u.c.controllers.AuthController - Obteniendo sesión actual
2025-08-30 15:05:40 [http-nio-8080-exec-7] INFO  c.e.b.p.service.ProviderService - ✓ [ProviderService] Recuperados 1 prestadores | página=0 de 1 | totalElements=1
2025-08-30 15:05:40 [http-nio-8080-exec-3] INFO  c.e.b.c.s.i.GetAllCategories - ✓ [GetAllCategories] Se recuperaron 5 categorías
2025-08-30 15:05:40 [http-nio-8080-exec-7] INFO  c.e.b.p.c.c.ProviderController - ✓ [ProviderController] Se recuperaron 1 proveedores en la página 0 de 1 (total elementos=1)
2025-08-30 15:05:40 [http-nio-8080-exec-3] INFO  c.e.b.c.service.CategoryService - Se recuperaron 5 categorías
2025-08-30 15:05:40 [http-nio-8080-exec-3] INFO  c.e.b.c.c.c.CategoryController - Se recuperaron 5 categorías
2025-08-30 15:05:40 [http-nio-8080-exec-4] INFO  c.e.b.config.security.JwtService - Token válido para el usuario [illescasjonathan39@gmail.com]
2025-08-30 15:05:40 [http-nio-8080-exec-7] INFO  c.e.b.s.logging.RequestLoggingFilter - [GET] /api/providers/paged -> 200 (12 ms)
2025-08-30 15:05:40 [http-nio-8080-exec-3] INFO  c.e.b.s.logging.RequestLoggingFilter - [GET] /api/categories/getAll -> 200 (7 ms)
2025-08-30 15:05:40 [http-nio-8080-exec-4] INFO  c.e.b.s.logging.RequestLoggingFilter - [GET] /uploads/proveedores/14509d29-1818-4034-8ff2-ac7802cc9ddd.png -> 200 (4 ms)
2025-08-30 15:05:40 [http-nio-8080-exec-2] INFO  c.e.b.u.s.implement.GetUserSession - Sesión válida encontrada. Usuario autenticado: id=3, email=illescasjonathan39@gmail.com
2025-08-30 15:05:40 [http-nio-8080-exec-2] INFO  c.e.b.u.c.controllers.AuthController - Sesión obtenida para usuario: illescasjonathan39@gmail.com
2025-08-30 15:05:40 [http-nio-8080-exec-2] INFO  c.e.b.s.logging.RequestLoggingFilter - [GET] /auth/me -> 200 (11 ms)
2025-08-30 15:05:40 [http-nio-8080-exec-10] INFO  c.e.b.config.security.JwtService - Token válido para el usuario [illescasjonathan39@gmail.com]
2025-08-30 15:05:40 [http-nio-8080-exec-10] INFO  c.e.b.u.c.controllers.AuthController - Obteniendo sesión actual
2025-08-30 15:05:40 [http-nio-8080-exec-10] INFO  c.e.b.u.s.implement.GetUserSession - Sesión válida encontrada. Usuario autenticado: id=3, email=illescasjonathan39@gmail.com
2025-08-30 15:05:40 [http-nio-8080-exec-10] INFO  c.e.b.u.c.controllers.AuthController - Sesión obtenida para usuario: illescasjonathan39@gmail.com
2025-08-30 15:05:40 [http-nio-8080-exec-10] INFO  c.e.b.s.logging.RequestLoggingFilter - [GET] /auth/me -> 200 (9 ms)
2025-08-30 15:05:40 [http-nio-8080-exec-6] INFO  c.e.b.p.c.c.ProviderController - → [ProviderController] Solicitud para listar proveedores paginados | page=0 | size=5
2025-08-30 15:05:40 [http-nio-8080-exec-6] INFO  c.e.b.p.service.ProviderService - → [ProviderService] Iniciando recuperación de prestadores | página=0 | size=5
2025-08-30 15:05:40 [http-nio-8080-exec-6] INFO  c.e.b.p.service.ProviderService - ✓ [ProviderService] Recuperados 1 prestadores | página=0 de 1 | totalElements=1
2025-08-30 15:05:40 [http-nio-8080-exec-6] INFO  c.e.b.p.c.c.ProviderController - ✓ [ProviderController] Se recuperaron 1 proveedores en la página 0 de 1 (total elementos=1)
2025-08-30 15:05:40 [http-nio-8080-exec-8] INFO  c.e.b.config.security.JwtService - Token válido para el usuario [illescasjonathan39@gmail.com]
2025-08-30 15:05:40 [http-nio-8080-exec-6] INFO  c.e.b.s.logging.RequestLoggingFilter - [GET] /api/providers/paged -> 200 (11 ms)
2025-08-30 15:05:40 [http-nio-8080-exec-8] INFO  c.e.b.c.c.c.CategoryController - Petición recibida para listar todas las categorías
2025-08-30 15:05:40 [http-nio-8080-exec-8] INFO  c.e.b.c.service.CategoryService - Recuperando todas las categorías...
2025-08-30 15:05:40 [http-nio-8080-exec-8] INFO  c.e.b.c.s.i.GetAllCategories - → [GetAllCategories] Solicitud para obtener todas las categorías ordenadas por nombre
2025-08-30 15:05:40 [http-nio-8080-exec-5] INFO  c.e.b.p.c.c.ProviderController - → [ProviderController] Solicitud para listar proveedores paginados | page=0 | size=5
2025-08-30 15:05:40 [http-nio-8080-exec-8] INFO  c.e.b.c.s.i.GetAllCategories - ✓ [GetAllCategories] Se recuperaron 5 categorías
2025-08-30 15:05:40 [http-nio-8080-exec-5] INFO  c.e.b.p.service.ProviderService - → [ProviderService] Iniciando recuperación de prestadores | página=0 | size=5
2025-08-30 15:05:40 [http-nio-8080-exec-8] INFO  c.e.b.c.service.CategoryService - Se recuperaron 5 categorías
2025-08-30 15:05:40 [http-nio-8080-exec-8] INFO  c.e.b.c.c.c.CategoryController - Se recuperaron 5 categorías
2025-08-30 15:05:40 [http-nio-8080-exec-8] INFO  c.e.b.s.logging.RequestLoggingFilter - [GET] /api/categories/getAll -> 200 (6 ms)
2025-08-30 15:05:40 [http-nio-8080-exec-5] INFO  c.e.b.p.service.ProviderService - ✓ [ProviderService] Recuperados 1 prestadores | página=0 de 1 | totalElements=1
2025-08-30 15:05:40 [http-nio-8080-exec-5] INFO  c.e.b.p.c.c.ProviderController - ✓ [ProviderController] Se recuperaron 1 proveedores en la página 0 de 1 (total elementos=1)
2025-08-30 15:05:40 [http-nio-8080-exec-5] INFO  c.e.b.s.logging.RequestLoggingFilter - [GET] /api/providers/paged -> 200 (13 ms)
2025-08-30 15:05:40 [http-nio-8080-exec-7] INFO  c.e.b.p.c.c.ProviderController - → [ProviderController] Solicitud para listar proveedores paginados | page=0 | size=5
2025-08-30 15:05:40 [http-nio-8080-exec-7] INFO  c.e.b.p.service.ProviderService - → [ProviderService] Iniciando recuperación de prestadores | página=0 | size=5
2025-08-30 15:05:40 [http-nio-8080-exec-9] INFO  c.e.b.config.security.JwtService - Token válido para el usuario [illescasjonathan39@gmail.com]
2025-08-30 15:05:40 [http-nio-8080-exec-1] INFO  c.e.b.config.security.JwtService - Token válido para el usuario [illescasjonathan39@gmail.com]
2025-08-30 15:05:40 [http-nio-8080-exec-1] INFO  c.e.b.c.c.c.CategoryController - Petición recibida para listar todas las categorías
2025-08-30 15:05:40 [http-nio-8080-exec-1] INFO  c.e.b.c.service.CategoryService - Recuperando todas las categorías...
2025-08-30 15:05:40 [http-nio-8080-exec-1] INFO  c.e.b.c.s.i.GetAllCategories - → [GetAllCategories] Solicitud para obtener todas las categorías ordenadas por nombre
2025-08-30 15:05:40 [http-nio-8080-exec-9] INFO  c.e.b.s.logging.RequestLoggingFilter - [GET] /uploads/proveedores/14509d29-1818-4034-8ff2-ac7802cc9ddd.png -> 200 (4 ms)
2025-08-30 15:05:40 [http-nio-8080-exec-1] INFO  c.e.b.c.s.i.GetAllCategories - ✓ [GetAllCategories] Se recuperaron 5 categorías
2025-08-30 15:05:40 [http-nio-8080-exec-1] INFO  c.e.b.c.service.CategoryService - Se recuperaron 5 categorías
2025-08-30 15:05:40 [http-nio-8080-exec-1] INFO  c.e.b.c.c.c.CategoryController - Se recuperaron 5 categorías
2025-08-30 15:05:40 [http-nio-8080-exec-1] INFO  c.e.b.s.logging.RequestLoggingFilter - [GET] /api/categories/getAll -> 200 (6 ms)
2025-08-30 15:05:40 [http-nio-8080-exec-7] INFO  c.e.b.p.service.ProviderService - ✓ [ProviderService] Recuperados 1 prestadores | página=0 de 1 | totalElements=1
2025-08-30 15:05:40 [http-nio-8080-exec-7] INFO  c.e.b.p.c.c.ProviderController - ✓ [ProviderController] Se recuperaron 1 proveedores en la página 0 de 1 (total elementos=1)
2025-08-30 15:05:40 [http-nio-8080-exec-7] INFO  c.e.b.s.logging.RequestLoggingFilter - [GET] /api/providers/paged -> 200 (13 ms)
2025-08-30 15:07:22 [http-nio-8080-exec-5] INFO  c.e.b.config.security.JwtService - Token válido para el usuario [illescasjonathan39@gmail.com]
2025-08-30 15:07:22 [http-nio-8080-exec-5] INFO  c.e.b.u.c.controllers.AuthController - Logout solicitado
2025-08-30 15:07:22 [http-nio-8080-exec-5] INFO  c.e.b.u.s.implement.LogoutService - Iniciando proceso de logout: invalidando cookie de autenticación.
2025-08-30 15:07:22 [http-nio-8080-exec-5] INFO  c.e.b.u.s.implement.LogoutService - Cookie de autenticación eliminada correctamente. Logout exitoso.
2025-08-30 15:07:22 [http-nio-8080-exec-5] INFO  c.e.b.u.c.controllers.AuthController - Logout exitoso
2025-08-30 15:07:22 [http-nio-8080-exec-5] INFO  c.e.b.s.logging.RequestLoggingFilter - [POST] /auth/logout -> 200 (1 ms)
2025-08-30 15:07:29 [http-nio-8080-exec-3] INFO  c.e.b.u.c.controllers.AuthController - Intento de login para usuario: admin@admin.com
2025-08-30 15:07:29 [http-nio-8080-exec-3] INFO  c.e.b.u.s.implement.LoginService - Intentando autenticar usuario con email: admin@admin.com
2025-08-30 15:07:29 [http-nio-8080-exec-3] INFO  c.e.b.u.s.i.AuthenticationServiceImpl - Último login actualizado para usuario id=1, email=admin@admin.com
2025-08-30 15:07:29 [http-nio-8080-exec-3] INFO  c.e.b.config.security.JwtService - Se generó un nuevo token para el usuario [admin@admin.com], rol: ADMIN
2025-08-30 15:07:29 [http-nio-8080-exec-3] INFO  c.e.b.u.s.i.AuthenticationServiceImpl - JWT generado exitosamente para usuario id=1
2025-08-30 15:07:29 [http-nio-8080-exec-3] INFO  c.e.b.u.s.implement.LoginService - Cookie de autenticación creada y añadida a la respuesta para usuario admin@admin.com
2025-08-30 15:07:29 [http-nio-8080-exec-3] INFO  c.e.b.u.s.implement.GetUserByEmail - Usuario encontrado con email: admin@admin.com
2025-08-30 15:07:29 [http-nio-8080-exec-3] INFO  c.e.b.u.s.implement.LoginService - Usuario admin@admin.com autenticado exitosamente con ID 1
2025-08-30 15:07:29 [http-nio-8080-exec-3] INFO  c.e.b.u.c.controllers.AuthController - Login exitoso para usuario: admin@admin.com
2025-08-30 15:07:29 [http-nio-8080-exec-3] INFO  c.e.b.s.logging.RequestLoggingFilter - [POST] /auth/login -> 200 (155 ms)
2025-08-30 15:07:29 [http-nio-8080-exec-2] INFO  c.e.b.config.security.JwtService - Token válido para el usuario [admin@admin.com]
2025-08-30 15:07:29 [http-nio-8080-exec-2] INFO  c.e.b.a.c.c.DashboardController - Iniciando consulta de métricas para dashboard
2025-08-30 15:07:29 [http-nio-8080-exec-2] INFO  c.e.b.a.c.c.DashboardController - Consulta completada -> Proveedores: 1, Categorías: 5, Usuarios: 13, Promedio: 0.0
2025-08-30 15:07:29 [http-nio-8080-exec-2] INFO  c.e.b.s.logging.RequestLoggingFilter - [GET] /dashboard/metrics -> 200 (15 ms)
2025-08-30 15:07:29 [http-nio-8080-exec-10] INFO  c.e.b.config.security.JwtService - Token válido para el usuario [admin@admin.com]
2025-08-30 15:07:29 [http-nio-8080-exec-10] INFO  c.e.b.a.c.c.DashboardController - Iniciando consulta de métricas para dashboard
2025-08-30 15:07:29 [http-nio-8080-exec-10] INFO  c.e.b.a.c.c.DashboardController - Consulta completada -> Proveedores: 1, Categorías: 5, Usuarios: 13, Promedio: 0.0
2025-08-30 15:07:29 [http-nio-8080-exec-10] INFO  c.e.b.s.logging.RequestLoggingFilter - [GET] /dashboard/metrics -> 200 (18 ms)
2025-08-30 15:07:32 [http-nio-8080-exec-6] INFO  c.e.b.p.c.c.ProviderController - → [ProviderController] Solicitud para listar proveedores paginados | page=0 | size=5
2025-08-30 15:07:32 [http-nio-8080-exec-6] INFO  c.e.b.p.service.ProviderService - → [ProviderService] Iniciando recuperación de prestadores | página=0 | size=5
2025-08-30 15:07:32 [http-nio-8080-exec-4] INFO  c.e.b.config.security.JwtService - Token válido para el usuario [admin@admin.com]
2025-08-30 15:07:32 [http-nio-8080-exec-6] INFO  c.e.b.p.service.ProviderService - ✓ [ProviderService] Recuperados 1 prestadores | página=0 de 1 | totalElements=1
2025-08-30 15:07:32 [http-nio-8080-exec-6] INFO  c.e.b.p.c.c.ProviderController - ✓ [ProviderController] Se recuperaron 1 proveedores en la página 0 de 1 (total elementos=1)
2025-08-30 15:07:32 [http-nio-8080-exec-4] INFO  c.e.b.c.c.c.CategoryController - Petición recibida para listar todas las categorías
2025-08-30 15:07:32 [http-nio-8080-exec-4] INFO  c.e.b.c.service.CategoryService - Recuperando todas las categorías...
2025-08-30 15:07:32 [http-nio-8080-exec-4] INFO  c.e.b.c.s.i.GetAllCategories - → [GetAllCategories] Solicitud para obtener todas las categorías ordenadas por nombre
2025-08-30 15:07:32 [http-nio-8080-exec-6] INFO  c.e.b.s.logging.RequestLoggingFilter - [GET] /api/providers/paged -> 200 (14 ms)
2025-08-30 15:07:32 [http-nio-8080-exec-4] INFO  c.e.b.c.s.i.GetAllCategories - ✓ [GetAllCategories] Se recuperaron 5 categorías
2025-08-30 15:07:32 [http-nio-8080-exec-4] INFO  c.e.b.c.service.CategoryService - Se recuperaron 5 categorías
2025-08-30 15:07:32 [http-nio-8080-exec-4] INFO  c.e.b.c.c.c.CategoryController - Se recuperaron 5 categorías
2025-08-30 15:07:32 [http-nio-8080-exec-8] INFO  c.e.b.p.c.c.ProviderController - → [ProviderController] Solicitud para listar proveedores paginados | page=0 | size=5
2025-08-30 15:07:32 [http-nio-8080-exec-8] INFO  c.e.b.p.service.ProviderService - → [ProviderService] Iniciando recuperación de prestadores | página=0 | size=5
2025-08-30 15:07:32 [http-nio-8080-exec-4] INFO  c.e.b.s.logging.RequestLoggingFilter - [GET] /api/categories/getAll -> 200 (7 ms)
2025-08-30 15:07:32 [http-nio-8080-exec-8] INFO  c.e.b.p.service.ProviderService - ✓ [ProviderService] Recuperados 1 prestadores | página=0 de 1 | totalElements=1
2025-08-30 15:07:32 [http-nio-8080-exec-8] INFO  c.e.b.p.c.c.ProviderController - ✓ [ProviderController] Se recuperaron 1 proveedores en la página 0 de 1 (total elementos=1)
2025-08-30 15:07:32 [http-nio-8080-exec-8] INFO  c.e.b.s.logging.RequestLoggingFilter - [GET] /api/providers/paged -> 200 (10 ms)
2025-08-30 15:07:32 [http-nio-8080-exec-1] INFO  c.e.b.p.c.c.ProviderController - → [ProviderController] Solicitud para listar proveedores paginados | page=0 | size=5
2025-08-30 15:07:32 [http-nio-8080-exec-1] INFO  c.e.b.p.service.ProviderService - → [ProviderService] Iniciando recuperación de prestadores | página=0 | size=5
2025-08-30 15:07:32 [http-nio-8080-exec-5] INFO  c.e.b.config.security.JwtService - Token válido para el usuario [admin@admin.com]
2025-08-30 15:07:32 [http-nio-8080-exec-5] INFO  c.e.b.c.c.c.CategoryController - Petición recibida para listar todas las categorías
2025-08-30 15:07:32 [http-nio-8080-exec-5] INFO  c.e.b.c.service.CategoryService - Recuperando todas las categorías...
2025-08-30 15:07:32 [http-nio-8080-exec-5] INFO  c.e.b.c.s.i.GetAllCategories - → [GetAllCategories] Solicitud para obtener todas las categorías ordenadas por nombre
2025-08-30 15:07:32 [http-nio-8080-exec-9] INFO  c.e.b.config.security.JwtService - Token válido para el usuario [admin@admin.com]
2025-08-30 15:07:32 [http-nio-8080-exec-5] INFO  c.e.b.c.s.i.GetAllCategories - ✓ [GetAllCategories] Se recuperaron 5 categorías
2025-08-30 15:07:32 [http-nio-8080-exec-5] INFO  c.e.b.c.service.CategoryService - Se recuperaron 5 categorías
2025-08-30 15:07:32 [http-nio-8080-exec-5] INFO  c.e.b.c.c.c.CategoryController - Se recuperaron 5 categorías
2025-08-30 15:07:32 [http-nio-8080-exec-9] INFO  c.e.b.s.logging.RequestLoggingFilter - [GET] /uploads/proveedores/14509d29-1818-4034-8ff2-ac7802cc9ddd.png -> 200 (2 ms)
2025-08-30 15:07:32 [http-nio-8080-exec-5] INFO  c.e.b.s.logging.RequestLoggingFilter - [GET] /api/categories/getAll -> 200 (6 ms)
2025-08-30 15:07:32 [http-nio-8080-exec-1] INFO  c.e.b.p.service.ProviderService - ✓ [ProviderService] Recuperados 1 prestadores | página=0 de 1 | totalElements=1
2025-08-30 15:07:32 [http-nio-8080-exec-1] INFO  c.e.b.p.c.c.ProviderController - ✓ [ProviderController] Se recuperaron 1 proveedores en la página 0 de 1 (total elementos=1)
2025-08-30 15:07:32 [http-nio-8080-exec-1] INFO  c.e.b.s.logging.RequestLoggingFilter - [GET] /api/providers/paged -> 200 (12 ms)
2025-08-30 15:09:03 [http-nio-8080-exec-4] INFO  c.e.b.p.c.c.ProviderController - → [ProviderController] Solicitud para listar proveedores paginados | page=0 | size=5
2025-08-30 15:09:03 [http-nio-8080-exec-4] INFO  c.e.b.p.service.ProviderService - → [ProviderService] Iniciando recuperación de prestadores | página=0 | size=5
2025-08-30 15:09:03 [http-nio-8080-exec-4] INFO  c.e.b.p.service.ProviderService - ✓ [ProviderService] Recuperados 1 prestadores | página=0 de 1 | totalElements=1
2025-08-30 15:09:03 [http-nio-8080-exec-4] INFO  c.e.b.p.c.c.ProviderController - ✓ [ProviderController] Se recuperaron 1 proveedores en la página 0 de 1 (total elementos=1)
2025-08-30 15:09:03 [http-nio-8080-exec-6] INFO  c.e.b.config.security.JwtService - Token válido para el usuario [admin@admin.com]
2025-08-30 15:09:03 [http-nio-8080-exec-4] INFO  c.e.b.s.logging.RequestLoggingFilter - [GET] /api/providers/paged -> 200 (12 ms)
2025-08-30 15:09:03 [http-nio-8080-exec-6] INFO  c.e.b.c.c.c.CategoryController - Petición recibida para listar todas las categorías
2025-08-30 15:09:03 [http-nio-8080-exec-6] INFO  c.e.b.c.service.CategoryService - Recuperando todas las categorías...
2025-08-30 15:09:03 [http-nio-8080-exec-6] INFO  c.e.b.c.s.i.GetAllCategories - → [GetAllCategories] Solicitud para obtener todas las categorías ordenadas por nombre
2025-08-30 15:09:03 [http-nio-8080-exec-8] INFO  c.e.b.p.c.c.ProviderController - → [ProviderController] Solicitud para listar proveedores paginados | page=0 | size=5
2025-08-30 15:09:03 [http-nio-8080-exec-8] INFO  c.e.b.p.service.ProviderService - → [ProviderService] Iniciando recuperación de prestadores | página=0 | size=5
2025-08-30 15:09:03 [http-nio-8080-exec-6] INFO  c.e.b.c.s.i.GetAllCategories - ✓ [GetAllCategories] Se recuperaron 5 categorías
2025-08-30 15:09:03 [http-nio-8080-exec-6] INFO  c.e.b.c.service.CategoryService - Se recuperaron 5 categorías
2025-08-30 15:09:03 [http-nio-8080-exec-6] INFO  c.e.b.c.c.c.CategoryController - Se recuperaron 5 categorías
2025-08-30 15:09:03 [http-nio-8080-exec-6] INFO  c.e.b.s.logging.RequestLoggingFilter - [GET] /api/categories/getAll -> 200 (6 ms)
2025-08-30 15:09:03 [http-nio-8080-exec-8] INFO  c.e.b.p.service.ProviderService - ✓ [ProviderService] Recuperados 1 prestadores | página=0 de 1 | totalElements=1
2025-08-30 15:09:03 [http-nio-8080-exec-8] INFO  c.e.b.p.c.c.ProviderController - ✓ [ProviderController] Se recuperaron 1 proveedores en la página 0 de 1 (total elementos=1)
2025-08-30 15:09:03 [http-nio-8080-exec-8] INFO  c.e.b.s.logging.RequestLoggingFilter - [GET] /api/providers/paged -> 200 (12 ms)
2025-08-30 15:09:03 [http-nio-8080-exec-1] INFO  c.e.b.p.c.c.ProviderController - → [ProviderController] Solicitud para listar proveedores paginados | page=0 | size=5
2025-08-30 15:09:03 [http-nio-8080-exec-1] INFO  c.e.b.p.service.ProviderService - → [ProviderService] Iniciando recuperación de prestadores | página=0 | size=5
2025-08-30 15:09:03 [http-nio-8080-exec-9] INFO  c.e.b.config.security.JwtService - Token válido para el usuario [admin@admin.com]
2025-08-30 15:09:03 [http-nio-8080-exec-5] INFO  c.e.b.config.security.JwtService - Token válido para el usuario [admin@admin.com]
2025-08-30 15:09:03 [http-nio-8080-exec-5] INFO  c.e.b.c.c.c.CategoryController - Petición recibida para listar todas las categorías
2025-08-30 15:09:03 [http-nio-8080-exec-5] INFO  c.e.b.c.service.CategoryService - Recuperando todas las categorías...
2025-08-30 15:09:03 [http-nio-8080-exec-5] INFO  c.e.b.c.s.i.GetAllCategories - → [GetAllCategories] Solicitud para obtener todas las categorías ordenadas por nombre
2025-08-30 15:09:04 [http-nio-8080-exec-9] INFO  c.e.b.s.logging.RequestLoggingFilter - [GET] /uploads/proveedores/14509d29-1818-4034-8ff2-ac7802cc9ddd.png -> 200 (4 ms)
2025-08-30 15:09:04 [http-nio-8080-exec-5] INFO  c.e.b.c.s.i.GetAllCategories - ✓ [GetAllCategories] Se recuperaron 5 categorías
2025-08-30 15:09:04 [http-nio-8080-exec-5] INFO  c.e.b.c.service.CategoryService - Se recuperaron 5 categorías
2025-08-30 15:09:04 [http-nio-8080-exec-5] INFO  c.e.b.c.c.c.CategoryController - Se recuperaron 5 categorías
2025-08-30 15:09:04 [http-nio-8080-exec-1] INFO  c.e.b.p.service.ProviderService - ✓ [ProviderService] Recuperados 1 prestadores | página=0 de 1 | totalElements=1
2025-08-30 15:09:04 [http-nio-8080-exec-1] INFO  c.e.b.p.c.c.ProviderController - ✓ [ProviderController] Se recuperaron 1 proveedores en la página 0 de 1 (total elementos=1)
2025-08-30 15:09:04 [http-nio-8080-exec-5] INFO  c.e.b.s.logging.RequestLoggingFilter - [GET] /api/categories/getAll -> 200 (6 ms)
2025-08-30 15:09:04 [http-nio-8080-exec-1] INFO  c.e.b.s.logging.RequestLoggingFilter - [GET] /api/providers/paged -> 200 (12 ms)
2025-08-30 15:09:19 [http-nio-8080-exec-7] INFO  c.e.b.config.security.JwtService - Token válido para el usuario [admin@admin.com]
2025-08-30 15:09:19 [http-nio-8080-exec-7] INFO  c.e.b.a.c.c.DashboardController - Iniciando consulta de métricas para dashboard
2025-08-30 15:09:19 [http-nio-8080-exec-7] INFO  c.e.b.a.c.c.DashboardController - Consulta completada -> Proveedores: 1, Categorías: 5, Usuarios: 13, Promedio: 0.0
2025-08-30 15:09:19 [http-nio-8080-exec-7] INFO  c.e.b.s.logging.RequestLoggingFilter - [GET] /dashboard/metrics -> 200 (13 ms)
2025-08-30 15:09:19 [http-nio-8080-exec-3] INFO  c.e.b.config.security.JwtService - Token válido para el usuario [admin@admin.com]
2025-08-30 15:09:19 [http-nio-8080-exec-3] INFO  c.e.b.a.c.c.DashboardController - Iniciando consulta de métricas para dashboard
2025-08-30 15:09:19 [http-nio-8080-exec-3] INFO  c.e.b.a.c.c.DashboardController - Consulta completada -> Proveedores: 1, Categorías: 5, Usuarios: 13, Promedio: 0.0
2025-08-30 15:09:19 [http-nio-8080-exec-3] INFO  c.e.b.s.logging.RequestLoggingFilter - [GET] /dashboard/metrics -> 200 (18 ms)
2025-08-30 15:09:20 [http-nio-8080-exec-10] INFO  c.e.b.p.c.c.ProviderController - → [ProviderController] Solicitud para listar proveedores paginados | page=0 | size=5
2025-08-30 15:09:20 [http-nio-8080-exec-10] INFO  c.e.b.p.service.ProviderService - → [ProviderService] Iniciando recuperación de prestadores | página=0 | size=5
2025-08-30 15:09:20 [http-nio-8080-exec-10] INFO  c.e.b.p.service.ProviderService - ✓ [ProviderService] Recuperados 1 prestadores | página=0 de 1 | totalElements=1
2025-08-30 15:09:20 [http-nio-8080-exec-10] INFO  c.e.b.p.c.c.ProviderController - ✓ [ProviderController] Se recuperaron 1 proveedores en la página 0 de 1 (total elementos=1)
2025-08-30 15:09:20 [http-nio-8080-exec-2] INFO  c.e.b.config.security.JwtService - Token válido para el usuario [admin@admin.com]
2025-08-30 15:09:20 [http-nio-8080-exec-10] INFO  c.e.b.s.logging.RequestLoggingFilter - [GET] /api/providers/paged -> 200 (10 ms)
2025-08-30 15:09:20 [http-nio-8080-exec-2] INFO  c.e.b.c.c.c.CategoryController - Petición recibida para listar todas las categorías
2025-08-30 15:09:20 [http-nio-8080-exec-2] INFO  c.e.b.c.service.CategoryService - Recuperando todas las categorías...
2025-08-30 15:09:20 [http-nio-8080-exec-2] INFO  c.e.b.c.s.i.GetAllCategories - → [GetAllCategories] Solicitud para obtener todas las categorías ordenadas por nombre
2025-08-30 15:09:20 [http-nio-8080-exec-2] INFO  c.e.b.c.s.i.GetAllCategories - ✓ [GetAllCategories] Se recuperaron 5 categorías
2025-08-30 15:09:20 [http-nio-8080-exec-2] INFO  c.e.b.c.service.CategoryService - Se recuperaron 5 categorías
2025-08-30 15:09:20 [http-nio-8080-exec-2] INFO  c.e.b.c.c.c.CategoryController - Se recuperaron 5 categorías
2025-08-30 15:09:20 [http-nio-8080-exec-4] INFO  c.e.b.p.c.c.ProviderController - → [ProviderController] Solicitud para listar proveedores paginados | page=0 | size=5
2025-08-30 15:09:20 [http-nio-8080-exec-4] INFO  c.e.b.p.service.ProviderService - → [ProviderService] Iniciando recuperación de prestadores | página=0 | size=5
2025-08-30 15:09:20 [http-nio-8080-exec-2] INFO  c.e.b.s.logging.RequestLoggingFilter - [GET] /api/categories/getAll -> 200 (5 ms)
2025-08-30 15:09:20 [http-nio-8080-exec-4] INFO  c.e.b.p.service.ProviderService - ✓ [ProviderService] Recuperados 1 prestadores | página=0 de 1 | totalElements=1
2025-08-30 15:09:20 [http-nio-8080-exec-4] INFO  c.e.b.p.c.c.ProviderController - ✓ [ProviderController] Se recuperaron 1 proveedores en la página 0 de 1 (total elementos=1)
2025-08-30 15:09:20 [http-nio-8080-exec-4] INFO  c.e.b.s.logging.RequestLoggingFilter - [GET] /api/providers/paged -> 200 (11 ms)
2025-08-30 15:09:20 [http-nio-8080-exec-9] INFO  c.e.b.p.c.c.ProviderController - → [ProviderController] Solicitud para listar proveedores paginados | page=0 | size=5
2025-08-30 15:09:20 [http-nio-8080-exec-9] INFO  c.e.b.p.service.ProviderService - → [ProviderService] Iniciando recuperación de prestadores | página=0 | size=5
2025-08-30 15:09:20 [http-nio-8080-exec-6] INFO  c.e.b.config.security.JwtService - Token válido para el usuario [admin@admin.com]
2025-08-30 15:09:20 [http-nio-8080-exec-8] INFO  c.e.b.config.security.JwtService - Token válido para el usuario [admin@admin.com]
2025-08-30 15:09:20 [http-nio-8080-exec-6] INFO  c.e.b.c.c.c.CategoryController - Petición recibida para listar todas las categorías
2025-08-30 15:09:20 [http-nio-8080-exec-6] INFO  c.e.b.c.service.CategoryService - Recuperando todas las categorías...
2025-08-30 15:09:20 [http-nio-8080-exec-6] INFO  c.e.b.c.s.i.GetAllCategories - → [GetAllCategories] Solicitud para obtener todas las categorías ordenadas por nombre
2025-08-30 15:09:20 [http-nio-8080-exec-6] INFO  c.e.b.c.s.i.GetAllCategories - ✓ [GetAllCategories] Se recuperaron 5 categorías
2025-08-30 15:09:20 [http-nio-8080-exec-6] INFO  c.e.b.c.service.CategoryService - Se recuperaron 5 categorías
2025-08-30 15:09:20 [http-nio-8080-exec-8] INFO  c.e.b.s.logging.RequestLoggingFilter - [GET] /uploads/proveedores/14509d29-1818-4034-8ff2-ac7802cc9ddd.png -> 200 (4 ms)
2025-08-30 15:09:20 [http-nio-8080-exec-6] INFO  c.e.b.c.c.c.CategoryController - Se recuperaron 5 categorías
2025-08-30 15:09:20 [http-nio-8080-exec-6] INFO  c.e.b.s.logging.RequestLoggingFilter - [GET] /api/categories/getAll -> 200 (7 ms)
2025-08-30 15:09:20 [http-nio-8080-exec-9] INFO  c.e.b.p.service.ProviderService - ✓ [ProviderService] Recuperados 1 prestadores | página=0 de 1 | totalElements=1
2025-08-30 15:09:20 [http-nio-8080-exec-9] INFO  c.e.b.p.c.c.ProviderController - ✓ [ProviderController] Se recuperaron 1 proveedores en la página 0 de 1 (total elementos=1)
2025-08-30 15:09:20 [http-nio-8080-exec-9] INFO  c.e.b.s.logging.RequestLoggingFilter - [GET] /api/providers/paged -> 200 (11 ms)
2025-08-30 15:13:39 [http-nio-8080-exec-4] INFO  c.e.b.config.security.JwtService - Token válido para el usuario [admin@admin.com]
2025-08-30 15:13:39 [http-nio-8080-exec-4] INFO  c.e.b.u.c.controllers.AuthController - Logout solicitado
2025-08-30 15:13:39 [http-nio-8080-exec-4] INFO  c.e.b.u.s.implement.LogoutService - Iniciando proceso de logout: invalidando cookie de autenticación.
2025-08-30 15:13:39 [http-nio-8080-exec-4] INFO  c.e.b.u.s.implement.LogoutService - Cookie de autenticación eliminada correctamente. Logout exitoso.
2025-08-30 15:13:39 [http-nio-8080-exec-4] INFO  c.e.b.u.c.controllers.AuthController - Logout exitoso
2025-08-30 15:13:39 [http-nio-8080-exec-4] INFO  c.e.b.s.logging.RequestLoggingFilter - [POST] /auth/logout -> 200 (1 ms)
2025-08-30 15:22:53 [http-nio-8080-exec-9] INFO  c.e.b.c.c.c.CategoryController - Petición recibida para listar todas las categorías
2025-08-30 15:22:53 [http-nio-8080-exec-9] INFO  c.e.b.c.service.CategoryService - Recuperando todas las categorías...
2025-08-30 15:22:53 [http-nio-8080-exec-9] INFO  c.e.b.c.s.i.GetAllCategories - → [GetAllCategories] Solicitud para obtener todas las categorías ordenadas por nombre
2025-08-30 15:22:53 [http-nio-8080-exec-5] INFO  c.e.b.p.c.c.ProviderController - → [ProviderController] Solicitud para listar proveedores paginados | page=0 | size=5
2025-08-30 15:22:53 [http-nio-8080-exec-5] INFO  c.e.b.p.service.ProviderService - → [ProviderService] Iniciando recuperación de prestadores | página=0 | size=5
2025-08-30 15:22:53 [http-nio-8080-exec-9] INFO  c.e.b.c.s.i.GetAllCategories - ✓ [GetAllCategories] Se recuperaron 5 categorías
2025-08-30 15:22:53 [http-nio-8080-exec-9] INFO  c.e.b.c.service.CategoryService - Se recuperaron 5 categorías
2025-08-30 15:22:53 [http-nio-8080-exec-9] INFO  c.e.b.c.c.c.CategoryController - Se recuperaron 5 categorías
2025-08-30 15:22:53 [http-nio-8080-exec-9] INFO  c.e.b.s.logging.RequestLoggingFilter - [GET] /api/categories/getAll -> 200 (8 ms)
2025-08-30 15:22:53 [http-nio-8080-exec-7] INFO  c.e.b.c.c.c.CategoryController - Petición recibida para listar todas las categorías
2025-08-30 15:22:53 [http-nio-8080-exec-7] INFO  c.e.b.c.service.CategoryService - Recuperando todas las categorías...
2025-08-30 15:22:53 [http-nio-8080-exec-7] INFO  c.e.b.c.s.i.GetAllCategories - → [GetAllCategories] Solicitud para obtener todas las categorías ordenadas por nombre
2025-08-30 15:22:53 [http-nio-8080-exec-5] INFO  c.e.b.p.service.ProviderService - ✓ [ProviderService] Recuperados 1 prestadores | página=0 de 1 | totalElements=1
2025-08-30 15:22:53 [http-nio-8080-exec-5] INFO  c.e.b.p.c.c.ProviderController - ✓ [ProviderController] Se recuperaron 1 proveedores en la página 0 de 1 (total elementos=1)
2025-08-30 15:22:53 [http-nio-8080-exec-7] INFO  c.e.b.c.s.i.GetAllCategories - ✓ [GetAllCategories] Se recuperaron 5 categorías
2025-08-30 15:22:53 [http-nio-8080-exec-7] INFO  c.e.b.c.service.CategoryService - Se recuperaron 5 categorías
2025-08-30 15:22:53 [http-nio-8080-exec-7] INFO  c.e.b.c.c.c.CategoryController - Se recuperaron 5 categorías
2025-08-30 15:22:53 [http-nio-8080-exec-5] INFO  c.e.b.s.logging.RequestLoggingFilter - [GET] /api/providers/paged -> 200 (14 ms)
2025-08-30 15:22:53 [http-nio-8080-exec-7] INFO  c.e.b.s.logging.RequestLoggingFilter - [GET] /api/categories/getAll -> 200 (6 ms)
2025-08-30 15:22:53 [http-nio-8080-exec-10] INFO  c.e.b.p.c.c.ProviderController - → [ProviderController] Solicitud para listar proveedores paginados | page=0 | size=5
2025-08-30 15:22:53 [http-nio-8080-exec-10] INFO  c.e.b.p.service.ProviderService - → [ProviderService] Iniciando recuperación de prestadores | página=0 | size=5
2025-08-30 15:22:53 [http-nio-8080-exec-10] INFO  c.e.b.p.service.ProviderService - ✓ [ProviderService] Recuperados 1 prestadores | página=0 de 1 | totalElements=1
2025-08-30 15:22:53 [http-nio-8080-exec-10] INFO  c.e.b.p.c.c.ProviderController - ✓ [ProviderController] Se recuperaron 1 proveedores en la página 0 de 1 (total elementos=1)
2025-08-30 15:22:53 [http-nio-8080-exec-10] INFO  c.e.b.s.logging.RequestLoggingFilter - [GET] /api/providers/paged -> 200 (11 ms)
2025-08-30 15:22:53 [http-nio-8080-exec-2] INFO  c.e.b.p.c.c.ProviderController - → [ProviderController] Solicitud para listar proveedores paginados | page=0 | size=5
2025-08-30 15:22:53 [http-nio-8080-exec-2] INFO  c.e.b.p.service.ProviderService - → [ProviderService] Iniciando recuperación de prestadores | página=0 | size=5
2025-08-30 15:22:53 [http-nio-8080-exec-2] INFO  c.e.b.p.service.ProviderService - ✓ [ProviderService] Recuperados 1 prestadores | página=0 de 1 | totalElements=1
2025-08-30 15:22:53 [http-nio-8080-exec-2] INFO  c.e.b.p.c.c.ProviderController - ✓ [ProviderController] Se recuperaron 1 proveedores en la página 0 de 1 (total elementos=1)
2025-08-30 15:22:53 [http-nio-8080-exec-2] INFO  c.e.b.s.logging.RequestLoggingFilter - [GET] /api/providers/paged -> 200 (11 ms)
2025-08-30 15:22:53 [http-nio-8080-exec-4] ERROR c.e.b.s.e.GlobalExceptionHandler - 🔥 Excepción no controlada: No static resource proveedores/14509d29-1818-4034-8ff2-ac7802cc9ddd.png.
org.springframework.web.servlet.resource.NoResourceFoundException: No static resource proveedores/14509d29-1818-4034-8ff2-ac7802cc9ddd.png.
	at org.springframework.web.servlet.resource.ResourceHttpRequestHandler.handleRequest(ResourceHttpRequestHandler.java:585)
	at org.springframework.web.servlet.mvc.HttpRequestHandlerAdapter.handle(HttpRequestHandlerAdapter.java:52)
	at org.springframework.web.servlet.DispatcherServlet.doDispatch(DispatcherServlet.java:1089)
	at org.springframework.web.servlet.DispatcherServlet.doService(DispatcherServlet.java:979)
	at org.springframework.web.servlet.FrameworkServlet.processRequest(FrameworkServlet.java:1014)
	at org.springframework.web.servlet.FrameworkServlet.doGet(FrameworkServlet.java:903)
	at jakarta.servlet.http.HttpServlet.service(HttpServlet.java:564)
	at org.springframework.web.servlet.FrameworkServlet.service(FrameworkServlet.java:885)
	at jakarta.servlet.http.HttpServlet.service(HttpServlet.java:658)
	at org.apache.catalina.core.ApplicationFilterChain.internalDoFilter(ApplicationFilterChain.java:195)
	at org.apache.catalina.core.ApplicationFilterChain.doFilter(ApplicationFilterChain.java:140)
	at org.apache.tomcat.websocket.server.WsFilter.doFilter(WsFilter.java:51)
	at org.apache.catalina.core.ApplicationFilterChain.internalDoFilter(ApplicationFilterChain.java:164)
	at org.apache.catalina.core.ApplicationFilterChain.doFilter(ApplicationFilterChain.java:140)
	at com.example.backend.shared.logging.RequestLoggingFilter.doFilterInternal(RequestLoggingFilter.java:29)
	at org.springframework.web.filter.OncePerRequestFilter.doFilter(OncePerRequestFilter.java:116)
	at org.apache.catalina.core.ApplicationFilterChain.internalDoFilter(ApplicationFilterChain.java:164)
	at org.apache.catalina.core.ApplicationFilterChain.doFilter(ApplicationFilterChain.java:140)
	at org.springframework.web.filter.OncePerRequestFilter.doFilter(OncePerRequestFilter.java:110)
	at org.apache.catalina.core.ApplicationFilterChain.internalDoFilter(ApplicationFilterChain.java:164)
	at org.apache.catalina.core.ApplicationFilterChain.doFilter(ApplicationFilterChain.java:140)
	at org.springframework.web.filter.CompositeFilter$VirtualFilterChain.doFilter(CompositeFilter.java:108)
	at org.springframework.web.filter.CompositeFilter$VirtualFilterChain.doFilter(CompositeFilter.java:108)
	at org.springframework.security.web.FilterChainProxy.lambda$doFilterInternal$3(FilterChainProxy.java:231)
	at org.springframework.security.web.FilterChainProxy$VirtualFilterChain.doFilter(FilterChainProxy.java:365)
	at org.springframework.security.web.access.intercept.AuthorizationFilter.doFilter(AuthorizationFilter.java:101)
	at org.springframework.security.web.FilterChainProxy$VirtualFilterChain.doFilter(FilterChainProxy.java:374)
	at org.springframework.security.web.access.ExceptionTranslationFilter.doFilter(ExceptionTranslationFilter.java:125)
	at org.springframework.security.web.access.ExceptionTranslationFilter.doFilter(ExceptionTranslationFilter.java:119)
	at org.springframework.security.web.FilterChainProxy$VirtualFilterChain.doFilter(FilterChainProxy.java:374)
	at org.springframework.security.web.session.SessionManagementFilter.doFilter(SessionManagementFilter.java:131)
	at org.springframework.security.web.session.SessionManagementFilter.doFilter(SessionManagementFilter.java:85)
	at org.springframework.security.web.FilterChainProxy$VirtualFilterChain.doFilter(FilterChainProxy.java:374)
	at org.springframework.security.web.authentication.AnonymousAuthenticationFilter.doFilter(AnonymousAuthenticationFilter.java:100)
	at org.springframework.security.web.FilterChainProxy$VirtualFilterChain.doFilter(FilterChainProxy.java:374)
	at org.springframework.security.web.servletapi.SecurityContextHolderAwareRequestFilter.doFilter(SecurityContextHolderAwareRequestFilter.java:179)
	at org.springframework.security.web.FilterChainProxy$VirtualFilterChain.doFilter(FilterChainProxy.java:374)
	at org.springframework.security.web.savedrequest.RequestCacheAwareFilter.doFilter(RequestCacheAwareFilter.java:63)
	at org.springframework.security.web.FilterChainProxy$VirtualFilterChain.doFilter(FilterChainProxy.java:374)
	at com.example.backend.config.security.JwtCookieAuthenticationFilter.doFilterInternal(JwtCookieAuthenticationFilter.java:62)
	at org.springframework.web.filter.OncePerRequestFilter.doFilter(OncePerRequestFilter.java:116)
	at org.springframework.security.web.FilterChainProxy$VirtualFilterChain.doFilter(FilterChainProxy.java:374)
	at org.springframework.security.web.authentication.AbstractAuthenticationProcessingFilter.doFilter(AbstractAuthenticationProcessingFilter.java:235)
	at org.springframework.security.web.authentication.AbstractAuthenticationProcessingFilter.doFilter(AbstractAuthenticationProcessingFilter.java:229)
	at org.springframework.security.web.FilterChainProxy$VirtualFilterChain.doFilter(FilterChainProxy.java:374)
	at org.springframework.security.oauth2.client.web.OAuth2AuthorizationRequestRedirectFilter.doFilterInternal(OAuth2AuthorizationRequestRedirectFilter.java:198)
	at org.springframework.web.filter.OncePerRequestFilter.doFilter(OncePerRequestFilter.java:116)
	at org.springframework.security.web.FilterChainProxy$VirtualFilterChain.doFilter(FilterChainProxy.java:374)
	at org.springframework.security.web.authentication.logout.LogoutFilter.doFilter(LogoutFilter.java:107)
	at org.springframework.security.web.authentication.logout.LogoutFilter.doFilter(LogoutFilter.java:93)
	at org.springframework.security.web.FilterChainProxy$VirtualFilterChain.doFilter(FilterChainProxy.java:374)
	at org.springframework.web.filter.CorsFilter.doFilterInternal(CorsFilter.java:91)
	at org.springframework.web.filter.OncePerRequestFilter.doFilter(OncePerRequestFilter.java:116)
	at org.springframework.security.web.FilterChainProxy$VirtualFilterChain.doFilter(FilterChainProxy.java:374)
	at org.springframework.security.web.header.HeaderWriterFilter.doHeadersAfter(HeaderWriterFilter.java:90)
	at org.springframework.security.web.header.HeaderWriterFilter.doFilterInternal(HeaderWriterFilter.java:75)
	at org.springframework.web.filter.OncePerRequestFilter.doFilter(OncePerRequestFilter.java:116)
	at org.springframework.security.web.FilterChainProxy$VirtualFilterChain.doFilter(FilterChainProxy.java:374)
	at org.springframework.security.web.context.SecurityContextHolderFilter.doFilter(SecurityContextHolderFilter.java:82)
	at org.springframework.security.web.context.SecurityContextHolderFilter.doFilter(SecurityContextHolderFilter.java:69)
	at org.springframework.security.web.FilterChainProxy$VirtualFilterChain.doFilter(FilterChainProxy.java:374)
	at org.springframework.security.web.context.request.async.WebAsyncManagerIntegrationFilter.doFilterInternal(WebAsyncManagerIntegrationFilter.java:62)
	at org.springframework.web.filter.OncePerRequestFilter.doFilter(OncePerRequestFilter.java:116)
	at org.springframework.security.web.FilterChainProxy$VirtualFilterChain.doFilter(FilterChainProxy.java:374)
	at org.springframework.security.web.session.DisableEncodeUrlFilter.doFilterInternal(DisableEncodeUrlFilter.java:42)
	at org.springframework.web.filter.OncePerRequestFilter.doFilter(OncePerRequestFilter.java:116)
	at org.springframework.security.web.FilterChainProxy$VirtualFilterChain.doFilter(FilterChainProxy.java:374)
	at org.springframework.security.web.FilterChainProxy.doFilterInternal(FilterChainProxy.java:233)
	at org.springframework.security.web.FilterChainProxy.doFilter(FilterChainProxy.java:191)
	at org.springframework.web.filter.CompositeFilter$VirtualFilterChain.doFilter(CompositeFilter.java:113)
	at org.springframework.web.filter.ServletRequestPathFilter.doFilter(ServletRequestPathFilter.java:52)
	at org.springframework.web.filter.CompositeFilter$VirtualFilterChain.doFilter(CompositeFilter.java:113)
	at org.springframework.web.filter.CompositeFilter.doFilter(CompositeFilter.java:74)
	at org.springframework.security.config.annotation.web.configuration.WebSecurityConfiguration$CompositeFilterChainProxy.doFilter(WebSecurityConfiguration.java:319)
	at org.springframework.web.filter.CompositeFilter$VirtualFilterChain.doFilter(CompositeFilter.java:113)
	at org.springframework.web.servlet.handler.HandlerMappingIntrospector.lambda$createCacheFilter$4(HandlerMappingIntrospector.java:267)
	at org.springframework.web.filter.CompositeFilter$VirtualFilterChain.doFilter(CompositeFilter.java:113)
	at org.springframework.web.filter.CompositeFilter.doFilter(CompositeFilter.java:74)
	at org.springframework.security.config.annotation.web.configuration.WebMvcSecurityConfiguration$CompositeFilterChainProxy.doFilter(WebMvcSecurityConfiguration.java:240)
	at org.springframework.web.filter.DelegatingFilterProxy.invokeDelegate(DelegatingFilterProxy.java:362)
	at org.springframework.web.filter.DelegatingFilterProxy.doFilter(DelegatingFilterProxy.java:278)
	at org.apache.catalina.core.ApplicationFilterChain.internalDoFilter(ApplicationFilterChain.java:164)
	at org.apache.catalina.core.ApplicationFilterChain.doFilter(ApplicationFilterChain.java:140)
	at org.springframework.web.filter.RequestContextFilter.doFilterInternal(RequestContextFilter.java:100)
	at org.springframework.web.filter.OncePerRequestFilter.doFilter(OncePerRequestFilter.java:116)
	at org.apache.catalina.core.ApplicationFilterChain.internalDoFilter(ApplicationFilterChain.java:164)
	at org.apache.catalina.core.ApplicationFilterChain.doFilter(ApplicationFilterChain.java:140)
	at org.springframework.web.filter.FormContentFilter.doFilterInternal(FormContentFilter.java:93)
	at org.springframework.web.filter.OncePerRequestFilter.doFilter(OncePerRequestFilter.java:116)
	at org.apache.catalina.core.ApplicationFilterChain.internalDoFilter(ApplicationFilterChain.java:164)
	at org.apache.catalina.core.ApplicationFilterChain.doFilter(ApplicationFilterChain.java:140)
	at org.springframework.web.filter.CharacterEncodingFilter.doFilterInternal(CharacterEncodingFilter.java:201)
	at org.springframework.web.filter.OncePerRequestFilter.doFilter(OncePerRequestFilter.java:116)
	at org.apache.catalina.core.ApplicationFilterChain.internalDoFilter(ApplicationFilterChain.java:164)
	at org.apache.catalina.core.ApplicationFilterChain.doFilter(ApplicationFilterChain.java:140)
	at org.apache.catalina.core.StandardWrapperValve.invoke(StandardWrapperValve.java:167)
	at org.apache.catalina.core.StandardContextValve.invoke(StandardContextValve.java:90)
	at org.apache.catalina.authenticator.AuthenticatorBase.invoke(AuthenticatorBase.java:483)
	at org.apache.catalina.core.StandardHostValve.invoke(StandardHostValve.java:116)
	at org.apache.catalina.valves.ErrorReportValve.invoke(ErrorReportValve.java:93)
	at org.apache.catalina.core.StandardEngineValve.invoke(StandardEngineValve.java:74)
	at org.apache.catalina.connector.CoyoteAdapter.service(CoyoteAdapter.java:344)
	at org.apache.coyote.http11.Http11Processor.service(Http11Processor.java:398)
	at org.apache.coyote.AbstractProcessorLight.process(AbstractProcessorLight.java:63)
	at org.apache.coyote.AbstractProtocol$ConnectionHandler.process(AbstractProtocol.java:903)
	at org.apache.tomcat.util.net.NioEndpoint$SocketProcessor.doRun(NioEndpoint.java:1769)
	at org.apache.tomcat.util.net.SocketProcessorBase.run(SocketProcessorBase.java:52)
	at org.apache.tomcat.util.threads.ThreadPoolExecutor.runWorker(ThreadPoolExecutor.java:1189)
	at org.apache.tomcat.util.threads.ThreadPoolExecutor$Worker.run(ThreadPoolExecutor.java:658)
	at org.apache.tomcat.util.threads.TaskThread$WrappingRunnable.run(TaskThread.java:63)
	at java.base/java.lang.Thread.run(Thread.java:1583)
2025-08-30 15:22:53 [http-nio-8080-exec-4] WARN  o.s.w.s.m.m.a.ExceptionHandlerExceptionResolver - Resolved [org.springframework.web.servlet.resource.NoResourceFoundException: No static resource proveedores/14509d29-1818-4034-8ff2-ac7802cc9ddd.png.]
2025-08-30 15:22:53 [http-nio-8080-exec-4] INFO  c.e.b.s.logging.RequestLoggingFilter - [GET] /uploads/proveedores/14509d29-1818-4034-8ff2-ac7802cc9ddd.png -> 500 (5 ms)
2025-08-30 15:28:36 [http-nio-8080-exec-3] INFO  c.e.b.c.c.c.CategoryController - Petición recibida para listar todas las categorías
2025-08-30 15:28:36 [http-nio-8080-exec-3] INFO  c.e.b.c.service.CategoryService - Recuperando todas las categorías...
2025-08-30 15:28:36 [http-nio-8080-exec-3] INFO  c.e.b.c.s.i.GetAllCategories - → [GetAllCategories] Solicitud para obtener todas las categorías ordenadas por nombre
2025-08-30 15:28:36 [http-nio-8080-exec-9] INFO  c.e.b.p.c.c.ProviderController - → [ProviderController] Solicitud para listar proveedores paginados | page=0 | size=5
2025-08-30 15:28:36 [http-nio-8080-exec-9] INFO  c.e.b.p.service.ProviderService - → [ProviderService] Iniciando recuperación de prestadores | página=0 | size=5
2025-08-30 15:28:36 [http-nio-8080-exec-3] INFO  c.e.b.c.s.i.GetAllCategories - ✓ [GetAllCategories] Se recuperaron 5 categorías
2025-08-30 15:28:36 [http-nio-8080-exec-3] INFO  c.e.b.c.service.CategoryService - Se recuperaron 5 categorías
2025-08-30 15:28:36 [http-nio-8080-exec-3] INFO  c.e.b.c.c.c.CategoryController - Se recuperaron 5 categorías
2025-08-30 15:28:36 [http-nio-8080-exec-3] INFO  c.e.b.s.logging.RequestLoggingFilter - [GET] /api/categories/getAll -> 200 (8 ms)
2025-08-30 15:28:36 [http-nio-8080-exec-10] INFO  c.e.b.c.c.c.CategoryController - Petición recibida para listar todas las categorías
2025-08-30 15:28:36 [http-nio-8080-exec-10] INFO  c.e.b.c.service.CategoryService - Recuperando todas las categorías...
2025-08-30 15:28:36 [http-nio-8080-exec-10] INFO  c.e.b.c.s.i.GetAllCategories - → [GetAllCategories] Solicitud para obtener todas las categorías ordenadas por nombre
2025-08-30 15:28:36 [http-nio-8080-exec-9] INFO  c.e.b.p.service.ProviderService - ✓ [ProviderService] Recuperados 1 prestadores | página=0 de 1 | totalElements=1
2025-08-30 15:28:36 [http-nio-8080-exec-9] INFO  c.e.b.p.c.c.ProviderController - ✓ [ProviderController] Se recuperaron 1 proveedores en la página 0 de 1 (total elementos=1)
2025-08-30 15:28:36 [http-nio-8080-exec-10] INFO  c.e.b.c.s.i.GetAllCategories - ✓ [GetAllCategories] Se recuperaron 5 categorías
2025-08-30 15:28:36 [http-nio-8080-exec-10] INFO  c.e.b.c.service.CategoryService - Se recuperaron 5 categorías
2025-08-30 15:28:36 [http-nio-8080-exec-9] INFO  c.e.b.s.logging.RequestLoggingFilter - [GET] /api/providers/paged -> 200 (13 ms)
2025-08-30 15:28:36 [http-nio-8080-exec-10] INFO  c.e.b.c.c.c.CategoryController - Se recuperaron 5 categorías
2025-08-30 15:28:36 [http-nio-8080-exec-10] INFO  c.e.b.s.logging.RequestLoggingFilter - [GET] /api/categories/getAll -> 200 (6 ms)
2025-08-30 15:28:36 [http-nio-8080-exec-2] INFO  c.e.b.p.c.c.ProviderController - → [ProviderController] Solicitud para listar proveedores paginados | page=0 | size=5
2025-08-30 15:28:36 [http-nio-8080-exec-2] INFO  c.e.b.p.service.ProviderService - → [ProviderService] Iniciando recuperación de prestadores | página=0 | size=5
2025-08-30 15:28:36 [http-nio-8080-exec-2] INFO  c.e.b.p.service.ProviderService - ✓ [ProviderService] Recuperados 1 prestadores | página=0 de 1 | totalElements=1
2025-08-30 15:28:36 [http-nio-8080-exec-2] INFO  c.e.b.p.c.c.ProviderController - ✓ [ProviderController] Se recuperaron 1 proveedores en la página 0 de 1 (total elementos=1)
2025-08-30 15:28:36 [http-nio-8080-exec-2] INFO  c.e.b.s.logging.RequestLoggingFilter - [GET] /api/providers/paged -> 200 (24 ms)
2025-08-30 15:28:36 [http-nio-8080-exec-4] INFO  c.e.b.p.c.c.ProviderController - → [ProviderController] Solicitud para listar proveedores paginados | page=0 | size=5
2025-08-30 15:28:36 [http-nio-8080-exec-4] INFO  c.e.b.p.service.ProviderService - → [ProviderService] Iniciando recuperación de prestadores | página=0 | size=5
2025-08-30 15:28:36 [http-nio-8080-exec-4] INFO  c.e.b.p.service.ProviderService - ✓ [ProviderService] Recuperados 1 prestadores | página=0 de 1 | totalElements=1
2025-08-30 15:28:36 [http-nio-8080-exec-4] INFO  c.e.b.p.c.c.ProviderController - ✓ [ProviderController] Se recuperaron 1 proveedores en la página 0 de 1 (total elementos=1)
2025-08-30 15:28:36 [http-nio-8080-exec-4] INFO  c.e.b.s.logging.RequestLoggingFilter - [GET] /api/providers/paged -> 200 (16 ms)
2025-08-30 15:28:36 [http-nio-8080-exec-8] INFO  c.e.b.s.logging.RequestLoggingFilter - [GET] /uploads/proveedores/14509d29-1818-4034-8ff2-ac7802cc9ddd.png -> 200 (4 ms)
2025-08-30 15:28:52 [http-nio-8080-exec-7] INFO  c.e.b.u.c.controllers.AuthController - Intento de login para usuario: admin@admin.com
2025-08-30 15:28:52 [http-nio-8080-exec-7] INFO  c.e.b.u.s.implement.LoginService - Intentando autenticar usuario con email: admin@admin.com
2025-08-30 15:28:52 [http-nio-8080-exec-7] INFO  c.e.b.u.s.i.AuthenticationServiceImpl - Último login actualizado para usuario id=1, email=admin@admin.com
2025-08-30 15:28:52 [http-nio-8080-exec-7] INFO  c.e.b.config.security.JwtService - Se generó un nuevo token para el usuario [admin@admin.com], rol: ADMIN
2025-08-30 15:28:52 [http-nio-8080-exec-7] INFO  c.e.b.u.s.i.AuthenticationServiceImpl - JWT generado exitosamente para usuario id=1
2025-08-30 15:28:52 [http-nio-8080-exec-7] INFO  c.e.b.u.s.implement.LoginService - Cookie de autenticación creada y añadida a la respuesta para usuario admin@admin.com
2025-08-30 15:28:52 [http-nio-8080-exec-7] INFO  c.e.b.u.s.implement.GetUserByEmail - Usuario encontrado con email: admin@admin.com
2025-08-30 15:28:52 [http-nio-8080-exec-7] INFO  c.e.b.u.s.implement.LoginService - Usuario admin@admin.com autenticado exitosamente con ID 1
2025-08-30 15:28:52 [http-nio-8080-exec-7] INFO  c.e.b.u.c.controllers.AuthController - Login exitoso para usuario: admin@admin.com
2025-08-30 15:28:52 [http-nio-8080-exec-7] INFO  c.e.b.s.logging.RequestLoggingFilter - [POST] /auth/login -> 200 (80 ms)
2025-08-30 15:28:52 [http-nio-8080-exec-3] INFO  c.e.b.config.security.JwtService - Token válido para el usuario [admin@admin.com]
2025-08-30 15:28:52 [http-nio-8080-exec-3] INFO  c.e.b.a.c.c.DashboardController - Iniciando consulta de métricas para dashboard
2025-08-30 15:28:52 [http-nio-8080-exec-3] INFO  c.e.b.a.c.c.DashboardController - Consulta completada -> Proveedores: 1, Categorías: 5, Usuarios: 13, Promedio: 0.0
2025-08-30 15:28:52 [http-nio-8080-exec-3] INFO  c.e.b.s.logging.RequestLoggingFilter - [GET] /dashboard/metrics -> 200 (14 ms)
2025-08-30 15:28:52 [http-nio-8080-exec-3] INFO  c.e.b.config.security.JwtService - Token válido para el usuario [admin@admin.com]
2025-08-30 15:28:52 [http-nio-8080-exec-3] INFO  c.e.b.a.c.c.DashboardController - Iniciando consulta de métricas para dashboard
2025-08-30 15:28:52 [http-nio-8080-exec-3] INFO  c.e.b.a.c.c.DashboardController - Consulta completada -> Proveedores: 1, Categorías: 5, Usuarios: 13, Promedio: 0.0
2025-08-30 15:28:52 [http-nio-8080-exec-3] INFO  c.e.b.s.logging.RequestLoggingFilter - [GET] /dashboard/metrics -> 200 (14 ms)
2025-08-30 15:28:55 [http-nio-8080-exec-2] INFO  c.e.b.p.c.c.ProviderController - → [ProviderController] Solicitud para listar proveedores paginados | page=0 | size=5
2025-08-30 15:28:55 [http-nio-8080-exec-2] INFO  c.e.b.p.service.ProviderService - → [ProviderService] Iniciando recuperación de prestadores | página=0 | size=5
2025-08-30 15:28:55 [http-nio-8080-exec-2] INFO  c.e.b.p.service.ProviderService - ✓ [ProviderService] Recuperados 1 prestadores | página=0 de 1 | totalElements=1
2025-08-30 15:28:55 [http-nio-8080-exec-2] INFO  c.e.b.p.c.c.ProviderController - ✓ [ProviderController] Se recuperaron 1 proveedores en la página 0 de 1 (total elementos=1)
2025-08-30 15:28:55 [http-nio-8080-exec-2] INFO  c.e.b.s.logging.RequestLoggingFilter - [GET] /api/providers/paged -> 200 (11 ms)
2025-08-30 15:28:55 [http-nio-8080-exec-10] INFO  c.e.b.config.security.JwtService - Token válido para el usuario [admin@admin.com]
2025-08-30 15:28:55 [http-nio-8080-exec-10] INFO  c.e.b.c.c.c.CategoryController - Petición recibida para listar todas las categorías
2025-08-30 15:28:55 [http-nio-8080-exec-10] INFO  c.e.b.c.service.CategoryService - Recuperando todas las categorías...
2025-08-30 15:28:55 [http-nio-8080-exec-10] INFO  c.e.b.c.s.i.GetAllCategories - → [GetAllCategories] Solicitud para obtener todas las categorías ordenadas por nombre
2025-08-30 15:28:55 [http-nio-8080-exec-4] INFO  c.e.b.p.c.c.ProviderController - → [ProviderController] Solicitud para listar proveedores paginados | page=0 | size=5
2025-08-30 15:28:55 [http-nio-8080-exec-4] INFO  c.e.b.p.service.ProviderService - → [ProviderService] Iniciando recuperación de prestadores | página=0 | size=5
2025-08-30 15:28:55 [http-nio-8080-exec-10] INFO  c.e.b.c.s.i.GetAllCategories - ✓ [GetAllCategories] Se recuperaron 5 categorías
2025-08-30 15:28:55 [http-nio-8080-exec-10] INFO  c.e.b.c.service.CategoryService - Se recuperaron 5 categorías
2025-08-30 15:28:55 [http-nio-8080-exec-10] INFO  c.e.b.c.c.c.CategoryController - Se recuperaron 5 categorías
2025-08-30 15:28:55 [http-nio-8080-exec-10] INFO  c.e.b.s.logging.RequestLoggingFilter - [GET] /api/categories/getAll -> 200 (6 ms)
2025-08-30 15:28:55 [http-nio-8080-exec-4] INFO  c.e.b.p.service.ProviderService - ✓ [ProviderService] Recuperados 1 prestadores | página=0 de 1 | totalElements=1
2025-08-30 15:28:55 [http-nio-8080-exec-4] INFO  c.e.b.p.c.c.ProviderController - ✓ [ProviderController] Se recuperaron 1 proveedores en la página 0 de 1 (total elementos=1)
2025-08-30 15:28:55 [http-nio-8080-exec-4] INFO  c.e.b.s.logging.RequestLoggingFilter - [GET] /api/providers/paged -> 200 (11 ms)
2025-08-30 15:28:55 [http-nio-8080-exec-1] INFO  c.e.b.p.c.c.ProviderController - → [ProviderController] Solicitud para listar proveedores paginados | page=0 | size=5
2025-08-30 15:28:55 [http-nio-8080-exec-1] INFO  c.e.b.p.service.ProviderService - → [ProviderService] Iniciando recuperación de prestadores | página=0 | size=5
2025-08-30 15:28:55 [http-nio-8080-exec-8] INFO  c.e.b.config.security.JwtService - Token válido para el usuario [admin@admin.com]
2025-08-30 15:28:55 [http-nio-8080-exec-8] INFO  c.e.b.c.c.c.CategoryController - Petición recibida para listar todas las categorías
2025-08-30 15:28:55 [http-nio-8080-exec-8] INFO  c.e.b.c.service.CategoryService - Recuperando todas las categorías...
2025-08-30 15:28:55 [http-nio-8080-exec-8] INFO  c.e.b.c.s.i.GetAllCategories - → [GetAllCategories] Solicitud para obtener todas las categorías ordenadas por nombre
2025-08-30 15:28:55 [http-nio-8080-exec-6] INFO  c.e.b.config.security.JwtService - Token válido para el usuario [admin@admin.com]
2025-08-30 15:28:55 [http-nio-8080-exec-1] INFO  c.e.b.p.service.ProviderService - ✓ [ProviderService] Recuperados 1 prestadores | página=0 de 1 | totalElements=1
2025-08-30 15:28:55 [http-nio-8080-exec-1] INFO  c.e.b.p.c.c.ProviderController - ✓ [ProviderController] Se recuperaron 1 proveedores en la página 0 de 1 (total elementos=1)
2025-08-30 15:28:55 [http-nio-8080-exec-1] INFO  c.e.b.s.logging.RequestLoggingFilter - [GET] /api/providers/paged -> 200 (12 ms)
2025-08-30 15:28:55 [http-nio-8080-exec-6] INFO  c.e.b.s.logging.RequestLoggingFilter - [GET] /uploads/proveedores/14509d29-1818-4034-8ff2-ac7802cc9ddd.png -> 200 (4 ms)
2025-08-30 15:28:55 [http-nio-8080-exec-8] INFO  c.e.b.c.s.i.GetAllCategories - ✓ [GetAllCategories] Se recuperaron 5 categorías
2025-08-30 15:28:55 [http-nio-8080-exec-8] INFO  c.e.b.c.service.CategoryService - Se recuperaron 5 categorías
2025-08-30 15:28:55 [http-nio-8080-exec-8] INFO  c.e.b.c.c.c.CategoryController - Se recuperaron 5 categorías
2025-08-30 15:28:55 [http-nio-8080-exec-8] INFO  c.e.b.s.logging.RequestLoggingFilter - [GET] /api/categories/getAll -> 200 (8 ms)
2025-08-30 15:29:54 [http-nio-8080-exec-10] INFO  c.e.b.p.c.c.ProviderController - → [ProviderController] Solicitud para listar proveedores paginados | page=0 | size=5
2025-08-30 15:29:54 [http-nio-8080-exec-10] INFO  c.e.b.p.service.ProviderService - → [ProviderService] Iniciando recuperación de prestadores | página=0 | size=5
2025-08-30 15:29:54 [http-nio-8080-exec-10] INFO  c.e.b.p.service.ProviderService - ✓ [ProviderService] Recuperados 1 prestadores | página=0 de 1 | totalElements=1
2025-08-30 15:29:54 [http-nio-8080-exec-10] INFO  c.e.b.p.c.c.ProviderController - ✓ [ProviderController] Se recuperaron 1 proveedores en la página 0 de 1 (total elementos=1)
2025-08-30 15:29:54 [http-nio-8080-exec-2] INFO  c.e.b.config.security.JwtService - Token válido para el usuario [admin@admin.com]
2025-08-30 15:29:54 [http-nio-8080-exec-4] INFO  c.e.b.config.security.JwtService - Token válido para el usuario [admin@admin.com]
2025-08-30 15:29:54 [http-nio-8080-exec-10] INFO  c.e.b.s.logging.RequestLoggingFilter - [GET] /api/providers/paged -> 200 (18 ms)
2025-08-30 15:29:54 [http-nio-8080-exec-2] INFO  c.e.b.c.c.c.CategoryController - Petición recibida para listar todas las categorías
2025-08-30 15:29:54 [http-nio-8080-exec-4] INFO  c.e.b.u.c.controllers.AuthController - Obteniendo sesión actual
2025-08-30 15:29:54 [http-nio-8080-exec-2] INFO  c.e.b.c.service.CategoryService - Recuperando todas las categorías...
2025-08-30 15:29:54 [http-nio-8080-exec-2] INFO  c.e.b.c.s.i.GetAllCategories - → [GetAllCategories] Solicitud para obtener todas las categorías ordenadas por nombre
2025-08-30 15:29:54 [http-nio-8080-exec-1] INFO  c.e.b.p.c.c.ProviderController - → [ProviderController] Solicitud para listar proveedores paginados | page=0 | size=5
2025-08-30 15:29:54 [http-nio-8080-exec-1] INFO  c.e.b.p.service.ProviderService - → [ProviderService] Iniciando recuperación de prestadores | página=0 | size=5
2025-08-30 15:29:54 [http-nio-8080-exec-2] INFO  c.e.b.c.s.i.GetAllCategories - ✓ [GetAllCategories] Se recuperaron 5 categorías
2025-08-30 15:29:54 [http-nio-8080-exec-2] INFO  c.e.b.c.service.CategoryService - Se recuperaron 5 categorías
2025-08-30 15:29:54 [http-nio-8080-exec-2] INFO  c.e.b.c.c.c.CategoryController - Se recuperaron 5 categorías
2025-08-30 15:29:54 [http-nio-8080-exec-2] INFO  c.e.b.s.logging.RequestLoggingFilter - [GET] /api/categories/getAll -> 200 (8 ms)
2025-08-30 15:29:54 [http-nio-8080-exec-4] INFO  c.e.b.u.s.implement.GetUserSession - Sesión válida encontrada. Usuario autenticado: id=1, email=admin@admin.com
2025-08-30 15:29:54 [http-nio-8080-exec-4] INFO  c.e.b.u.c.controllers.AuthController - Sesión obtenida para usuario: admin@admin.com
2025-08-30 15:29:54 [http-nio-8080-exec-4] INFO  c.e.b.s.logging.RequestLoggingFilter - [GET] /auth/me -> 200 (11 ms)
2025-08-30 15:29:54 [http-nio-8080-exec-1] INFO  c.e.b.p.service.ProviderService - ✓ [ProviderService] Recuperados 1 prestadores | página=0 de 1 | totalElements=1
2025-08-30 15:29:54 [http-nio-8080-exec-1] INFO  c.e.b.p.c.c.ProviderController - ✓ [ProviderController] Se recuperaron 1 proveedores en la página 0 de 1 (total elementos=1)
2025-08-30 15:29:54 [http-nio-8080-exec-1] INFO  c.e.b.s.logging.RequestLoggingFilter - [GET] /api/providers/paged -> 200 (14 ms)
2025-08-30 15:29:54 [http-nio-8080-exec-6] INFO  c.e.b.config.security.JwtService - Token válido para el usuario [admin@admin.com]
2025-08-30 15:29:54 [http-nio-8080-exec-6] INFO  c.e.b.c.c.c.CategoryController - Petición recibida para listar todas las categorías
2025-08-30 15:29:54 [http-nio-8080-exec-6] INFO  c.e.b.c.service.CategoryService - Recuperando todas las categorías...
2025-08-30 15:29:54 [http-nio-8080-exec-6] INFO  c.e.b.c.s.i.GetAllCategories - → [GetAllCategories] Solicitud para obtener todas las categorías ordenadas por nombre
2025-08-30 15:29:54 [http-nio-8080-exec-8] INFO  c.e.b.config.security.JwtService - Token válido para el usuario [admin@admin.com]
2025-08-30 15:29:54 [http-nio-8080-exec-8] INFO  c.e.b.u.c.controllers.AuthController - Obteniendo sesión actual
2025-08-30 15:29:54 [http-nio-8080-exec-6] INFO  c.e.b.c.s.i.GetAllCategories - ✓ [GetAllCategories] Se recuperaron 5 categorías
2025-08-30 15:29:54 [http-nio-8080-exec-6] INFO  c.e.b.c.service.CategoryService - Se recuperaron 5 categorías
2025-08-30 15:29:54 [http-nio-8080-exec-6] INFO  c.e.b.c.c.c.CategoryController - Se recuperaron 5 categorías
2025-08-30 15:29:54 [http-nio-8080-exec-6] INFO  c.e.b.s.logging.RequestLoggingFilter - [GET] /api/categories/getAll -> 200 (6 ms)
2025-08-30 15:29:54 [http-nio-8080-exec-8] INFO  c.e.b.u.s.implement.GetUserSession - Sesión válida encontrada. Usuario autenticado: id=1, email=admin@admin.com
2025-08-30 15:29:54 [http-nio-8080-exec-8] INFO  c.e.b.u.c.controllers.AuthController - Sesión obtenida para usuario: admin@admin.com
2025-08-30 15:29:54 [http-nio-8080-exec-8] INFO  c.e.b.s.logging.RequestLoggingFilter - [GET] /auth/me -> 200 (10 ms)
2025-08-30 15:29:54 [http-nio-8080-exec-5] INFO  c.e.b.p.c.c.ProviderController - → [ProviderController] Solicitud para listar proveedores paginados | page=0 | size=5
2025-08-30 15:29:54 [http-nio-8080-exec-5] INFO  c.e.b.p.service.ProviderService - → [ProviderService] Iniciando recuperación de prestadores | página=0 | size=5
2025-08-30 15:29:54 [http-nio-8080-exec-5] INFO  c.e.b.p.service.ProviderService - ✓ [ProviderService] Recuperados 1 prestadores | página=0 de 1 | totalElements=1
2025-08-30 15:29:54 [http-nio-8080-exec-5] INFO  c.e.b.p.c.c.ProviderController - ✓ [ProviderController] Se recuperaron 1 proveedores en la página 0 de 1 (total elementos=1)
2025-08-30 15:29:54 [http-nio-8080-exec-5] INFO  c.e.b.s.logging.RequestLoggingFilter - [GET] /api/providers/paged -> 200 (13 ms)
2025-08-30 15:29:54 [http-nio-8080-exec-7] INFO  c.e.b.config.security.JwtService - Token válido para el usuario [admin@admin.com]
2025-08-30 15:29:54 [http-nio-8080-exec-7] INFO  c.e.b.s.logging.RequestLoggingFilter - [GET] /uploads/proveedores/14509d29-1818-4034-8ff2-ac7802cc9ddd.png -> 200 (2 ms)
2025-08-30 22:17:33 [HikariPool-1:housekeeper] WARN  com.zaxxer.hikari.pool.HikariPool - HikariPool-1 - Thread starvation or clock leap detected (housekeeper delta=6h47m7s91ms370µs200ns).
2025-08-30 22:19:10 [HikariPool-1:housekeeper] WARN  com.zaxxer.hikari.pool.HikariPool - HikariPool-1 - Thread starvation or clock leap detected (housekeeper delta=1m36s555ms84µs900ns).
